full_text,id_str,created_at,username,user_id_str,lang,location,quote_count,reply_count,retweet_count,favorite_count,tweet_url,mentions,mention_count,target,source
Belakangan ini aku ngerasa udh kek lebih yaudhlah sm konser ntar mei itu ya walupun msh nyesek tp udh mulai damai udh mulai ngehype dan dengerin lagu day6 lagi tp tetep aja klo ada pilihan refund atau balik ke JIS bakal lebih baik. @mecimapro u really ruined my first concert,1.90700399470859E+018,2025-04-01 09:35:57+00:00,@minjineee8,892533853,in,,0,0,0,0,https://x.com/minjineee8/status/1907003994708595191,['mecimapro'],1,mecimapro,@minjineee8
Halo mecima @mecimapro jadi gimana konser day6 teh? #JusticeForMyDayIndonesia #MyDayBerserikat #MECIMANOTPRO #MECIMA_REVISESEATMAP #MECIMA_RETURNTOJIS #MECIMA_NOT_PROfessional,1.90721976892049E+018,2025-04-01 23:53:21+00:00,@ssinta18,2538626094,in,,0,0,0,0,https://x.com/ssinta18/status/1907219768920494232,['mecimapro'],1,mecimapro,@ssinta18
cim batal aja cim. baru pertama kali ini ngerasa ngga papaa ngga ketemu day6 soalnya bakal lebih baik buat semuanya. biar myday dapetin haknya lagi day6 istirahat trus kalian masih bisa memperbaiki nama kalian. nurut aja cim udah @mecimapro ,1.90724623397621E+018,2025-04-02 01:38:31+00:00,@Dalnimsswi,2392259078,in,,1,0,1,0,https://x.com/Dalnimsswi/status/1907246233976213735,['mecimapro'],1,mecimapro,@Dalnimsswi
Cim refund ato cancel aja @mecimapro Udah capekk weee Day6 juga capekk #JusticeForMyDayIndonesia #MECIMA_NOT_PROfessional,1.90739321986603E+018,2025-04-02 11:22:35+00:00,@susay_n,7.97794022429315E+017,in,,0,0,0,2,https://x.com/susay_n/status/1907393219866038419,['mecimapro'],1,mecimapro,@susay_n
bikin opsi repricing seharga festivalan dong... @mecimapro msh pengen nonton day6 jujur,1.90743671942486E+018,2025-04-02 14:15:27+00:00,@sommersoultice,1.84642039760198E+018,in,,0,1,0,0,https://x.com/sommersoultice/status/1907436719424868561,['mecimapro'],1,mecimapro,@sommersoultice
Yg kukhwatirkan sekarang adalah apakah refundnya bakal cepet dan no deposit??? @mecimapro awas aja ya kalo lama,1.90744168408827E+018,2025-04-02 14:35:10+00:00,@foxyi_nie,1.33555378190845E+018,in,,0,1,1,4,https://x.com/foxyi_nie/status/1907441684088279355,['mecimapro'],1,mecimapro,@foxyi_nie
kalau kmrn beli 2 tix terus mau direfund salah 1 aja bisa ga ya? @mecimapro krna 2tix itu seingetku kmrn order id nya sama #DAY6_3RD_WORLDTOUR #day6,1.90744241895546E+018,2025-04-02 14:38:05+00:00,@choinoona,1.13880146089895E+018,in,,0,0,1,0,https://x.com/choinoona/status/1907442418955469069,['mecimapro'],1,mecimapro,@choinoona
@dowoonatic @mecimapro KAWAL SAMPE TUNTASS ,1.90744360996591E+018,2025-04-02 14:42:49+00:00,@foxyi_nie,1.33555378190845E+018,in,,0,0,0,1,https://x.com/foxyi_nie/status/1907443609965912412,"['dowoonatic', 'mecimapro']",2,dowoonatic,@foxyi_nie
so hopefully @mecimapro jga mempertimbangkan case2 yang sepertiku ini biar kita yang dirugikan bisa tetap nonton tanpa perlu refund atau upgrade dan nambah lagi biayanya. Please kembalikan spark kami buat nonton konser Day6 sesuai dg yg kami inginkan #JusticeForMyDayIndonesia,1.90744670776555E+018,2025-04-02 14:55:08+00:00,@mydaylistory,1.68104587917489E+018,in,,0,0,0,0,https://x.com/mydaylistory/status/1907446707765559480,['mecimapro'],1,mecimapro,@mydaylistory
standard gw kalo day6 di outdoor tuh minimal gini cim. pertanyaannya lu bisa ga ntar? @mecimapro https://t.co/Y1pomVrUW8,1.90744920469342E+018,2025-04-02 15:05:03+00:00,@songil,62308645,in,,7,4,81,388,https://x.com/songil/status/1907449204693422521,['mecimapro'],1,mecimapro,@songil
mohon izin bapak/ibu @BPKN_RI untuk pemantauan refund dari tiketing day6 dari tgl 14 - 18 april 2025 agar berjalan dengan lancar dan cepat sesuai dengan tnc @mecimapro sertakan.,1.90764579904937E+018,2025-04-03 04:06:15+00:00,@xzlailnmf,1.84142961746035E+018,in,,0,0,0,0,https://x.com/xzlailnmf/status/1907645799049371858,"['BPKN_RI', 'mecimapro']",2,BPKN_RI,@xzlailnmf
mecima minimal itu form nama lengkap jelasin nama lengkap pemilik tiket atau pemilik akun @mecimapro jangan sampe perkara nama itu jadi gak jelas dana refund gua cim,1.90768084076064E+018,2025-04-03 06:25:30+00:00,@kariudonk,9.27040397771026E+017,in,,1,0,0,0,https://x.com/kariudonk/status/1907680840760648112,['mecimapro'],1,mecimapro,@kariudonk
Pliss nanya tiket konser day6 ada penjualan on the spot di hari H tgl 3 mei itu ga sih ? @mecimapro,1.90772938262778E+018,2025-04-03 09:38:23+00:00,@wendaesik,1478979781,in,,0,0,0,0,https://x.com/wendaesik/status/1907729382627787020,['mecimapro'],1,mecimapro,@wendaesik
haha gabisa tidur... first concert day6 gue berakhir sad ending dan gue harus letting go semua ini gara elu @mecimapro,1.90786309367543E+018,2025-04-03 18:29:42+00:00,@happy_withbbrie,1.59251212507058E+018,in,,0,0,0,0,https://x.com/happy_withbbrie/status/1907863093675438555,['mecimapro'],1,mecimapro,@happy_withbbrie
Memutuskan untuk refund DAY6 and already filled the refund form... Jangan lama lamain refundnya gue udah males berurusan sama kalian SUMPAAAAH @mecimapro,1.90800447573604E+018,2025-04-04 03:51:30+00:00,@sweetchaotics,1.18808796122664E+018,in,,0,0,0,0,https://x.com/sweetchaotics/status/1908004475736043587,['mecimapro'],1,mecimapro,@sweetchaotics
@wonpiri__ @mecimapro @wonpiri__ Hei @mecimapro apa sih ini? Ubah venue konser DAY6 dari JIS ke GBK Madya kapasitas turun drastis fans kecewa janji stadium concert nggak ditepati refund nggak ada bikin ribut aja! Kasih solusi dong jangan cuma diam. Fans udah susah payah nabung buat nonton eh,1.90802494734086E+018,2025-04-04 05:12:51+00:00,@grok,1.72066518318892E+018,in,,0,1,0,0,https://x.com/grok/status/1908024947340869933,"['wonpiri__', 'mecimapro', 'wonpiri__', 'mecimapro']",4,wonpiri__,@grok
@istiqqq_ @MalManMalMan @mecimapro MENYALA SISTAAA lu jual gw beli lagian oon juga akun itu kan refund itu kewajiban dan bukti tanggung jawab dari mcm karena venue berubah mau alasan apapun apalagi alesan agak aneh dan seatplan beda jauh macem day6 ,1.90835609282191E+018,2025-04-05 03:08:42+00:00,@tiramoree,129461990,in,,0,0,1,5,https://x.com/tiramoree/status/1908356092821913663,"['istiqqq_', 'MalManMalMan', 'mecimapro']",3,istiqqq_,@tiramoree
Bener2 baru jadi fans Day6 semenjak SHI SHI belom ada 1 tahun udah kepengen unstan gara2 konser ini. Soalnya pas denger lagu mereka aja rasanya udah gak bisa kecewanya pake banget sama promotor ini. I really wish someday you know exactly and feel what i feel @mecimapro,1.90841033190035E+018,2025-04-05 06:44:14+00:00,@vuuxynz,844584908,in,,0,1,0,0,https://x.com/vuuxynz/status/1908410331900358854,['mecimapro'],1,mecimapro,@vuuxynz
gais kalian ada yg ttp nntn day6? gw telat mau refund mana green east yaallah mau upgrade juga uda telattt #DAY6_3RD_WORLDTOUR_Jakarta #day6foreveryoung #mecima @mecimapro,1.90849406026608E+018,2025-04-05 12:16:56+00:00,@jwiisungp,1.11914190442207E+018,in,,0,0,0,1,https://x.com/jwiisungp/status/1908494060266082652,['mecimapro'],1,mecimapro,@jwiisungp
@Aethonens @mecimapro Setujuu sih padahal msh pngen banget liat day6 tapi males banget ma promotornya semoga bisa ketemu day6 waktu gk di bawa si koneng lain waktu,1.90882373962797E+018,2025-04-06 10:06:58+00:00,@Sannyazz,1.55257130034165E+018,in,,0,1,0,1,https://x.com/Sannyazz/status/1908823739627978874,"['Aethonens', 'mecimapro']",2,Aethonens,@Sannyazz
@Kireinaraaa next kita nonton day6 bareng yuk kak asalkan nggak dibawa @mecimapro,1.90883102315003E+018,2025-04-06 10:35:54+00:00,@598km,71656491,in,,0,1,0,0,https://x.com/598km/status/1908831023150031195,"['Kireinaraaa', 'mecimapro']",2,Kireinaraaa,@598km
@kyeompeul Halo! Day6 itu band rock Korea MyDay fandomnya. Mecima (Mecimapro) ngurus konser Day6 kayak tur Jakarta 2025 dan jual merch. Malmanmalman kayaknya akun X yang bikin kontroversi mungkin kritik MyDay atau Mecima soal event. Hubungannya ga jelas banget tapi sepertinya,1.90893470201196E+018,2025-04-06 17:27:53+00:00,@grok,1.72066518318892E+018,in,,0,1,0,0,https://x.com/grok/status/1908934702011969566,['kyeompeul'],1,kyeompeul,@grok
@hallyucinations Mecima kemungkinan Mecimapro bikin fans kesel karena sering ganti venue dadakan kayak konser DAY6 dari JIS ke Stadion Madya sistem tiket berantakan kurang transparan sama lambat tanggap keluhan. Dulu pas SEVENTEEN 2022 juga bermasalah tiket susah ada tuduhan penimbunan.,1.90936970939018E+018,2025-04-07 22:16:27+00:00,@grok,1.72066518318892E+018,in,,0,1,0,0,https://x.com/grok/status/1909369709390188920,['hallyucinations'],1,hallyucinations,@grok
Aku masih belum sanggup buat dengar lagu Day6. Fak @mecimapro.,1.9094159107563E+018,2025-04-08 01:20:03+00:00,@youngpilia,1.24023049235755E+018,in,,0,0,0,0,https://x.com/youngpilia/status/1909415910756302937,['mecimapro'],1,mecimapro,@youngpilia
cim lu untung besar gaksi ngambilin transaction fee tiket day6 @mecimapro,1.90986193088356E+018,2025-04-09 06:52:22+00:00,@thrrrrr_,81786338,in,,0,0,0,0,https://x.com/thrrrrr_/status/1909861930883563845,['mecimapro'],1,mecimapro,@thrrrrr_
email konfirmasinya better dah ada di inbox email gw seselesainya gw belajar uts ini @mecimapro ,1.90994501097741E+018,2025-04-09 12:22:30+00:00,@pisangkejupalem,1.55407613929943E+018,in,,0,1,0,0,https://x.com/pisangkejupalem/status/1909945010977415253,['mecimapro'],1,mecimapro,@pisangkejupalem
baru ngeh gua hr ini gua baru dengerin lagu day6 lagi setelah sekian lama... ini semua gara gara si dzolim @mecimapro ,1.90995454624552E+018,2025-04-09 13:00:23+00:00,@dari_youngk,1.2495471330043E+018,in,,0,0,0,0,https://x.com/dari_youngk/status/1909954546245521727,['mecimapro'],1,mecimapro,@dari_youngk
mecimanjrit terakhiran bgt harapan gue ke lu tuh ada di refund day6 sm konser xdiz. kalo tahun depan.. kayanya better lu enyah aja dah rehat dulu dari duit perpromotoran. @mecimapro,1.90997022063642E+018,2025-04-09 14:02:40+00:00,@tetehgaonbogor,1.01592475602811E+018,in,,1,0,0,0,https://x.com/tetehgaonbogor/status/1909970220636426468,['mecimapro'],1,mecimapro,@tetehgaonbogor
@kyeranhan @mecimapro Hai sobat tiket Mohon maaf atas ketidaknyamanannya Terkait informasi seputar refund DAY6 3RD WORLD TOUR &lt;FOREVER YOUNG&gt; in JAKARTA 2025 mohon kesediaannya menungu konfirmasi dari kami melalui email dan mohon cek secara berkala ya email kamu. Terima kasih ,1.90997814813904E+018,2025-04-09 14:34:10+00:00,@tiket,276788200,in,,0,0,1,0,https://x.com/tiket/status/1909978148139049335,"['kyeranhan', 'mecimapro']",2,kyeranhan,@tiket
Kalo ada kendala refund di gw sampe konser day6 gw datengin ke venue mau ketemu langsung sama aunty @mecimapro balikin 5jt++ gw dan temen gw,1.91003420638382E+018,2025-04-09 18:16:56+00:00,@kyeranhan,1.38748796680991E+018,in,,0,0,0,0,https://x.com/kyeranhan/status/1910034206383825373,['mecimapro'],1,mecimapro,@kyeranhan
Hai My Day cintanya Sungjin pujaannya YoungK pemilik hatinya Wonpil sayangnya Dowoon... Hari ini adalah hari terakhir untuk verifikasi data dari formulir Refund MECIMAPRO! Kalau kamu sudah mengisi formulir refund resmi dari MECIMAPRO jangan lupa lengkapi juga data kamu di,1.91012287053522E+018,2025-04-10 00:09:15+00:00,@mydayberserikat,1.70958071343421E+018,in,,8,10,347,458,https://x.com/mydayberserikat/status/1910122870535229567,[],0,,@mydayberserikat
@mecimapro saya dan beberapa rekan yg beli tix day6 via mcp (mecimashop) sampai sekarang belum dapat balasan email konfirmasi refund sedangkan batas nya nanti jam 1 siang. Mohon segera tindak lanjutnya terkait hak kami please kami juga sudah mengirim email tp belum direspon :'),1.91014070804193E+018,2025-04-10 01:20:08+00:00,@hongkyeomi,1.25010566664506E+018,in,,0,0,3,0,https://x.com/hongkyeomi/status/1910140708041937267,['mecimapro'],1,mecimapro,@hongkyeomi
Dear @mecimapro @tiket Dikarenakan banyaknya informasi yang simpang siur mohon kejelasan atas refund Day6 Forever Young 3 Mei 2025 dengan menjawab beberapa pertanyaan sebagai berikut : #KawalRefundMecima #MECIMA_NOT_PROfessional,1.91016483333888E+018,2025-04-10 02:56:00+00:00,@zeetaoxe,7.25803547703418E+017,in,,0,1,3,7,https://x.com/zeetaoxe/status/1910164833338884306,"['mecimapro', 'tiket']",2,mecimapro,@zeetaoxe
@yijinaaaa @kangbramind @Ryu_Sarah371 @mecimapro Hai sobat tiket Mohon maaf atas ketidaknyamanannya Terkait informasi seputar refund DAY6 3RD WORLD TOUR &lt;FOREVER YOUNG&gt; in JAKARTA 2025 mohon kesediaannya menungu konfirmasi dari kami melalui email dan mohon cek secara berkala ya email pemesan. Terima kasih ,1.91021163309742E+018,2025-04-10 06:01:58+00:00,@tiket,276788200,in,,0,1,0,0,https://x.com/tiket/status/1910211633097420835,"['yijinaaaa', 'kangbramind', 'Ryu_Sarah371', 'mecimapro']",4,yijinaaaa,@tiket
@kangbramind @yijinaaaa @Ryu_Sarah371 @mecimapro Mohon maaf atas ketidaknyamanannya terkait informasi seputar refund DAY6 3RD WORLD TOUR &lt;FOREVER YOUNG&gt; in JAKARTA 2025 mohon kesediaannya menungu konfirmasi dari kami melalui email dan mohon cek secara berkala ya email pemesan. Terima kasih ,1.91021227078682E+018,2025-04-10 06:04:30+00:00,@tiket,276788200,in,,0,0,0,0,https://x.com/tiket/status/1910212270786826420,"['kangbramind', 'yijinaaaa', 'Ryu_Sarah371', 'mecimapro']",4,kangbramind,@tiket
stress kali aku mikirin refund tiket day6 via tikom yg gaada kabar sampe kenceng lehernya pdhl lg istirahat kantor arghhh semua krn u bjir tolong sadar diri kalian gamau memperbaiki sistem kerja kalian kah atau gmn?? apa berasanya bnr terus?? @mecimapro @mecimapro,1.91021310253434E+018,2025-04-10 06:07:48+00:00,@beefwallington,2537420779,in,,0,0,0,0,https://x.com/beefwallington/status/1910213102534345088,"['mecimapro', 'mecimapro']",2,mecimapro,@beefwallington
Kalau boleh cerita nih yaa cim @mecimapro begitu tau DAY6 mau konser di JIS tuh rasanya senengggg bangetttt beneran yang se-seneng itu karna akhirnya DAY6 konser stadium dan wow dari BCIS mereka langsung ke JIS. Pokoknya aku harus liat mereka di JIS ,1.91023641378391E+018,2025-04-10 07:40:26+00:00,@ifmataetara,1.4062777226917E+018,in,,1,1,0,0,https://x.com/ifmataetara/status/1910236413783916556,['mecimapro'],1,mecimapro,@ifmataetara
Sementara itu DAY6 3RD WORLD TOUR &lt;FOREVER YOUNG&gt; in JAKARTA akan digelar 3 Mei 2025 mendatang. _____ Sc. @Mecimapro Kvibes - jje #kvibes_day6 #kvjje #kvibesnews,1.91028610532241E+018,2025-04-10 10:57:53+00:00,@officialkvibes,430845087,in,,0,0,0,0,https://x.com/officialkvibes/status/1910286105322418641,['Mecimapro'],1,Mecimapro,@officialkvibes
akhirnya kelar juga drama melelahkan mecimapro ini. See you DAY6 on next world tour doain aku bisa nonton kalian di luar negeri aja (AAMIINN) terimakasih @mydayberserikat dan semua teman2 My Day AAAAAAA kalian semua hebat mau pelukin satu satu ,1.91029856027034E+018,2025-04-10 11:47:23+00:00,@avocaddablue,1.15187669410755E+018,in,,0,0,0,0,https://x.com/avocaddablue/status/1910298560270344471,['mydayberserikat'],1,mydayberserikat,@avocaddablue
@stilldoun @mecimapro jir jd takut mecima ngaret ,1.91030309245915E+018,2025-04-10 12:05:23+00:00,@zkainrl,1.3391229952315E+018,in,,0,1,0,0,https://x.com/zkainrl/status/1910303092459155722,"['stilldoun', 'mecimapro']",2,stilldoun,@zkainrl
@stilldoun kenapa bisa bedal bgt sama mecima yallah dzolimmm eluu @mecimapro,1.91031282169247E+018,2025-04-10 12:44:03+00:00,@zkainrl,1.3391229952315E+018,in,,0,1,0,0,https://x.com/zkainrl/status/1910312821692477692,"['stilldoun', 'mecimapro']",2,stilldoun,@zkainrl
@shxxrene @mecimapro Butuh uang kak buat dana konser day6 besok,1.91031907945986E+018,2025-04-10 13:08:55+00:00,@nonunanaa,1.19657946958823E+018,in,,0,0,0,1,https://x.com/nonunanaa/status/1910319079459868910,"['shxxrene', 'mecimapro']",2,shxxrene,@nonunanaa
@Hujandisenja 3 nih orgnya @mecimapro,1.91032567151324E+018,2025-04-10 13:35:06+00:00,@zkainrl,1.3391229952315E+018,in,,0,0,0,0,https://x.com/zkainrl/status/1910325671513248046,"['Hujandisenja', 'mecimapro']",2,Hujandisenja,@zkainrl
Sedih banget liat Myday mecima lu bener2 jahat! Worst promotour ever! Pliiss @weareoneEXO @INB100_official @companysoosoo_ jangan pernah kalian pake @mecimapro kalo tour ke Indonesia. Aku suka Day6 bahkan kemarin ada plan mau nonton tp krn ada lain hal akhrnya aku ga jd,1.91035931475961E+018,2025-04-10 15:48:48+00:00,@loeyver61,1.53010387009284E+018,in,,0,0,0,2,https://x.com/loeyver61/status/1910359314759614603,"['weareoneEXO', 'INB100_official', 'companysoosoo_', 'mecimapro']",4,weareoneEXO,@loeyver61
Dear My Day Kami membuka form pelaporan dugaan penyalahgunaan data pribadi oleh MECIMAPRO. https://t.co/7KtxgycwfT Jika kamu pernah dihubungi secara pribadi diintimidasi atau datamu disalahgunakan silakan isi form ini. Data yang kamu berikan akan disimpan dan dijaga,1.91056890220112E+018,2025-04-11 05:41:37+00:00,@mydayberserikat,1.70958071343421E+018,in,,585,0,1650,1526,https://x.com/mydayberserikat/status/1910568902201122908,[],0,,@mydayberserikat
@Rachapollo_AZ @syifaainiyy @mecimapro mjb kak dr gform mecim gak dikasih salinannya,1.91058304694603E+018,2025-04-11 06:37:49+00:00,@zkainrl,1.3391229952315E+018,in,,0,0,0,0,https://x.com/zkainrl/status/1910583046946038235,"['Rachapollo_AZ', 'syifaainiyy', 'mecimapro']",3,Rachapollo_AZ,@zkainrl
cie salah satu antek2 onty melani @mecimapro nonton ENCORE DAY6 di sokor langsung cieeee emg mau nonton di madya? KAGA MAU LAHHH,1.91067229751572E+018,2025-04-11 12:32:28+00:00,@xzlailnmf,1.84142961746035E+018,in,,0,1,0,0,https://x.com/xzlailnmf/status/1910672297515720859,['mecimapro'],1,mecimapro,@xzlailnmf
@satanggateun @mecimapro Iyaaa baru dikirimin temenku kakk wkwkwk tpi day6 belum adaa atau emang h- berapa gitu yahh?,1.91071666433072E+018,2025-04-11 15:28:46+00:00,@caseywonie,1.3584381801821E+018,in,,0,1,0,0,https://x.com/caseywonie/status/1910716664330727631,"['satanggateun', 'mecimapro']",2,satanggateun,@caseywonie
Dear My Day Bagi My Day yang hingga saat ini belum menerima email konfirmasi refund dari MECIMAPRO dipersilakan untuk mengisi formulir Kawal Refund yang dibuat oleh My Day Berserikat. : https://t.co/ZSDeNoFBIJ Kami mengimbau untuk menyimpan bukti pengisian formulir,1.91087255340256E+018,2025-04-12 01:48:13+00:00,@mydayberserikat,1.70958071343421E+018,in,,10,2,316,319,https://x.com/mydayberserikat/status/1910872553402560876,[],0,,@mydayberserikat
@caseywonie @mecimapro Ada kok Kes Day6 juga tapi ya antri bikin males,1.9109184755159E+018,2025-04-12 04:50:42+00:00,@wellnotedby,7.2156286011179E+017,in,,0,1,0,0,https://x.com/wellnotedby/status/1910918475515908472,"['caseywonie', 'mecimapro']",2,caseywonie,@wellnotedby
@caseywonie @mecimapro kmrn pdhl pas enha photoism tau ces wkwkwk eh pas day6 balik ke photobooth biasa trs kalo svt malah gaada ,1.91092039892301E+018,2025-04-12 04:58:20+00:00,@sunmoonphile,1.41780220848197E+018,in,,0,1,0,0,https://x.com/sunmoonphile/status/1910920398923010360,"['caseywonie', 'mecimapro']",2,caseywonie,@sunmoonphile
@caseywonie @mecimapro Kemaren di DAY6 di jkt ada ginian tapi antrinya ampe 1 jam lebih. Hasil fotonya jelek gabisa kirim ke email Mecim kan gamau rugi jadi ngasihnya yang murah,1.91092170656418E+018,2025-04-12 05:03:32+00:00,@D2gh_arief,196087320,in,,0,1,0,0,https://x.com/D2gh_arief/status/1910921706564186511,"['caseywonie', 'mecimapro']",2,caseywonie,@D2gh_arief
@ecommurz @ngeluhmuluuu @katharinablu0 @intinyadeh Hy kk etmint bntu jw🆙️ yuh @ innyadh: - Ada fans grup kpop day6 (myday) yang tbtb dapet chat gajelas berturut2 dari akun gajelas @katharinablu0 karna aktif menyuarakan dan minta opsi full refund dari promotor konser @/mecimapro. Usn yg dipake = email pribadi yg,1.91093202353722E+018,2025-04-12 05:44:32+00:00,@ularbokembase,1.87881944489575E+018,in,,0,0,0,1,https://x.com/ularbokembase/status/1910932023537221697,"['ecommurz', 'ngeluhmuluuu', 'katharinablu0', 'intinyadeh', 'katharinablu0']",5,ecommurz,@ularbokembase
@mecimapro gimana pandangan lu melihat cuaca jkt sore ke malem akhir2 ini yg hampir selalu hujan bahkan deres?? udah kepikiran kah cara melindungi day6 dan myday dari hujan??,1.91104629745034E+018,2025-04-12 13:18:37+00:00,@sungdounly,1.77543349755519E+018,in,,0,0,0,0,https://x.com/sungdounly/status/1911046297450340432,['mecimapro'],1,mecimapro,@sungdounly
Kenapa potongannya banyak bangett @mecimapro Aku ga ikhlas weee kau ambil duit customer dengan pelayananmu yg kaya tai ituu @day6official liat kelakuan partner bisnismu #KawalRefundMecima #MECIMA_NOT_PROfessional https://t.co/5B7PxHz08J,1.91106367920403E+018,2025-04-12 14:27:41+00:00,@susay_n,7.97794022429315E+017,in,,96,26,407,968,https://x.com/susay_n/status/1911063679204032950,"['mecimapro', 'day6official']",2,mecimapro,@susay_n
bahkan sound bandnya taeyeon lebih bagus 1000x daripada day6 yang fokus utamanya di band semua ini salah si koneng problematik yg soundnya horek banget najis @mecimapro,1.91111073328446E+018,2025-04-12 17:34:40+00:00,@cupapimanyinyo,1243086366,in,,0,0,0,0,https://x.com/cupapimanyinyo/status/1911110733284463089,['mecimapro'],1,mecimapro,@cupapimanyinyo
@susay_n @mecimapro @day6official aku pink sc pake mcp 2 tix transfer 7.107.000 dibalikin cmn 6.8jt rugi 307rb beli mcp cmn buat nonton day6 krn kita ga mulfan tp akhirnya rugi jg krn beli mcp sedih kalo dihitung2 angkanya ,1.91113066666388E+018,2025-04-12 18:53:52+00:00,@hallyucinations,1.85391967173052E+018,in,,0,1,0,39,https://x.com/hallyucinations/status/1911130666663887013,"['susay_n', 'mecimapro', 'day6official']",3,susay_n,@hallyucinations
Dibanding couvee kayanya tempat yg agak traumatis adalah kopken karna dapet info pindah venue konser day6 pas lagi di kopken Dan itu stressful bgt sampe skrg karna duitku blm balik udah gila lu ya obrak abrik mental orang @mecimapro,1.91123774009368E+018,2025-04-13 01:59:20+00:00,@humblebeeeee_,270747180,in,,0,0,0,0,https://x.com/humblebeeeee_/status/1911237740093681913,['mecimapro'],1,mecimapro,@humblebeeeee_
@mecimapro Ak ada kendala saat upgrade tiket day6. Jadi waktu cek email &amp; spam gada email dr mecima samsek tp saat tgl 11 april jam 5 sore kmrn aku cek spam tiba2 muncul email mecima dan tgl terkirimnya udh dari tgl 8 april jam 3 sore which means tenggat pembayaran sudah lewat,1.9112530881425E+018,2025-04-13 03:00:20+00:00,@Sungjintamvan,1.08945667185475E+018,in,,0,2,0,0,https://x.com/Sungjintamvan/status/1911253088142500121,['mecimapro'],1,mecimapro,@Sungjintamvan
@faniityy @Nuryanti961128 @mecimapro gak papa kak aman ko (dengan nada bernadya) semoga day6 bisa ngadain konseran di indo lagi,1.91174735606603E+018,2025-04-14 11:44:22+00:00,@seblakabus,1.52941396795247E+018,in,,0,0,0,0,https://x.com/seblakabus/status/1911747356066038095,"['faniityy', 'Nuryanti961128', 'mecimapro']",3,faniityy,@seblakabus
@VaiEnglish @kimwinpol @mecimapro Konser DAY6 di Jakarta tanggal 3 Mei 2025 pindah venue dari Jakarta International Stadium ke Stadion Madya karena ada pertandingan bola. Banyak penggemar kecewa dan minta refund. Awalnya Mecimapro nolak tapi akhirnya buka refund dari 3-5 April 2025 diproses mulai 14-18 April,1.91175565840129E+018,2025-04-14 12:17:22+00:00,@grok,1.72066518318892E+018,in,,0,0,0,1,https://x.com/grok/status/1911755658401292497,"['VaiEnglish', 'kimwinpol', 'mecimapro']",3,VaiEnglish,@grok
sayang day6 bgt tapi kali ini beneran ga mood nonton sampe sedihnya cuma sedikit gara2 elo @mecimapro,1.91185851335119E+018,2025-04-14 19:06:04+00:00,@BandaidExpress,1.3910706982154E+018,in,,0,1,0,0,https://x.com/BandaidExpress/status/1911858513351192937,['mecimapro'],1,mecimapro,@BandaidExpress
Rangkuman Kelakuan Mecima ke My Day Jangan heran tiap liat #MECIMA_NOT_PROfessional muncul di trending karena dari awal @mecimapro memang sangat tidak professional untuk #DAY6_FOREVER_YOUNG_JAKARTA_2025. 1. Ticketing mendadak. Tanggal 26 Des 2024 announce konser lalu ticketing,1.91201296670013E+018,2025-04-15 05:19:49+00:00,@pudingcklt__,1.22310999533347E+018,in,,103,18,1583,1940,https://x.com/pudingcklt__/status/1912012966700130626,['mecimapro'],1,mecimapro,@pudingcklt__
gue lihat-lihat gencar banget promosi konser day6 sksk balikin duitnya myday yg beli di mcmshop dulu atuh @mecimapro #KawalRefundMecima #MECIMA_NOT_PROfessional,1.91206472861009E+018,2025-04-15 08:45:30+00:00,@coconanattt,1.83018436557978E+018,in,,0,0,0,0,https://x.com/coconanattt/status/1912064728610095200,['mecimapro'],1,mecimapro,@coconanattt
#KawalRefundMecima: Belum Ada Dana Masuk Day 2 Hari ini 15 April 2025 merupakan hari kedua periode pengembalian dana (refund) tiket konser DAY6 FOREVER YOUNG IN JAKARTA 2025 oleh MECIMAPRO sesuai jadwal yang telah diumumkan secara resmi oleh pihak penyelenggara. Berdasarkan,1.91208918870049E+018,2025-04-15 10:22:42+00:00,@mydayberserikat,1.70958071343421E+018,in,,363,1,1008,834,https://x.com/mydayberserikat/status/1912089188700496275,[],0,,@mydayberserikat
jadi refund day6 apa kabar nih bestie??? yg membership mecima kapan direfund yah? ️️️ @mecimapro,1.91209776998221E+018,2025-04-15 10:56:48+00:00,@wonuppyo,1.16598726904541E+018,in,,0,1,0,0,https://x.com/wonuppyo/status/1912097769982218581,['mecimapro'],1,mecimapro,@wonuppyo
Siap seru-seruan bareng DAY6 bulan depan?#DAY6_FOREVER_YOUNG_JAKARTA_2025 _____ sc. @mecimapro Kvibes - jje #kvibes_day6 #kvjje #kvibesnews,1.91210301829775E+018,2025-04-15 11:17:39+00:00,@officialkvibes,430845087,in,,0,0,0,1,https://x.com/officialkvibes/status/1912103018297754109,['mecimapro'],1,mecimapro,@officialkvibes
Ditunggu itikad baiknya untuk mengembalikan dana customer konser DAY6! dari tanggal 14-18 April tapi per hari ini belum ada dana yg masuk gimana? Parsial aja ga ada? Kirim pakai merpati kah? @mecimapro #MECIMA_NOT_PROfessional #MECIMASCAMMER !!,1.91215531251931E+018,2025-04-15 14:45:27+00:00,@seesawthemoon,1.67335824745209E+018,in,,0,0,0,0,https://x.com/seesawthemoon/status/1912155312519311435,['mecimapro'],1,mecimapro,@seesawthemoon
Mana dimana kemana refundnya~ Ternyata refundnya masih ditahan mecima~ @mecimapro (bernyanyi dengan nada riang) #JYP_CHOOSE_BETTER_PROMOTER #INAMyDay_Demands_Better_Promoter,1.9123576816016E+018,2025-04-16 04:09:35+00:00,@miiyuss,1.22631925597031E+018,in,,0,0,15,12,https://x.com/miiyuss/status/1912357681601605905,['mecimapro'],1,mecimapro,@miiyuss
Ayo kakak @mecimapro untuk tiket mcp member &amp; mecimashop : 14 April 2025 : (belum ada yang menerima refund) 15 April 2025 : (belum ada yang menerima refund) 16 April 2025 : ⏳ 17 April 2025 : 18 April 2025 : #KawalRefundMecima #MyDayTagihMecima #MecimaRefundSekarang https://t.co/93zHKXDpqd,1.91238048979055E+018,2025-04-16 05:40:13+00:00,@naayaana_a,61451037,in,,10,7,366,487,https://x.com/naayaana_a/status/1912380489790550133,['mecimapro'],1,mecimapro,@naayaana_a
jangan lupa refund day6 @mecimapro,1.9124028305663E+018,2025-04-16 07:09:00+00:00,@riyanantsya,1.01463926287088E+018,in,,0,1,0,0,https://x.com/riyanantsya/status/1912402830566305879,['mecimapro'],1,mecimapro,@riyanantsya
demi Allah ga munak aku masih pengen nonton day6 walopun ga punya tiket (karna udah refund) jadi mungkin beli wts or ots nanti cepet refund itu yang mecimashop wooii lama bener @mecimapro,1.91244790936439E+018,2025-04-16 10:08:07+00:00,@pipon2020,1.3026112876087E+018,in,,0,0,0,0,https://x.com/pipon2020/status/1912447909364396391,['mecimapro'],1,mecimapro,@pipon2020
@wonpilfancc @mecimapro Ini sih bisa buat ngundang day6 nya langsung gak perlu pake promotor ,1.91245168196894E+018,2025-04-16 10:23:07+00:00,@babangCY,556565908,in,,0,0,0,0,https://x.com/babangCY/status/1912451681968947204,"['wonpilfancc', 'mecimapro']",2,wonpilfancc,@babangCY
@gloryyyaaaa Halo! Refund konser DAY6 oleh MECIMAPRO masih diproses sesuai jadwal 14-18 April 2025. Hingga 16 April belum ada laporan dana masuk mungkin karena volume permintaan tinggi atau kendala administrasi. Proses ini diawasi BPKN dan refund diharapkan selesai 18 April. Sabun ya ,1.91251409133759E+018,2025-04-16 14:31:06+00:00,@grok,1.72066518318892E+018,in,,0,0,0,0,https://x.com/grok/status/1912514091337592919,['gloryyyaaaa'],1,gloryyyaaaa,@grok
@mecimapro nanti pas day6 konser yang gray/green boleh bawa tiker gak??? biar sekalian piknik,1.91264477876576E+018,2025-04-16 23:10:25+00:00,@inyoblingbling,1.73676362987651E+018,in,,0,1,0,0,https://x.com/inyoblingbling/status/1912644778765767118,['mecimapro'],1,mecimapro,@inyoblingbling
@cherriematcha_ Ya gapapa sih. Aku ikhlas Day6 nggak datang ke indo lagi daripada dibawa sama @mecimapro tolol. Toh hemat uang juga nggak ikhlas aku kasih makan kru mecima. ,1.91267537075248E+018,2025-04-17 01:11:58+00:00,@youngpilia,1.24023049235755E+018,in,,0,0,0,5,https://x.com/youngpilia/status/1912675370752487682,"['cherriematcha_', 'mecimapro']",2,cherriematcha_,@youngpilia
@mecimapro sadar gak sih telat refund kaya gini bukan cuman ngerugiin yang pengen refund tapi yang tetep lanjut juga? Ini udah H-16 dan sekarang aku bingung antara seneng akhirnya ngonser DAY6 untuk pertama kalinya tp aku juga ikutan worry sama proses refund yang belum jalan.,1.91269356711145E+018,2025-04-17 02:24:17+00:00,@pudingcklt__,1.22310999533347E+018,in,,2,0,12,23,https://x.com/pudingcklt__/status/1912693567111459048,['mecimapro'],1,mecimapro,@pudingcklt__
Kalau besok blm ke refund dan gua udah males banget nonton konser Day6 FY itu. Hangus2 dah itu uang. Berarti kita bisa nuntut Lo dong dengan segala kerugian itu? Siap2 deh lo @mecimapro di pengadilan,1.9126967547993E+018,2025-04-17 02:36:57+00:00,@habitwelve,1.3137265391801E+018,in,,0,1,0,0,https://x.com/habitwelve/status/1912696754799300915,['mecimapro'],1,mecimapro,@habitwelve
INFO PENTING ‼️‼️ 1. Refund @mecimapro baru dimulai tanggal 17 April ada kemungkinan delay sampe senin - selasa 21-22 april. karena besok tanggal merah 2. Yang baru dapet refund itu kebanyakan pengguna mcp yang general sales banyak yang belum. next..,1.91277996121305E+018,2025-04-17 08:07:35+00:00,@asaenamif,1.49802834996874E+018,in,,24,3,260,519,https://x.com/asaenamif/status/1912779961213059360,['mecimapro'],1,mecimapro,@asaenamif
Hei.. My Day ada yang pengembalian dananya (refund) sudah mendarat manis di rekening hari ini? Per tanggal 17 April 2025 beberapa My Day sudah mulai terima refund dari MECIMAPRO! Buat kamu yang sudah terima refund dan sebelumnya sudah isi form Kawal Refund Mecima jangan lupa,1.91279163935945E+018,2025-04-17 08:53:59+00:00,@mydayberserikat,1.70958071343421E+018,in,,29,0,338,374,https://x.com/mydayberserikat/status/1912791639359451383,[],0,,@mydayberserikat
Good thing w ga jadi beli tiket day6. Awalnya excited pas mereka mau ke sini pas liat promotornya siapa langsung mengurungkan niat jajan wkwkwk. I dodge a bullet for sure. Track record lo jelek @mecimapro,1.91282688141553E+018,2025-04-17 11:14:01+00:00,@keyboems,7.4737609286071E+017,in,,0,0,0,0,https://x.com/keyboems/status/1912826881415537088,['mecimapro'],1,mecimapro,@keyboems
Besok terakhir refund sesuai pernyataan lo yg berikan pake alesan lain teller libur dan tanggal merah awas aje Kita gebuk di tempat. @mecimapro,1.91287306039657E+018,2025-04-17 14:17:31+00:00,@LiterallyHy,1.49904162083814E+018,in,,0,0,1,9,https://x.com/LiterallyHy/status/1912873060396573003,['mecimapro'],1,mecimapro,@LiterallyHy
Hari ini 18 April 2025 gw belum terima refund dari kalian @mecimapro pdhl jelas tertulis kalo 18 april itu batas akhir. Gw ga terima alasan bank tutup/hari libur atau apalah itu krna lu sendiri yg kasih tenggat waktu. Utk kesekian kalinya kalian menyalahi statement kalian https://t.co/H4kguXWGXj,1.91316537296416E+018,2025-04-18 09:39:04+00:00,@auliarossari,2611783286,in,,50,6,540,953,https://x.com/auliarossari/status/1913165372964167703,['mecimapro'],1,mecimapro,@auliarossari
semangat temen temen myday yg nunggu refund dari si @mecimapro (tdk pro) yg belum kunjung selesai itu till we meet again day6,1.91322246999507E+018,2025-04-18 13:25:57+00:00,@nananddz,1.22612456542157E+018,in,,0,1,0,0,https://x.com/nananddz/status/1913222469995073893,['mecimapro'],1,mecimapro,@nananddz
Halo adakah yg sudah direfund @mecimapro dan adakah yg sampe skrg belum direfund buat day6??,1.9134123648983E+018,2025-04-19 02:00:31+00:00,@pinkbloodibaa,459265114,in,,0,0,0,0,https://x.com/pinkbloodibaa/status/1913412364898308286,['mecimapro'],1,mecimapro,@pinkbloodibaa
Dear @mecimapro temen2 myday sudah bersabar menunggu sampai dengan tenggat waktu yang dijanjikan yakni 18 April 2025. Namun sampai dengan hari ini tanggal 19 April 2025 ada teman kami yang belum menerima refund. Kami kira tanggal 18 April 2025 refund sudah diselesaikan semua,1.91346215899171E+018,2025-04-19 05:18:23+00:00,@gogumanuna,1.76387330034907E+018,in,,21,1,413,506,https://x.com/gogumanuna/status/1913462158991712631,['mecimapro'],1,mecimapro,@gogumanuna
@mecimapro min gimana cara cek status refund ticket day6? Aku belom terima uang pengembaliannya sampe sekarang.. aku beli tiket dr mechimashop please help!!,1.91346402646366E+018,2025-04-19 05:25:49+00:00,@lilyecl,42021690,in,,0,0,0,0,https://x.com/lilyecl/status/1913464026463662512,['mecimapro'],1,mecimapro,@lilyecl
Apapun akan @mecimapro lakukan kecuali menyelesaikan refund customer tepat waktu ,1.9135132629495E+018,2025-04-19 08:41:27+00:00,@miiyuss,1.22631925597031E+018,in,,0,1,0,1,https://x.com/miiyuss/status/1913513262949503326,['mecimapro'],1,mecimapro,@miiyuss
@rezzm_ @mecimapro Wkwkwk hobinya procrastination,1.91352718381517E+018,2025-04-19 09:36:46+00:00,@miiyuss,1.22631925597031E+018,in,,0,0,0,0,https://x.com/miiyuss/status/1913527183815176493,"['rezzm_', 'mecimapro']",2,rezzm_,@miiyuss
@coppamagz @tiket @mecimapro REFUND DULU WOYYYY malah paid promote anjr #KawalRefundMecimaPro #MECIMA_NOT_PROfessional,1.91353142468849E+018,2025-04-19 09:53:37+00:00,@sungjaedenly,1.23738228764318E+018,in,,0,0,1,0,https://x.com/sungjaedenly/status/1913531424688492585,"['coppamagz', 'tiket', 'mecimapro']",3,coppamagz,@sungjaedenly
@coppamagz akun fokus kokoreaan ga mungkin gatau masalah si penipu @mecimapro tapi tetep ambil paid promotenya. Emang pada doyan makan duit haram dan ga peduli sama orang lain. Cocok udah,1.91354517016067E+018,2025-04-19 10:48:15+00:00,@sungbbean,1.69343746529261E+018,in,,0,0,46,381,https://x.com/sungbbean/status/1913545170160677126,"['coppamagz', 'mecimapro']",2,coppamagz,@sungbbean
Dari beberapa konser yg pernah gw datengin konser day6 ini yg bener2 nguras mental energi duit. Konser juga belom tapi UDAH CAPEK DULUAN grgr kelakuan promotor yang tone deaf @mecimapro,1.91355267206364E+018,2025-04-19 11:18:03+00:00,@sukawonwoo,202959419,in,,0,0,0,0,https://x.com/sukawonwoo/status/1913552672063643668,['mecimapro'],1,mecimapro,@sukawonwoo
@coppamagz @tiket @mecimapro IDIIIIHHH,1.91359581360929E+018,2025-04-19 14:09:29+00:00,@lovelypenbilion,1.19807368455811E+018,in,,0,0,0,1,https://x.com/lovelypenbilion/status/1913595813609292250,"['coppamagz', 'tiket', 'mecimapro']",3,coppamagz,@lovelypenbilion
@mecimapro bisa dong konser day6 udh ga pake pvc lagi..:) kan dah ga covid️,1.91362209598637E+018,2025-04-19 15:53:55+00:00,@_kyeomberry,1.50687111015075E+018,in,,0,0,0,0,https://x.com/_kyeomberry/status/1913622095986376779,['mecimapro'],1,mecimapro,@_kyeomberry
Tante @mecimapro kapan refund tiket day6? Buat keperluan beli sesuatu et dahh,1.91380290065003E+018,2025-04-20 03:52:22+00:00,@inggriid24,1309318922,in,,0,0,0,0,https://x.com/inggriid24/status/1913802900650033239,['mecimapro'],1,mecimapro,@inggriid24
Ya Tuhan semoga saldo 9rb ku berubah jadi 9jt besok @mecimapro buruan yank sebelum kau berurusan sama Tuhanku #KawalRefundMecimaPro #MECIMA_NOT_PROfessional,1.91385093152909E+018,2025-04-20 07:03:14+00:00,@airevsev,1.57369103694098E+018,in,,2,2,95,221,https://x.com/airevsev/status/1913850931529093378,['mecimapro'],1,mecimapro,@airevsev
Bener-bener udah ga habis pikir sama kalian tuh @mecimapro. Paling tidak sudah masuk ke dalam doa 5 kali sehari. Yang kalian dzalimin itu orang-orang yang punya Tuhan. Dan aku yakin Allah punya cara-Nya sendiri buat membalas kalian.,1.91392030765365E+018,2025-04-20 11:38:54+00:00,@miiyuss,1.22631925597031E+018,in,,0,0,6,16,https://x.com/miiyuss/status/1913920307653652666,['mecimapro'],1,mecimapro,@miiyuss
H-13 konser #DAY6_3RD_WORLDTOUR Jakarta. Masih banyak banget PR kamu @mecimapro 1. Utamakan refund yang masih tertunda 2. Penukaran tiket &amp; tnc ya 3. SN yukk segera lah 4. Lokasi jemputan yang hotelnya deket jis (yang udah isi gfrom) 5. Tnc tas yang wajib dibawa,1.91393150107666E+018,2025-04-20 12:23:23+00:00,@keyboardwon94,1.76506792828909E+018,in,,6,0,173,195,https://x.com/keyboardwon94/status/1913931501076664627,['mecimapro'],1,mecimapro,@keyboardwon94
Sudahi gali lobang tutup lobangmu mari bereskan refund dan segala urusan konser day6 yang udah h-13 ini @mecimapro profesional ya kan deadline lu sendiri yang buat hmdeh,1.91395909364102E+018,2025-04-20 14:13:02+00:00,@mrsjopil,1.01238215407496E+018,in,,0,0,0,0,https://x.com/mrsjopil/status/1913959093641023850,['mecimapro'],1,mecimapro,@mrsjopil
dah pagi dah pagi. kapan mau mulai refund lagi? @mecimapro #MECIMA_NOT_PROfessional #KawalRefundMecimaPro,1.91410895000775E+018,2025-04-21 00:08:30+00:00,@miiyuss,1.22631925597031E+018,in,,0,0,5,3,https://x.com/miiyuss/status/1914108950007759229,['mecimapro'],1,mecimapro,@miiyuss
penipu penipu penipu penipu penipu penipu penipu penipu penipu penipu penipu penipu penipu penipu penipu penipu penipu penipu penipu penipu penipu penipu penipu penipu penipu penipu penipu penipu penipu penipu penipu penipu penipu penipu penipu penipu penipu penipu @mecimapro https://t.co/ViaF1Tbe7U,1.91415701656371E+018,2025-04-21 03:19:30+00:00,@tirsmr,135020833,in,,22,4,359,835,https://x.com/tirsmr/status/1914157016563716526,['mecimapro'],1,mecimapro,@tirsmr
dosa besar mecima perihal first-firstan - Day6 first stadium concert ( venuenya pindah ke madya ) - XdinaryHeroes are performing live for the first time in Indonesia! ( padahal pas BTB dia juga yang bawa ) TAUBATAN NASUHA LU MEL @mecimapro,1.91416244427417E+018,2025-04-21 03:41:04+00:00,@sunmoonphile,1.41780220848197E+018,in,,11,2,171,298,https://x.com/sunmoonphile/status/1914162444274176178,['mecimapro'],1,mecimapro,@sunmoonphile
sekarang dia mau ngelak gimana lagi coba dulu alesan lu karna ga bisa bikin panggung dalam 3 hari kan? @mecimapro tai lah lu,1.91429973396491E+018,2025-04-21 12:46:37+00:00,@archerrrie,1.62467380349752E+018,in,,0,0,0,0,https://x.com/archerrrie/status/1914299733964918903,['mecimapro'],1,mecimapro,@archerrrie
Tgl 3 mei semangat ketemu Day6 Tgl 3 mei semangat ketemu melani mau ngantemi kepalanya @mecimapro ,1.91430126685726E+018,2025-04-21 12:52:42+00:00,@WonpilTa,1.17994631970978E+018,in,,0,0,0,1,https://x.com/WonpilTa/status/1914301266857263613,['mecimapro'],1,mecimapro,@WonpilTa
Padahal manusia diciptakan Tuhan dlm bentuk paling sempurna dianugerahi akal dan hati. Kalo kedua hal itu ngga dipake sama kalian @mecimapro trus bedanya dgn binatang apa? Bahkan binatang aja masih punya hati nurani lho,1.91430622471326E+018,2025-04-21 13:12:24+00:00,@miiyuss,1.22631925597031E+018,in,,0,0,3,5,https://x.com/miiyuss/status/1914306224713261186,['mecimapro'],1,mecimapro,@miiyuss
. @mecimapro mending pindahin lagi venue konser DAY6 ke JIS dahhhh sumpahhh komunikasi kalian sama pemerintah daerah gimana dah? heran,1.9143158882849E+018,2025-04-21 13:50:48+00:00,@dazzlingstarksm,1.52799147038045E+018,in,,0,1,0,0,https://x.com/dazzlingstarksm/status/1914315888284909671,['mecimapro'],1,mecimapro,@dazzlingstarksm
Jadi ga sabar besok ada fakta apa lagi Ayo dong bongkar lagi yang banyak ye gak? @mecimapro,1.91431592042158E+018,2025-04-21 13:50:56+00:00,@LiterallyHy,1.49904162083814E+018,in,,0,0,0,0,https://x.com/LiterallyHy/status/1914315920421584920,['mecimapro'],1,mecimapro,@LiterallyHy
kata gua balikin day6 aja ke jis @mecimapro contact jakpronya,1.91432383522841E+018,2025-04-21 14:22:23+00:00,@gyeouriga,1.81030411005659E+018,in,,0,0,0,0,https://x.com/gyeouriga/status/1914323835228414319,['mecimapro'],1,mecimapro,@gyeouriga
raja iblis juga takut sama lu dan 6 antek antek lu @mecimapro,1.91432646781266E+018,2025-04-21 14:32:51+00:00,@archerrrie,1.62467380349752E+018,in,,0,0,0,0,https://x.com/archerrrie/status/1914326467812667890,['mecimapro'],1,mecimapro,@archerrrie
biasanya member day6 tuh nyampe ke ina H-3 / H-2 sebelum konser gak sih? kalau sampe hari itu belum refund apa gak makin malu kalian? @mecimapro bayangin deh kalau member atau staff lagi scroll medsos tapi isi fyp nya demo kita #KawalRefundMecima #MECIMA_NOT_PROfessional,1.91449841221881E+018,2025-04-22 01:56:05+00:00,@asaenamif,1.49802834996874E+018,in,,1,3,29,43,https://x.com/asaenamif/status/1914498412218814891,['mecimapro'],1,mecimapro,@asaenamif
Kepada para penggemar Kami memohon maaf atas keterlambatan proses refund untuk konser DAY6 WORLD TOUR IN JAKARTA -Lanjut kasih keterangan kenapa telat -Lanjut umumin range waktu kapan refund dilanjutkan ayo tim PR @mecimapro KERJA ! #MECIMA_NOT_PROfessional #KawalRefundMecima,1.91451685934664E+018,2025-04-22 03:09:23+00:00,@greywinterkwp,520236322,in,,2,1,59,67,https://x.com/greywinterkwp/status/1914516859346649295,['mecimapro'],1,mecimapro,@greywinterkwp
Ini mau direfund kapan sih? Gausah banyak alesan. Tim finance lu kan gak mungkin ngurusin loading barang day6? @mecimapro,1.91453481252813E+018,2025-04-22 04:20:44+00:00,@insilked,8.70701144581955E+017,in,,0,0,0,8,https://x.com/insilked/status/1914534812528132124,['mecimapro'],1,mecimapro,@insilked
Dear @mecimapro boleh tau dong ini konser day6 jadi apa enggak ya? Klo jadi mohon infonya dong kita yg dr luar kota udah beli tiket pesawat booking hotel dan mau ngajuin cuit nih ,1.91466103151282E+018,2025-04-22 12:42:17+00:00,@resski28,1.54275542605523E+018,in,,0,0,0,0,https://x.com/resski28/status/1914661031512826119,['mecimapro'],1,mecimapro,@resski28
Svt kemaren H-3 minggu udah dikasih tau tempat penukaran tiketnya. Lu jadi bawa Day6 gak sih? @mecimapro #KawalRefundMecima #MECIMA_NOT_PROfessional,1.91468330518808E+018,2025-04-22 14:10:47+00:00,@keyboardwon94,1.76506792828909E+018,in,,0,0,6,6,https://x.com/keyboardwon94/status/1914683305188082023,['mecimapro'],1,mecimapro,@keyboardwon94
Mecima ini konser Day6 jd apa engga yh? @mecimapro,1.91468912520009E+018,2025-04-22 14:33:55+00:00,@shuramoroll,1.0067443210249E+018,in,,0,0,0,0,https://x.com/shuramoroll/status/1914689125200093531,['mecimapro'],1,mecimapro,@shuramoroll
Gue udah dititik mimpiin konser Letters With Note nya YoungK tapi yang datang DAY6 BALIKIN DUIT GUE SEKARANG @mecimapro #MECIMA_NOT_PROfessional #KawalRefundMecima,1.91480609177251E+018,2025-04-22 22:18:42+00:00,@day6blueable,1.17665100041058E+018,in,,0,0,2,0,https://x.com/day6blueable/status/1914806091772518586,['mecimapro'],1,mecimapro,@day6blueable
Tolong banget dilanjut proses refund konser DAY6 biar kelar gitu loh urusannya PROnya apa Problematik kah @mecimapro #MECIMANOT_PROfessional #KawalRefundMecima,1.91486020106657E+018,2025-04-23 01:53:42+00:00,@inggriid24,1309318922,in,,0,0,0,0,https://x.com/inggriid24/status/1914860201066582200,['mecimapro'],1,mecimapro,@inggriid24
@ifmataetara @mecimapro mecima belom bayar wifi kak,1.91486107524338E+018,2025-04-23 01:57:11+00:00,@in_done_jia,9.56681722413789E+017,in,,0,0,0,0,https://x.com/in_done_jia/status/1914861075243393471,"['ifmataetara', 'mecimapro']",2,ifmataetara,@in_done_jia
Huhu mending @mecimapro jangan diem aja masalah refund sama kejelasan konser Day6 kasian bgt orang orang nunggu kepastian trus konsernya jd atau enggak klo kemungkinan terburuknya gk jadi ya kita bisa mikir buat refund tiket dan hotel yg udah dipesan emang cari duit gampang,1.91488736556863E+018,2025-04-23 03:41:39+00:00,@resski28,1.54275542605522E+018,in,,0,0,0,0,https://x.com/resski28/status/1914887365568630928,['mecimapro'],1,mecimapro,@resski28
kenapa ya @mecimapro diem aja itu tuh kenapa sih? alasan nya apasih? seriusan ini yang nagih refund udah desperate banget yang mau nonton juga ketar ketir gak ada info apapun. alasan diem nya tuh apasih? sengaja kah? nunggu jyp/studj/day6/bpkn rilis pernyataan kah?,1.91490188526766E+018,2025-04-23 04:39:21+00:00,@asaenamif,1.49802834996874E+018,in,,5,4,108,234,https://x.com/asaenamif/status/1914901885267665040,['mecimapro'],1,mecimapro,@asaenamif
Kasih kejelasan pleaseee @mecimapro Harusnya tuh minggu-minggu ini lagi excited prepare mau ketemu Dowoon sama 3 membee Day6 tapi ahelaaaaaah kenapa sih bikin bad mood terus #KawalRefundMecima #MECIMA_NOT_PROfessional,1.91490494765898E+018,2025-04-23 04:51:31+00:00,@hellojidoo,1.64055077216859E+018,in,,0,0,2,0,https://x.com/hellojidoo/status/1914904947658989628,['mecimapro'],1,mecimapro,@hellojidoo
Selamat siang Bapak/Ibu @BPKN_RI. Saya salah satu customer dari konser DAY6 yang dibawa @mecimapro izin bertanya. Kapan BPKN release statement hasil diskusi bersama MBKT dan promotor? Ini sudah beberapa hari sejak pertemuan tapi sampe sekarang kok belum ada update apapun?,1.91490662227689E+018,2025-04-23 04:58:10+00:00,@pudingcklt__,1.22310999533346E+018,in,,2,3,187,206,https://x.com/pudingcklt__/status/1914906622276890947,"['BPKN_RI', 'mecimapro']",2,BPKN_RI,@pudingcklt__
halooo. bisa tolong ada yang bersuara kenapa pada diem2 aja soal konser day6? 14-18 april udah lewat. h-10 konser buat yang lanjut. tapi gaada sama sekali kejelasan terkait refund atau sn/qn/redemption @mecimapro @BPKN_RI #KawalRefundMecima #MECIMA_NOT_PROfessional,1.91491212243549E+018,2025-04-23 05:20:01+00:00,@lveyss,9.0063126341276E+017,in,,0,1,0,0,https://x.com/lveyss/status/1914912122435493938,"['mecimapro', 'BPKN_RI']",2,mecimapro,@lveyss
Mecima gue butuh kejelasan dari lu kalo emang batal yaudah gpp emang blm rejeki ketemu day6. Tp kalo emang tetep jalan gue mau kejelasannya semuanya. Temen2 yg refund juga diberi kejelasan. Yuk bangun komunikasi yg baik mecima @mecimapro,1.91491513925568E+018,2025-04-23 05:32:01+00:00,@adeknyadowoon,1.6764103369484E+018,in,,0,0,0,15,https://x.com/adeknyadowoon/status/1914915139255689450,['mecimapro'],1,mecimapro,@adeknyadowoon
Duh @mecimapro ini jadi atau ga sih konsernya bjir?,1.91491718545525E+018,2025-04-23 05:40:09+00:00,@satutiga2_,1.80936273964064E+018,in,,0,0,0,0,https://x.com/satutiga2_/status/1914917185455268308,['mecimapro'],1,mecimapro,@satutiga2_
@ifmataetara @mecimapro bingung sebenernya konser day6 ini jadi gaa siii masa udah D-10 blm ada count down nya,1.91493069532108E+018,2025-04-23 06:33:50+00:00,@dy_ilysm,1.3792648565498E+018,in,,0,0,0,1,https://x.com/dy_ilysm/status/1914930695321084139,"['ifmataetara', 'mecimapro']",2,ifmataetara,@dy_ilysm
Barusan cek ternyata sama mereka beneran udah diupdate di FAQ terkait sistem penukaran tiket DAY6. Udah fix gak ada penukaran tiket yaa gais. Sekarang tinggal announce resmi di sosmed. Yuk bisa yuk @mecimapro. At least ada konten countdown biar kita gak berspekulasi aneh-aneh.,1.91493407080047E+018,2025-04-23 06:47:14+00:00,@pudingcklt__,1.22310999533346E+018,in,,20,11,107,265,https://x.com/pudingcklt__/status/1914934070800474491,['mecimapro'],1,mecimapro,@pudingcklt__
@mecimapro kak melani gue paham si gue harusnya gak berisik karena gue pun belom beli tiket day6. tp kenapa ya diem aja? bisa gak update tentang konser day6 tgl 3 mei? ya refundnya kek timetable kek sn kek apaan kek.,1.91493722165386E+018,2025-04-23 06:59:46+00:00,@swagbaby14,346539772,in,,0,1,0,0,https://x.com/swagbaby14/status/1914937221653860455,['mecimapro'],1,mecimapro,@swagbaby14
Day6 myDay udah ada yang terima transferan @mecimapro ?,1.91493986741671E+018,2025-04-23 07:10:16+00:00,@hestihyuga,193259999,in,,0,1,0,0,https://x.com/hestihyuga/status/1914939867416723613,['mecimapro'],1,mecimapro,@hestihyuga
@mecimapro - lu sbg promotor yg udah lama masa cara kerjanya masih kaya amatiran?? @mecimapro trus buat lu FRANSISKA MELANI lu harusnya muncul buat minta maaf sama MyDay krn kesalahan yg LU BUAT SENDIRI kenapa gak mau muncul? padahal setiap event Day6 lu selalu ngintilin mereka??-,1.91496793518737E+018,2025-04-23 09:01:48+00:00,@eluvyu_,1.28145876943663E+018,in,,0,1,0,1,https://x.com/eluvyu_/status/1914967935187382496,"['mecimapro', 'mecimapro']",2,mecimapro,@eluvyu_
cim mau tanya ini mah maaf ya 3.950.000.000 kalau dipake beli lighband day6 satu dunia bisa kelap kelip cim : ) itu duit masih banyak banget cim ayo lah refund : ) @mecimapro #KawalRefundMecima #MECIMA_NOT_PROfessional,1.91497713751131E+018,2025-04-23 09:38:22+00:00,@ddouwnyds96_,1.27290870570142E+018,in,,0,0,2,0,https://x.com/ddouwnyds96_/status/1914977137511317811,['mecimapro'],1,mecimapro,@ddouwnyds96_
Halo @mecimapro jika ada keterlambatan dan problem saat proses refund boleh banget lho diberikan informasinya ke pembeli yang refund tiket Day6. Sampai saekarang banyak yang masih belum direfund tapi lwnya cuma jualan tiket terus tanpa ada informasi yang jelas ttg refund inI!,1.91498553375715E+018,2025-04-23 10:11:44+00:00,@marstophia,91672435,in,,0,0,0,0,https://x.com/marstophia/status/1914985533757169936,['mecimapro'],1,mecimapro,@marstophia
Mecimaaa @mecimapro ada apa dengan luuu?? Kok bisa bobrok begini nih salah apaa?? 2019 Gravity menjadi konser yang sangat sangat baguuss gue beneran makasiih banget udah buagus poolll bawa day6 2025 kok begini nih lu kenapaa?!,1.91501219281621E+018,2025-04-23 11:57:40+00:00,@hellomauli,1644566798,in,,0,1,0,0,https://x.com/hellomauli/status/1915012192816226775,['mecimapro'],1,mecimapro,@hellomauli
Apa karena terlalu jumawa apa gimana? Salah strategi atau apa? Gue konsumen lu dari 2019 baru di konser yang di tahun 2025 gue rasanya maraahh banget sama lu Seventeen Right Here terus day6 @mecimapro,1.91501439183529E+018,2025-04-23 12:06:24+00:00,@hellomauli,1644566798,in,,0,1,0,0,https://x.com/hellomauli/status/1915014391835299952,['mecimapro'],1,mecimapro,@hellomauli
Aku harap event apapun yang dipegang sama @mecimapro setelah DAY6 akan berjalan dengan lancar ya Aku harap kedepannya ga ada hal yang mengecewakan lagi tolong untuk selalu berbenah ke yang lebih baik ya cim! REFUND JANGAN LUPA! #KawalRefundMecima #MECIMA_NOT_PROfessional,1.91501551036809E+018,2025-04-23 12:10:51+00:00,@aimdelishes,1.88228824789801E+018,in,,0,0,3,0,https://x.com/aimdelishes/status/1915015510368092270,['mecimapro'],1,mecimapro,@aimdelishes
@mecimapro apa kabar duit refund myday cimprut? buruan balikin yg blm lu refund ege tu konser jg udh h-10 loh wlpn gw ttp nonton tp w ttp kecewa berat sm lu anj pdhl gw udh bayangin mw ke konser day6 pertama gw di JIS. #MyDayTagihMecima #MECIMA_NOT_PROfessional,1.91501935533697E+018,2025-04-23 12:26:08+00:00,@haowsyourday,1.40263390466253E+018,in,,0,1,3,0,https://x.com/haowsyourday/status/1915019355336987106,['mecimapro'],1,mecimapro,@haowsyourday
@mecimapro konser day6 ni jadi atau enggak si anjir??,1.91502015320261E+018,2025-04-23 12:29:18+00:00,@28secrettt,1.80445073463911E+018,in,,0,0,0,0,https://x.com/28secrettt/status/1915020153202622869,['mecimapro'],1,mecimapro,@28secrettt
gua yakin bgt si onty melani lg galau itu dia kl dia cancel konser pasti makin jelek nama dia dihadapan semua konsumen (ga cuma myday) dan seluruh management terkait [APALAGI DAY6] trus dia pasti jg gamau nama dia jelek dimata bias nya aka youngk WKWKWK hayolo onty @mecimapro,1.91502069670883E+018,2025-04-23 12:31:28+00:00,@haowsyourday,1.40263390466253E+018,in,,0,2,0,0,https://x.com/haowsyourday/status/1915020696708845914,['mecimapro'],1,mecimapro,@haowsyourday
@mecimapro he gak ada update apa apa nih soal konser day6????,1.9150265722954E+018,2025-04-23 12:54:48+00:00,@teenaegers,178610093,in,,0,0,0,0,https://x.com/teenaegers/status/1915026572295418084,['mecimapro'],1,mecimapro,@teenaegers
@wonpilfancc m-m-maksudnya terimakasih sogokannya yakan @mecimapro,1.91503990372711E+018,2025-04-23 13:47:47+00:00,@archerrrie,1.62467380349752E+018,in,,0,0,0,0,https://x.com/archerrrie/status/1915039903727120428,"['wonpilfancc', 'mecimapro']",2,wonpilfancc,@archerrrie
@ddalgicakey @mecimapro Eh kmu beli day6 jg kak? Lewat tikom apa mecimashop? Asli deh kalo mau beli lewat mecimashop pas deket2 show aja lagian toh cepet2an QNnya mereka,1.91504303257726E+018,2025-04-23 14:00:13+00:00,@conconlatte,172355342,in,,0,1,0,0,https://x.com/conconlatte/status/1915043032577266033,"['ddalgicakey', 'mecimapro']",2,ddalgicakey,@conconlatte
@mecimapro MECIMA BAGAIMANA KELANJUTAN REFUND TIKET #DAY6 #DAY6_FOREVER_YOUNG_JAKARTA_2025 ??? saya sudah ajuin refund sesuai prosedur dan tertera di announce kalo refund sampe tgl 18 ??? Sampai detik ini gak ada masuk ??? TOLONG SEGERA REFUND DUIT SAYAAA,1.91504550029607E+018,2025-04-23 14:10:01+00:00,@pinkygiiirl,278416941,in,,0,0,1,0,https://x.com/pinkygiiirl/status/1915045500296089673,['mecimapro'],1,mecimapro,@pinkygiiirl
@rossieisme @mecimapro Ini mecima udah bohong sih dari pernyataannya.. kalo dari pihak fans Day6 yg masih banyak belum di refund datengin aja kantor Apmi,1.9150458601421E+018,2025-04-23 14:11:27+00:00,@neeys_tiket,1.69046108758891E+018,in,,0,0,0,0,https://x.com/neeys_tiket/status/1915045860142112873,"['rossieisme', 'mecimapro']",2,rossieisme,@neeys_tiket
@heartbeat6ix punya duit refunf tuh hampir 4M bener gak mel @mecimapro,1.91504614837888E+018,2025-04-23 14:12:36+00:00,@archerrrie,1.62467380349752E+018,in,,0,0,0,0,https://x.com/archerrrie/status/1915046148378890312,"['heartbeat6ix', 'mecimapro']",2,heartbeat6ix,@archerrrie
Melani Fransiska atau siapalah Fransisca Melani. Nama perusahaan lu GAK AKAN BERSIH sebelum lu kelarin masalah konser DAY6 3RD WORLD TOUR FOREVER YOUNG IN JAKARTA 03 MAY 2025. Refund SELESAIIN. Jangan kebanyakan cuci tangan TOLOL @mayblue85 @ChulChuChul @mecimapro,1.91504768995764E+018,2025-04-23 14:18:43+00:00,@insilked,8.70701144581954E+017,in,,0,0,0,0,https://x.com/insilked/status/1915047689957654949,"['mayblue85', 'ChulChuChul', 'mecimapro']",3,mayblue85,@insilked
penyesalan terbesar banget beli mcp membership 2025. udah mah gagal dapet pink svt rh day 1 ini tiket day6 juga kaga direfund2. @mecimapro,1.91504857981279E+018,2025-04-23 14:22:15+00:00,@droptheumak,1.35295758403087E+018,in,,0,0,0,0,https://x.com/droptheumak/status/1915048579812794396,['mecimapro'],1,mecimapro,@droptheumak
Niatnya konser tuh mau healing dari huru hara kehidupan rl dan sebagai hiburan untuk kepenatan kerja yg bikin capek bukan buat dibikin pusing lg dengan drama kalian yg seriesnya ngalahin cinta fitri alias banyak bgt ga abis2️ @mecimapro,1.91504876330094E+018,2025-04-23 14:22:59+00:00,@sumbreezin,1.42526732639229E+018,in,,0,0,0,0,https://x.com/sumbreezin/status/1915048763300942025,['mecimapro'],1,mecimapro,@sumbreezin
ini jadinya konser day6 mei nanti gimana cim @mecimapro klo lu makin gak jelas gue mundur deh.....,1.91509453805996E+018,2025-04-23 17:24:53+00:00,@inyoblingbling,1.7367636298765E+018,in,,0,1,0,0,https://x.com/inyoblingbling/status/1915094538059968591,['mecimapro'],1,mecimapro,@inyoblingbling
Refund nya dek @mecimapro #KawalRefundMecima #MyDayTagihMecima #MECIMA_NOT_PROfessional,1.9151967587178E+018,2025-04-24 00:11:04+00:00,@mydayrectioner,1.26117134763327E+018,in,,0,1,2,0,https://x.com/mydayrectioner/status/1915196758717817158,['mecimapro'],1,mecimapro,@mydayrectioner
Dear @mecimapro tlng proses refund di lnjtkn ya. Aku prlu self reward ini berhubung ultahku jg Minggu depan jd mau dipke uangnya ️ Setiap konser member Day6 sllu blng stay happy &amp; stay healthy ke My Day. Jadi dg uang itu aku mau pke bahagiain diri sendiri ,1.91521325170683E+018,2025-04-24 01:16:36+00:00,@al_ina64203,1.80767357576116E+018,in,,0,0,0,0,https://x.com/al_ina64203/status/1915213251706839547,['mecimapro'],1,mecimapro,@al_ina64203
Duh ku udah sayang banget sama anak2 XDinary Heroes lagi Mau banget nonton konsernya mau gua beli aja tiketnya biar gua dapet refund Day6 @mecimapro ? Lu gak punya duit kan? Udah H+5 anjirrr... #KawalRefundMecimaPro #MECIMA_NOT_PROfessional #MecimaRefundSekarang,1.9152150568514E+018,2025-04-24 01:23:47+00:00,@habitwelve,1.3137265391801E+018,in,,0,0,3,0,https://x.com/habitwelve/status/1915215056851415169,['mecimapro'],1,mecimapro,@habitwelve
waktu svt dari D-10 udah ada countdown sekarang yang day6 udah kagak niat ya gw liat-liat? apa malu krn masih ngutang? tapi gw mah ga yakin lu punya malu mel @mecimapro,1.91522381512852E+018,2025-04-24 01:58:35+00:00,@lordjeongin,1912918658,in,,0,0,0,0,https://x.com/lordjeongin/status/1915223815128535315,['mecimapro'],1,mecimapro,@lordjeongin
Pengembalian dana konser Jakarta sampai tanggal 18 mengapa saya belum mendapat pengembalian dana? Apakah menurut Anda 8 8% masuk akal? Jika Anda punya otak pikirkanlah. Konsumen tidak akan tinggal diam jika Anda menipu mereka. @mecimapro day6 jakarta refund,1.91522770476671E+018,2025-04-24 02:14:02+00:00,@eternal___green,1.86231419117421E+018,in,,0,0,0,0,https://x.com/eternal___green/status/1915227704766718169,['mecimapro'],1,mecimapro,@eternal___green
Selamat pagi Bapak/Ibu @BPKN_RI. Saya salah satu customer dari konser DAY6 yang dibawa @mecimapro izin bertanya. Kapan BPKN release statement hasil diskusi bersama MBKT dan promotor? Ini sudah beberapa hari sejak pertemuan tapi sampe sekarang kok belum ada update apapun?,1.91522930093423E+018,2025-04-24 02:20:23+00:00,@pudingcklt__,1.22310999533346E+018,in,,2,0,197,150,https://x.com/pudingcklt__/status/1915229300934230468,"['BPKN_RI', 'mecimapro']",2,BPKN_RI,@pudingcklt__
konsernya tinggal menghitung hari day6-nya jg mau comeback bentar lagi tinggal ELUUUUUUUUU menuhin kewajiban refund itu @mecimapro,1.91525168272178E+018,2025-04-24 03:49:19+00:00,@bIoomingsea,1.12429356143904E+018,in,,0,0,0,0,https://x.com/bIoomingsea/status/1915251682721792150,['mecimapro'],1,mecimapro,@bIoomingsea
Yang terhormat Bapak/Ibu @BPKN_RI Sudah H-9 acara konser DAY6 untuk kelanjutannya terkait kasus @mecimapro bagaimana ya? Ditambah mereka tidak membayar pengembalian dana sesuai dengan yang dijanjikan (14-18 April). Mohon untuk ditindaklanjuti terkait hak kami.,1.91525336207482E+018,2025-04-24 03:55:59+00:00,@ltnseaaaaa,1.29524045186415E+018,in,,0,0,9,5,https://x.com/ltnseaaaaa/status/1915253362074829016,"['BPKN_RI', 'mecimapro']",2,BPKN_RI,@ltnseaaaaa
Kocak banget tadi si @mecimapro update disuruh beli tiket day6 di IG. Tolong dong urusin refund sampe sekarang kaga jelas banget. Batu batu,1.9152682887722E+018,2025-04-24 04:55:18+00:00,@YoungOneNa,7.50661204327014E+017,in,,0,0,0,0,https://x.com/YoungOneNa/status/1915268288772218954,['mecimapro'],1,mecimapro,@YoungOneNa
@CheekbonesDayum @mecimapro Baca bawahnya lagi kek spt memohon gt untuk kita tetep dateng Untuk menunjukkan kekuatan fans day6 Iya kekuatan kami ingin LO BAYAR UTANGNYA CEPET,1.9152693236832E+018,2025-04-24 04:59:25+00:00,@salsadiazzahra,1.75534349651557E+018,in,,0,1,0,0,https://x.com/salsadiazzahra/status/1915269323683213754,"['CheekbonesDayum', 'mecimapro']",2,CheekbonesDayum,@salsadiazzahra
@salsadiazzahra @mecimapro Wkwkwk iya lagi GA MELLLL MAU DUKUNG DAY6 DENGAN CARA LAINN GA LEWAT ELUUU REFUND SEKARANGGG ,1.9152699349152E+018,2025-04-24 05:01:51+00:00,@CheekbonesDayum,2921571877,in,,0,0,0,0,https://x.com/CheekbonesDayum/status/1915269934915215750,"['salsadiazzahra', 'mecimapro']",2,salsadiazzahra,@CheekbonesDayum
@mecimapro lo ga malu sama @tiket yg bisa refund sehari doang? Bank mana yg ngeproses refund sampe 30 hari kalo katanya lo udah proses dari tgl 14? Ga usah segala ngemis minta kita nonton dengan alasan fans mendukung DAY6 . Kita bisa dukung DAY6 dengan cara lain ga dari lo!,1.91527496890208E+018,2025-04-24 05:21:51+00:00,@novazakiyaa,70881038,in,,0,1,0,0,https://x.com/novazakiyaa/status/1915274968902095265,"['mecimapro', 'tiket']",2,mecimapro,@novazakiyaa
Selamat siang bu melani @mecimapro Mohon dengan segera itikad baiknya memproses refund temen2 myday dan info lanjutan terkait progress persiapan konser day6 3 mei nanti. Terima kasih #KawalRefundMecima #MECIMA_NOT_PROfessional,1.91527546021441E+018,2025-04-24 05:23:48+00:00,@krowasongg,1.50343299833037E+018,in,,0,0,3,0,https://x.com/krowasongg/status/1915275460214424027,['mecimapro'],1,mecimapro,@krowasongg
oh jd yg refund bukan mendukung day6 malah jd ngecewain mereka gt? lo siapa? sotoy bgt jd promotor najis @mecimapro,1.91527659314624E+018,2025-04-24 05:28:18+00:00,@xzlailnmf,1.84142961746034E+018,in,,0,0,0,0,https://x.com/xzlailnmf/status/1915276593146241273,['mecimapro'],1,mecimapro,@xzlailnmf
dia pikir fans day6 ini anak sd semua kah @mecimapro,1.91527716688935E+018,2025-04-24 05:30:35+00:00,@kentankentunk,617058531,in,,0,0,0,0,https://x.com/kentankentunk/status/1915277166889361588,['mecimapro'],1,mecimapro,@kentankentunk
 menunjukan kekuatan fans day6 indonesia lah ini kekuatan nya biar lu @mecimapro kena mental kan? gausah bujuk2 buat nonton segala pake embel2 kekuatan fans najisssss,1.91527767932845E+018,2025-04-24 05:32:37+00:00,@xzlailnmf,1.84142961746034E+018,in,,0,0,0,0,https://x.com/xzlailnmf/status/1915277679328452702,['mecimapro'],1,mecimapro,@xzlailnmf
@bibubomini @mecimapro iya anjirrrr kakk aku jg pas baca kek idih idihhh bawa bawa dukung day6 pula TRS KALO GA DATENG GA DUKUNG KAH? KAN KITA GAJADI DATENG JG GARA2 ELUUU BABIKKK,1.91528253995635E+018,2025-04-24 05:51:56+00:00,@enadermehinhir,8.5791544826381E+017,in,,0,1,0,1,https://x.com/enadermehinhir/status/1915282539956363472,"['bibubomini', 'mecimapro']",2,bibubomini,@enadermehinhir
emg kehadiran mdbkt kurang menunjukkan kekuatan fans DAY6 di Indonesia yh @mecimapro ??????? https://t.co/j4VaZK5SXA,1.91528323177319E+018,2025-04-24 05:54:41+00:00,@terpilwon,1.42334186629289E+018,in,,5,2,102,252,https://x.com/terpilwon/status/1915283231773200563,['mecimapro'],1,mecimapro,@terpilwon
@harienam_day6 @mecimapro wkwkw admin BCA juga gercep gamau ketiban kesalahannya tu promotor,1.91528553637552E+018,2025-04-24 06:03:50+00:00,@mijaeya,59954080,in,,0,1,0,0,https://x.com/mijaeya/status/1915285536375521538,"['harienam_day6', 'mecimapro']",2,harienam_day6,@mijaeya
@mijaeya @mecimapro wkwkw takutnya ke paypal kmrn dikambing hitamkan sama mecim,1.9152897614028E+018,2025-04-24 06:20:38+00:00,@sungjaedenly,1.23738228764318E+018,in,,0,1,0,0,https://x.com/sungjaedenly/status/1915289761402806680,"['mijaeya', 'mecimapro']",2,mijaeya,@sungjaedenly
Kita harus kompak tetep refund guys jangan tergoda sama bisikan setan. Yakin deh next time Day6 ke sini bakal beda promotor karna abis ini @mecimapro bangkrut Mel inget ya refund uang gua dan MyDay lainnya #MECIMA_NOT_PROfessional #KawalRefundMecima,1.91539243054079E+018,2025-04-24 13:08:36+00:00,@mashedpicato,110859728,in,,1,4,66,94,https://x.com/mashedpicato/status/1915392430540795973,['mecimapro'],1,mecimapro,@mashedpicato
Saya pemegang mcp member saya juga mantan carat yg dizolimin sama kalian sekarang day6 kalian tidak bisa memberi kepuasan pada fans kpop @mecimapro #KawalRefundMecima #MECIMA_NOT_PROfessional,1.91558805722885E+018,2025-04-25 02:05:57+00:00,@Rismarhn25,1.79351596200164E+018,in,,0,0,0,0,https://x.com/Rismarhn25/status/1915588057228865808,['mecimapro'],1,mecimapro,@Rismarhn25
halo @BPKN_RI dimohon utk segera rilis notulensi hasil audiensi perihal masalah konser day6 antara promotor @mecimapro &amp; tim #MydayBerserikat . Dimohon dirilis secara jujur benar apa adanya buktikan bahwa @BPKN_RI mmg dipihak konsumen &amp; berpegang pada UU perlindungan konsumen,1.91565405658201E+018,2025-04-25 06:28:12+00:00,@endorpil,1.79291119777757E+018,in,,0,0,1,0,https://x.com/endorpil/status/1915654056582013059,"['BPKN_RI', 'mecimapro', 'BPKN_RI']",3,BPKN_RI,@endorpil
Aku mau nyari wts tp nunggu duit refund. Eh duit refundnya gk akan cair sblm konser. Nunggu duit proyek baru mulai besok. Nunggu duit kerjaan lain masih baru mulai bidding. Mau nunjukin kekuatan sebagai fans Day6 ada aja halangannya. Kl gk jadi nonton yg salah @mecimapro,1.91568904929537E+018,2025-04-25 08:47:15+00:00,@pilphilter,1.17448212206667E+018,in,,0,0,0,0,https://x.com/pilphilter/status/1915689049295380919,['mecimapro'],1,mecimapro,@pilphilter
pk ent pas westlife gaada penukaran tiket aja mebludak apalagi ini day6? @mecimapro,1.91590176262998E+018,2025-04-25 22:52:30+00:00,@potatogirlaw,1.36881915717362E+018,in,,0,0,0,0,https://x.com/potatogirlaw/status/1915901762629997030,['mecimapro'],1,mecimapro,@potatogirlaw
Buka tiktok isinya footage svt di di jis kemarin. Ya Allah nyesek harusnya aku juga bisa disana bareng myday dan day6 Refund woiiii @mecimapro #KawalRefundMecimaPro #MECIMA_NOT_PROfessional,1.9159444167304E+018,2025-04-26 01:42:00+00:00,@zeetaoxe,7.25803547703417E+017,in,,0,0,7,4,https://x.com/zeetaoxe/status/1915944416730403144,['mecimapro'],1,mecimapro,@zeetaoxe
@bmblubee 'Day6 bakal terlihat lebih dekat di manapun kamu berada' iye keee @mecimapro,1.91598103386833E+018,2025-04-26 04:07:30+00:00,@itsyayatimee,1.57157555129456E+018,in,,0,1,0,0,https://x.com/itsyayatimee/status/1915981033868345636,"['bmblubee', 'mecimapro']",2,bmblubee,@itsyayatimee
@junebluemoon @mecimapro next kalo day6 kesini rencana promotornya myday sendiri sih,1.91598473477115E+018,2025-04-26 04:22:12+00:00,@irenddenly,1.6841794068673E+018,in,,0,3,0,13,https://x.com/irenddenly/status/1915984734771155157,"['junebluemoon', 'mecimapro']",2,junebluemoon,@irenddenly
udh h-7 dan qn day6 belum dikirim subhanallah @mecimapro,1.91600265939765E+018,2025-04-26 05:33:26+00:00,@giskhaizure,1.24313591769653E+018,in,,0,0,0,0,https://x.com/giskhaizure/status/1916002659397664844,['mecimapro'],1,mecimapro,@giskhaizure
@imdrum_dw @mecimapro lgi mencari wtsan yas tpi mau jamming aja di belakang Jadi nonton apa engga tergantung dapet atau engga wish me luck,1.91604449620837E+018,2025-04-26 08:19:40+00:00,@Wondaymania,1.35151924313777E+018,in,,0,0,0,0,https://x.com/Wondaymania/status/1916044496208384128,"['imdrum_dw', 'mecimapro']",2,imdrum_dw,@Wondaymania
mimpi masih tetep have fun konser day6 tapi pulang-pulang ngamuk sama mel makanya cepet balikin gak uang refundnya @mecimapro #KawalRefundMecima #MECIMA_NOT_PROfessional,1.91605458357658E+018,2025-04-26 08:59:45+00:00,@kkuma_latte,7.86712448241991E+017,in,,0,0,2,0,https://x.com/kkuma_latte/status/1916054583576580393,['mecimapro'],1,mecimapro,@kkuma_latte
Janji-Janji @mecimapro: Proses refund tanggal 14-18 April 2025 SN/QN maksimal H-7 acara Menggunakan tiket digital Both untuk yang refund dan lanjut nonton semuanya dirugikan. Bener-bener #MECIMA_NOT_PROfessional.,1.91612113300035E+018,2025-04-26 13:24:12+00:00,@pudingcklt__,1.22310999533346E+018,in,,10,0,324,370,https://x.com/pudingcklt__/status/1916121133000364098,['mecimapro'],1,mecimapro,@pudingcklt__
ntuh panggung yg lu bikin buat day6 manggung apa bukan sih @mecimapro ini konser jadi ngga kok gaada seat number,1.91613996450254E+018,2025-04-26 14:39:02+00:00,@pirimirism,1.76345792186068E+018,in,,0,0,0,0,https://x.com/pirimirism/status/1916139964502544394,['mecimapro'],1,mecimapro,@pirimirism
Mecima kalo lo strict ke deadline yg dikasih ke mdci terkait fanpro harusnya lo juga strict terhadap deadline yg lo buat terkait refund yg harusnya selesai di tanggal 18 kemarin. Berani keras ke luar tapi ga teges sama diri sendiri. Shame on you @mecimapro ,1.91615460573148E+018,2025-04-26 15:37:13+00:00,@novazakiyaa,70881038,in,,11,0,350,573,https://x.com/novazakiyaa/status/1916154605731483752,['mecimapro'],1,mecimapro,@novazakiyaa
@RYABGL @mecimapro seumur umur day6 ke indonesia ini paling kacau BIG disaster. blame on u mecima,1.91616720737108E+018,2025-04-26 16:27:17+00:00,@multkimple,1672070186,in,,0,1,0,0,https://x.com/multkimple/status/1916167207371092399,"['RYABGL', 'mecimapro']",2,RYABGL,@multkimple
Harapan gue cuman 3 1. Sehat sehat sampai hari H+seminggu setelah konser day6 2) Tiketingnya lancar plis plisss jangan ngantri ngular kayak seventeen kemarin 3) Ga hujan *plis pakein pawang hujan yg ampuh cim @mecimapro,1.91619212995475E+018,2025-04-26 18:06:19+00:00,@manduniel,9.81456938775937E+017,in,,0,0,0,0,https://x.com/manduniel/status/1916192129954763249,['mecimapro'],1,mecimapro,@manduniel
@mecimapro SN Day6 mana woyy...Udah H-6 belum dikirim2 payah sekaliiii ,1.91632289582093E+018,2025-04-27 02:45:56+00:00,@Everyday_yant,220655183,in,,0,0,0,0,https://x.com/Everyday_yant/status/1916322895820935388,['mecimapro'],1,mecimapro,@Everyday_yant
H-6 konser day6 tapi SN belum keluar sama sekali ‍ @mecimapro Janjinya h-7. Plus refund 4M pun gaada progressnya,1.91634934104602E+018,2025-04-27 04:31:01+00:00,@beverlyseyo,1.83567759066701E+018,in,,0,0,3,7,https://x.com/beverlyseyo/status/1916349341046026501,['mecimapro'],1,mecimapro,@beverlyseyo
Aku diketawain gegara nntn fanpro trus nangis Ya gmn ya dri maret berusaha tegar. Pas part day6 di JIS njir bercucuran. Kek harusnya kita semua disana 3 mei besok Besok jangan lupa ke bank ya @mecimapro,1.9163556509235E+018,2025-04-27 04:56:06+00:00,@delfira_soo,1.33915357464365E+018,in,,0,0,0,0,https://x.com/delfira_soo/status/1916355650923507998,['mecimapro'],1,mecimapro,@delfira_soo
@mecimapro sn day6 kapan bro?,1.91635891479242E+018,2025-04-27 05:09:04+00:00,@enjeulia,3289852824,tl,,0,0,0,0,https://x.com/enjeulia/status/1916358914792427604,['mecimapro'],1,mecimapro,@enjeulia
dek refund nya mana @mecimapro #KawalRefundMecima #MyDayTagihMecima #MECIMA_NOT_PROfessional,1.91645817576457E+018,2025-04-27 11:43:29+00:00,@mydayrectioner,1.26117134763327E+018,in,,0,1,3,0,https://x.com/mydayrectioner/status/1916458175764574375,['mecimapro'],1,mecimapro,@mydayrectioner
Day6 3 mei besok yaa maksudnya . Yap karna gue baru bgtt bgt bgt suka day6 dan lagu2nya jadi pengen bgt lah nonton konsernya mereka. Kebayang histerisnya gue pas lg liburan ama temen2 krna mereka mau kesini lagi. Tapi ngga disangka ini jadi luka trauma dari @mecimapro,1.91648156432374E+018,2025-04-27 13:16:26+00:00,@NAYBRISAHWAN,1.16889266986043E+018,in,,0,0,0,0,https://x.com/NAYBRISAHWAN/status/1916481564323754213,['mecimapro'],1,mecimapro,@NAYBRISAHWAN
@mecimapro kok saya belum dapet email seat number buat day6 sih,1.91666971363739E+018,2025-04-28 01:44:04+00:00,@hoshismaid,1.21342380370908E+018,in,,0,0,0,0,https://x.com/hoshismaid/status/1916669713637392592,['mecimapro'],1,mecimapro,@hoshismaid
Mane ucapan hbd ke wonpil kocak masa sungbri doang yang lu ucapin? Member DAY6 itu 4 bukan dua kalo dua itu duo maya @mecimapro,1.91668436934508E+018,2025-04-28 02:42:18+00:00,@Disforus,1343759910,in,,0,0,0,6,https://x.com/Disforus/status/1916684369345085532,['mecimapro'],1,mecimapro,@Disforus
Kerja yang bener aelahhhhhhhh @mecimapro muak bener gua,1.91670331319984E+018,2025-04-28 03:57:35+00:00,@eajfries,1.4413145302822E+018,in,,0,0,0,0,https://x.com/eajfries/status/1916703313199845637,['mecimapro'],1,mecimapro,@eajfries
udah 10 tahun lebih di dunia perkonseran tapi cara kerja kalian masih primitif. gak bisa kah rekrut puluhan manusia untuk bantu lunasin deadline kalian untuk konser day6? @mecimapro hutang kalian masih banyak.,1.91675768650452E+018,2025-04-28 07:33:38+00:00,@nissseu,1.61746714081848E+018,in,,0,0,0,0,https://x.com/nissseu/status/1916757686504530206,['mecimapro'],1,mecimapro,@nissseu
@byndi_ @mecimapro Emang sistemnya bapuk. Welcome mpu tantular era,1.91677902177139E+018,2025-04-28 08:58:25+00:00,@miiyuss,1.2263192559703E+018,in,,0,0,0,0,https://x.com/miiyuss/status/1916779021771407746,"['byndi_', 'mecimapro']",2,byndi_,@miiyuss
Lu mending bubar dah @mecimapro,1.91677966224994E+018,2025-04-28 09:00:58+00:00,@miiyuss,1.2263192559703E+018,in,,0,0,3,2,https://x.com/miiyuss/status/1916779662249955749,['mecimapro'],1,mecimapro,@miiyuss
Masih aja bermasalah nih perkara qn? kapan si lu stop mempermainkan my day @mecimapro? @day6official my day indonesia udah capek banget sama mecima. Plis tahun depan kalo pengen ketemu my day jangan lagi sama mecima. Aku masih yakin day6 ada di pihak my day.,1.91678878918529E+018,2025-04-28 09:37:14+00:00,@istiqqq_,282579318,in,,0,0,4,0,https://x.com/istiqqq_/status/1916788789185306932,"['mecimapro', 'day6official']",2,mecimapro,@istiqqq_
Lu tuh masih ada 3 upcoming event di luar Day6 lho. Dan kayaknya belum sold out semua. Ya gimana orang mau beli klo utang refund aja molor bikin tnc seenaknya sendiri @mecimapro #KawalRefundMecima #MECIMA_NOT_PROfessional,1.91678899148934E+018,2025-04-28 09:38:02+00:00,@mypeacherry,1.41239291804474E+018,in,,0,0,1,0,https://x.com/mypeacherry/status/1916788991489356148,['mecimapro'],1,mecimapro,@mypeacherry
@BBUUNNAA @mecimapro Membership mahal. Ga dapet benefit apapun,1.91679081642247E+018,2025-04-28 09:45:17+00:00,@miiyuss,1.2263192559703E+018,in,,0,0,0,0,https://x.com/miiyuss/status/1916790816422482162,"['BBUUNNAA', 'mecimapro']",2,BBUUNNAA,@miiyuss
@belajarcukup @mecimapro Aku juga belum kakk,1.91680475032002E+018,2025-04-28 10:40:39+00:00,@miiyuss,1.2263192559703E+018,in,,0,1,0,0,https://x.com/miiyuss/status/1916804750320038317,"['belajarcukup', 'mecimapro']",2,belajarcukup,@miiyuss
@Salma_Azh @mecimapro Sama kak wkwkwk,1.91682970771648E+018,2025-04-28 12:19:49+00:00,@miiyuss,1.2263192559703E+018,in,,0,0,0,0,https://x.com/miiyuss/status/1916829707716481265,"['Salma_Azh', 'mecimapro']",2,Salma_Azh,@miiyuss
Kalo kata aku begitu selesai konser day6 di madya nanti kalian langsung bubar aja @mecimapro,1.91684420784898E+018,2025-04-28 13:17:27+00:00,@bassistadmirer,1261136755,in,,0,0,0,1,https://x.com/bassistadmirer/status/1916844207848997065,['mecimapro'],1,mecimapro,@bassistadmirer
abis konser day6 bangkrut yuk bangkrut @mecimapro,1.91684459750826E+018,2025-04-28 13:18:59+00:00,@briwoon,9.64221551968115E+017,in,,0,1,0,0,https://x.com/briwoon/status/1916844597508260319,['mecimapro'],1,mecimapro,@briwoon
Tolong mulai di refund bisa ga sambil nyiapin konser kalian mulai refund2 lagi? Bisa ga?? @mecimapro Ayo dong jangan lama2! #MecimaRefundSekarang #KawalRefundMecimaPro #DAY6_FOREVER_YOUNG_IN_JAKARTA_2025,1.91684462976638E+018,2025-04-28 13:19:07+00:00,@frommelodyy,1922812386,in,,0,0,1,0,https://x.com/frommelodyy/status/1916844629766385858,['mecimapro'],1,mecimapro,@frommelodyy
yaoloh ga nonton day6 tp stres jg liat dramanya ga habis2 @mecimapro tobat,1.91685106098913E+018,2025-04-28 13:44:40+00:00,@thaiicegreentea,1.20624898079697E+018,in,,0,0,0,0,https://x.com/thaiicegreentea/status/1916851060989141418,['mecimapro'],1,mecimapro,@thaiicegreentea
@journalin @mecimapro Ya Allah kasian ya fansnya day6,1.91685775535441E+018,2025-04-28 14:11:17+00:00,@butterfly1stluv,1.49228625521993E+018,in,,0,0,0,0,https://x.com/butterfly1stluv/status/1916857755354423797,"['journalin', 'mecimapro']",2,journalin,@butterfly1stluv
@sfsgyu @mecimapro Aku jg belum kak wkwkwk,1.91686091583805E+018,2025-04-28 14:23:50+00:00,@miiyuss,1.2263192559703E+018,in,,0,0,0,0,https://x.com/miiyuss/status/1916860915838058577,"['sfsgyu', 'mecimapro']",2,sfsgyu,@miiyuss
@shinsalabimz @mecimapro Aamiin otw pangkuan doun,1.91686095768853E+018,2025-04-28 14:24:00+00:00,@miiyuss,1.2263192559703E+018,in,,0,0,0,0,https://x.com/miiyuss/status/1916860957688549864,"['shinsalabimz', 'mecimapro']",2,shinsalabimz,@miiyuss
@mecimapro sn aku mana nih onty? Yg secured di atas jam 3 aja udh banyak yg dapet sn loh,1.91686597115288E+018,2025-04-28 14:43:55+00:00,@sumbreezin,1.42526732639229E+018,in,,0,0,0,0,https://x.com/sumbreezin/status/1916865971152888132,['mecimapro'],1,mecimapro,@sumbreezin
@mecimapro plis lah w cuma mo nonton day6 sumpahhh jangan kek lahhh,1.91687560916016E+018,2025-04-28 15:22:13+00:00,@michellenamia,472662961,in,,0,0,0,0,https://x.com/michellenamia/status/1916875609160179754,['mecimapro'],1,mecimapro,@michellenamia
Gw jadi fans day6 mah udah beneran bad mood gak mau dateng konser jahat banget lu @mecimapro beneran masuk jalur neraka bareng pemerintah ,1.91688396913364E+018,2025-04-28 15:55:26+00:00,@Miaow31,1.54721314061347E+018,in,,0,0,0,0,https://x.com/Miaow31/status/1916883969133654231,['mecimapro'],1,mecimapro,@Miaow31
@hanumevantyy @mecimapro Aku dr awal gak utak atik pembelianku jg blm dpt sn kak wkwk,1.91699535107424E+018,2025-04-28 23:18:02+00:00,@miiyuss,1.2263192559703E+018,in,,0,0,0,0,https://x.com/miiyuss/status/1916995351074246952,"['hanumevantyy', 'mecimapro']",2,hanumevantyy,@miiyuss
@rhiendingdong @mecimapro Waduh merinding nanti jadi shutter versi indonesia,1.91699561076457E+018,2025-04-28 23:19:04+00:00,@miiyuss,1.2263192559703E+018,in,,0,0,0,0,https://x.com/miiyuss/status/1916995610764578988,"['rhiendingdong', 'mecimapro']",2,rhiendingdong,@miiyuss
@choinoona @mecimapro Udh ada updet belum kak?,1.91699571712793E+018,2025-04-28 23:19:29+00:00,@miiyuss,1.2263192559703E+018,in,,0,1,0,0,https://x.com/miiyuss/status/1916995717127934092,"['choinoona', 'mecimapro']",2,choinoona,@miiyuss
@vanezintania @mecimapro Sama kak. Capek banget pengen kelar aja itu promotornya,1.91699584640057E+018,2025-04-28 23:20:00+00:00,@miiyuss,1.2263192559703E+018,in,,0,0,0,1,https://x.com/miiyuss/status/1916995846400577978,"['vanezintania', 'mecimapro']",2,vanezintania,@miiyuss
hari hari ada aja kelakuan lu @mecimapro tkt bgt tb h-1 day6 diganti wali,1.91705007842414E+018,2025-04-29 02:55:30+00:00,@lookin4kai,1.64426636724654E+018,in,,0,0,0,0,https://x.com/lookin4kai/status/1917050078424141904,['mecimapro'],1,mecimapro,@lookin4kai
tbtb dah kaga mood nonton day6 grgr mecima tai keinget fanproject ditolak SN dan refund belum diurus skrg ngatur kita pake dresscode apa. tai lu @mecimapro,1.91723813175948E+018,2025-04-29 15:22:45+00:00,@vanillaaddict0,1.17283816889622E+018,in,,0,1,0,1,https://x.com/vanillaaddict0/status/1917238131759481212,['mecimapro'],1,mecimapro,@vanillaaddict0
Halo @mecimapro Saya membeli tiket FY DAY6 di section Orange East melalui mecima shop ticket search menggunakan membership. Kemudian pada tgl 03 April sudah mengajukan refund. Selain itu saya juga tidak mengirimkan/membalas email update refund karena disitu jelas tertulis https://t.co/TIzLPJ1PBN,1.91741396983442E+018,2025-04-30 03:01:28+00:00,@yongchicks,1.36421913416726E+018,in,,101,13,421,492,https://x.com/yongchicks/status/1917413969834434820,['mecimapro'],1,mecimapro,@yongchicks
H-3 tp belum ada e-ticket &amp; SN. Saya dari Jogja berangkat 2 Mei sehingga butuh kepastian segera! Saya beli tiket konser DAY6 via @tiket bukan VIP memang. Tapi jangan anggap remeh pembeli reguler @mecimapro tanpa kami madya ga akan penuh,1.91741964604475E+018,2025-04-30 03:24:02+00:00,@meypirii,1.90040121583568E+018,in,,40,32,248,621,https://x.com/meypirii/status/1917419646044758303,"['tiket', 'mecimapro']",2,tiket,@meypirii
My Day Layangkan Surat Terbuka Kepada BPKN untuk Merilis Notulensi Pertemuan dengan Mecimapro #MyDay https://t.co/g2JeDAY5n9,1.9174218348172E+018,2025-04-30 03:32:44+00:00,@KpopChartNet,972179486,in,,23,0,527,682,https://x.com/KpopChartNet/status/1917421834817200344,[],0,,@KpopChartNet
@ssungday @mecimapro Iyaaa dini hari kak judul emailnya : E-Ticket - DAY6 FOREVER YOUNG IN JAKARTA 2025 Seperti di pict 3,1.91742243716952E+018,2025-04-30 03:35:07+00:00,@yongchicks,1.36421913416726E+018,in,,0,1,0,0,https://x.com/yongchicks/status/1917422437169520789,"['ssungday', 'mecimapro']",2,ssungday,@yongchicks
Halo @tiket udah H-3 konser Day6 kok yang beli tiket lewat platform kalian belum dapet eticket baru ya?. Coba tagih terus si @mecimapro buat kirim ke kalian kan kalian partnernya juga. Ayo lindungin customer kalian dan bantu dapetin haknya yuk,1.91742313386858E+018,2025-04-30 03:37:53+00:00,@junebluemoon,59763155,in,,0,1,0,1,https://x.com/junebluemoon/status/1917423133868581244,"['tiket', 'mecimapro']",2,tiket,@junebluemoon
Ticketing konser tergaje yg gw beli emanglah ya @mecimapro nie gak profesional udah H-3 kagak ada kabar kejelasa nie tiket Day6 gw,1.91742913760789E+018,2025-04-30 04:01:45+00:00,@Jjumyboy,1.21183621959779E+018,in,,0,0,0,0,https://x.com/Jjumyboy/status/1917429137607909634,['mecimapro'],1,mecimapro,@Jjumyboy
@fullsunienana @wonpilnasution @tiket @mecimapro First concert ku tp gini amat ceritanya sampe ngemis2 minta SN. Klo bkn krna day6 jg ogah sih buang2 energi,1.91743311674411E+018,2025-04-30 04:17:33+00:00,@meypirii,1.90040121583568E+018,in,,0,1,0,0,https://x.com/meypirii/status/1917433116744114670,"['fullsunienana', 'wonpilnasution', 'tiket', 'mecimapro']",4,fullsunienana,@meypirii
@wonpilnasution @fullsunienana @tiket @mecimapro Lah ternyata kita samaan Ternyata nonton konser day6 di JIS yg dibawa promotor @mecimapro itu cuma kek mimpi ya,1.91743732899134E+018,2025-04-30 04:34:18+00:00,@meypirii,1.90040121583568E+018,in,,0,1,0,0,https://x.com/meypirii/status/1917437328991346794,"['wonpilnasution', 'fullsunienana', 'tiket', 'mecimapro', 'mecimapro']",5,wonpilnasution,@meypirii
Notulensi Pertemuan Perwakilan Konsumen Konser DAY6 Forever Young in Jakarta dengan pihak promotor MECIMAPRO yang dimediasi oleh Badan Perlindungan Konsumen Nasional (BPKN) pada Jumat 18 April 2025. Notulensi ini disusun oleh Perwakilan Konsumen Konser DAY6 Forever Young in https://t.co/dlqnKhPvB2,1.91745355039082E+018,2025-04-30 05:38:45+00:00,@mydayberserikat,1.70958071343421E+018,in,,1680,0,3202,3945,https://x.com/mydayberserikat/status/1917453550390829515,[],0,,@mydayberserikat
GILAAAKKKKK MERINDINGGGG AKU BACANYAAAA (+) MERINDING KARNA SEBEGITU KERASNYA USAHA ETMIN MDBKT MEMPERJUANGKAN HAK MY DAY YG DIRAMPAS OLEH @mecimapro (-) MERINDING KARNA SEMUA TUNTUTAN KONSUMEN TIDAK BISA DIPENUHI OLEH MECIMA,1.91745504114705E+018,2025-04-30 05:44:41+00:00,@mvpsiska223,2590917396,in,,16,2,1432,3255,https://x.com/mvpsiska223/status/1917455041147068624,['mecimapro'],1,mecimapro,@mvpsiska223
udah paling bener yang nonton konser nanti bantu protes pas photo section. Gak usah nunggu artisnya turun panggung. Gak usah KASIAN sama artisnya. KASIAN SAMA DIRI KALIAN SENDIRI UDAH DIINJEK INJEK @mecimapro #MyDayTagihMecima #MECIMA_NOT_PROfessional,1.91746011393135E+018,2025-04-30 06:04:50+00:00,@tyasty97,420788306,in,,11,2,239,324,https://x.com/tyasty97/status/1917460113931358514,['mecimapro'],1,mecimapro,@tyasty97
D-3 konser Day6. Sampe sekarang belum dapet email tiket terbaru dan SN-nya. Aku beli di tikom btw. Mau full excited tapi masih cemas. Gimana nih @mecimapro @tiket ? #DAY6 #DAY6_FOREVER_YOUNG_JAKARTA_2025 #FOREVER_YOUNG,1.9174642324232E+018,2025-04-30 06:21:12+00:00,@shimclover,1.26975780142688E+018,in,,0,1,0,0,https://x.com/shimclover/status/1917464232423219302,"['mecimapro', 'tiket']",2,mecimapro,@shimclover
Mohon disegerakan urusan sn Day6 Jakarta yah @tiket. Harus ditegas atau saman aja @mecimapro kerana udah melanggar syarat minimal 7 hari sebelum konser untuk mendapatkan sn udah menyulitkan semua pihak utk berurusan. Di masa hadapan gak perlu berkerjasama sama promoter zalim.,1.91747342747424E+018,2025-04-30 06:57:44+00:00,@woobizzati,287452338,in,,0,3,6,5,https://x.com/woobizzati/status/1917473427474243738,"['tiket', 'mecimapro']",2,tiket,@woobizzati
@gweghea @mecimapro Wahh gmn ni @tiket @mecimapro bakal dikirim e-tiket upgrade ga ni ?? #DAY6_3RD_WORLDTOUR_Jakarta #Day6inJakarta #day6,1.91747762678204E+018,2025-04-30 07:14:25+00:00,@uyokmojo,64643354,in,,0,0,0,0,https://x.com/uyokmojo/status/1917477626782048398,"['gweghea', 'mecimapro', 'tiket', 'mecimapro']",4,gweghea,@uyokmojo
h-3 konser day6 dan gue belum dpt refund mksdnya apa ya cim @mecimapro,1.91753527569955E+018,2025-04-30 11:03:30+00:00,@kissezhul,1.54507821773572E+018,in,,0,0,0,0,https://x.com/kissezhul/status/1917535275699560635,['mecimapro'],1,mecimapro,@kissezhul
@bbyycheetah @mecimapro Refund yg day6 kh din??,1.91754921257483E+018,2025-04-30 11:58:53+00:00,@djjxyss,1.03574243332824E+018,in,,0,1,0,0,https://x.com/djjxyss/status/1917549212574835187,"['bbyycheetah', 'mecimapro']",2,bbyycheetah,@djjxyss
Holla Holla apakah ada disini yang section pink b sendirian?? Aku mau cari temann karena datang sendirianㅠ.ㅠ Biasanya kalau mau konser seneng tapi kali ini kok beda rasanya yaa perkara mecimapro Pokoknya winda dateng demi day6 yaa bukan demi looo melani.,1.91774464651783E+018,2025-05-01 00:55:28+00:00,@windaagustin07,245766721,in,,0,0,0,0,https://x.com/windaagustin07/status/1917744646517842260,[],0,,@windaagustin07
Ini sampe D-3 SN/QN belum kelar distribusinya refund gak dijalanin anak Day6 nanti udah otw Jakarta..kaya aku mah minimal malu @mecimapro #KawalRefundMecima #MECIMA_NOT_PROfessional,1.91774583076699E+018,2025-05-01 01:00:10+00:00,@netkirei,56996790,in,,0,1,1,0,https://x.com/netkirei/status/1917745830766993569,['mecimapro'],1,mecimapro,@netkirei
konser encore day6 jakarta sehari satu gebrakan. fuck you @mecimapro,1.91788320326589E+018,2025-05-01 10:06:02+00:00,@naleeccha,1.62514813063856E+018,in,,0,0,0,0,https://x.com/naleeccha/status/1917883203265892590,['mecimapro'],1,mecimapro,@naleeccha
semua kpopers harus berserikat buat boikot @mecimapro boycott at all cost. sumpah demi apapun cukup sampe myday aja penderitaan dan semua drama ini. ya allah we dont deserved it.,1.91788956978735E+018,2025-05-01 10:31:20+00:00,@advwenturest,1.18227245347034E+018,in,,232,2,5556,7961,https://x.com/advwenturest/status/1917889569787355220,['mecimapro'],1,mecimapro,@advwenturest
nyimak kasus konser day6 fansnya kasian njir dzolim bener2 lu @mecimapro,1.91789354850832E+018,2025-05-01 10:47:09+00:00,@koobibayi,1.6541215924511E+018,in,,0,2,0,0,https://x.com/koobibayi/status/1917893548508320019,['mecimapro'],1,mecimapro,@koobibayi
Contoh nyata alasan tiket day6 besok ga sold out gara2 @mecimapro Promotor yang ga BECUS!!! GUE DOAIN BENERAN BANGKRUT LU PROMOTOR SEKELAS PENSI AJA BANYAK GAYA,1.91789423475101E+018,2025-05-01 10:49:52+00:00,@yustikaviani,392647929,in,,0,0,0,0,https://x.com/yustikaviani/status/1917894234751013180,['mecimapro'],1,mecimapro,@yustikaviani
ya Allah kita cuma mau ketemu day6 segini dipersulitnya ? @mecimapro,1.9178955747766E+018,2025-05-01 10:55:12+00:00,@sungdounly,1.77543349755519E+018,in,,0,0,0,0,https://x.com/sungdounly/status/1917895574776607220,['mecimapro'],1,mecimapro,@sungdounly
GUE GA MAU REFUND @tiket @mecimapro GUE MAU TIKET GUE @tiket @mecimapro GUE WAR DARI YANG TANGGAL 7 JANUARI LO BENER2 DARI AWAL GA ADA NIATAN REFUND SAMSEK SOALNYA GUE MAU KETEMU DAY6. GUE GA MAU TAU MASALAH LO BEDUA ITU APA @mecimapro @tiket,1.91789583903459E+018,2025-05-01 10:56:15+00:00,@hanactzen,1.2894942691037E+018,in,,0,1,1,1,https://x.com/hanactzen/status/1917895839034601962,"['tiket', 'mecimapro', 'tiket', 'mecimapro', 'mecimapro', 'tiket']",6,tiket,@hanactzen
we DEMAND YOU to not work with mecimapro again in the future @jypnation @KJstyle7 @day6official @DAY6BOBSUNG_JIN @Dw_day6_drummer @DAY6__SUNGJIN,1.91789816777929E+018,2025-05-01 11:05:30+00:00,@dowoonverse,453964461,en,,27,1,1867,1962,https://x.com/dowoonverse/status/1917898167779295555,"['jypnation', 'KJstyle7', 'day6official', 'DAY6BOBSUNG_JIN', 'Dw_day6_drummer', 'DAY6__SUNGJIN']",6,jypnation,@dowoonverse
dan yap mimpi gw &amp; pepa buat nonton konser day6 hilang begitu saja you can go fuck yourself @mecimapro @tiket,1.91790811363161E+018,2025-05-01 11:45:01+00:00,@naeistrash,1.29454564365912E+018,in,,0,2,0,1,https://x.com/naeistrash/status/1917908113631613276,"['mecimapro', 'tiket']",2,mecimapro,@naeistrash
ASAL LO TAU INI KONSER PERTAMA GUE NONTON DAY6 @mecimapro DILUAR KONSER PERSUJUAN TAPI LO GINIIN GUE SIALANNNN,1.9179099552624E+018,2025-05-01 11:52:21+00:00,@Honeyvoice0203,79668536,in,,0,0,0,0,https://x.com/Honeyvoice0203/status/1917909955262418951,['mecimapro'],1,mecimapro,@Honeyvoice0203
caratdeul yuk sama2 berdoa semoga next concert event apapun itu seventeen gak kerjasama lagi sama mecimapro aku gak kuat bgt dr svt sampe day6 ini malah makin parah bgt jgn tergiur soundcheck dll yaa plis kali ini harus satu suaraa ketik 1 untuk aamiin,1.91792712702401E+018,2025-05-01 13:00:35+00:00,@nonverarea,1.2568379579289E+018,in,,0,0,0,1,https://x.com/nonverarea/status/1917927127024021984,[],0,,@nonverarea
Akhir nya refund juga aku. KARENA SUDAH TIDAK MASUK DI AKAL SEHATKU!! Kalo kalian konser (lagi) @day6official #day6 @jypnation @bnj_ent jangan sama @mecimapro @mecima_shop yaa #MECIMA_NOT_PROfessional,1.91794157069289E+018,2025-05-01 13:57:58+00:00,@HepniYun,49529884,in,,0,0,0,0,https://x.com/HepniYun/status/1917941570692894910,"['day6official', 'jypnation', 'bnj_ent', 'mecimapro', 'mecima_shop']",5,day6official,@HepniYun
At this point gue cuma mau @mecimapro downfall harus nya gue bisa ketemu day6 tahun ini harus nya gue bisa nonton konser 3/4 idol yang gue stan tahun ini. Harus nya gue bisa ngasih kado ulang tahun terbaik buat diri gua sendiri tahun ini.,1.91795763290168E+018,2025-05-01 15:01:48+00:00,@scnrypity,1.3136730570855E+018,in,,0,0,0,3,https://x.com/scnrypity/status/1917957632901681546,['mecimapro'],1,mecimapro,@scnrypity
at the end of the day kita teh jatohnya ngebiayain/nyumbang subsidi si melani dan antek nya ketemu day6 anyink buset dah duit refund ge masih ketahan ini kalau hukum indo lo bisa kebal semoga hukum Tuhan mengadili lo seadil adilnya atas perbuatan dzolim lo ini @mecimapro,1.91810130024144E+018,2025-05-02 00:32:41+00:00,@danggeunddalgi,1.41902663900282E+018,in,,0,1,2,20,https://x.com/danggeunddalgi/status/1918101300241449358,['mecimapro'],1,mecimapro,@danggeunddalgi
pokonya!!! hrs!!! birthday!!! party!!! brg!!! day6!!! tapi!!! P A T U N G A N @mecimapro @ChulChuChul,1.9181088254729E+018,2025-05-02 01:02:35+00:00,@aurtwt,8.73635679107899E+017,in,,0,2,3,8,https://x.com/aurtwt/status/1918108825472909489,"['mecimapro', 'ChulChuChul']",2,mecimapro,@aurtwt
@lovelydw0825 There are many proofs Melani (owner mecima) and her gang (her employes) are ssaeng. Literally melani established mecimapro to facilitate her ssaeng behavior. I hope K-Myday can spread this in hope day6 can acknowledge this facts. I hope day6 cut ties with mecima !!!,1.91811458904224E+018,2025-05-02 01:25:29+00:00,@myumyuleea,1.08668638075374E+018,en,,9,1,85,1246,https://x.com/myumyuleea/status/1918114589042254244,['lovelydw0825'],1,lovelydw0825,@myumyuleea
Ga peduli lu punya motivasi apa ngundang day6 @mecimapro mo rayain ultahlu kek mau rayain 7bulanan nenek lu kek mau rayain 100rb harian buyutnya buyut lu kek... ga urus mel asli.... sumpah dengan kerendahan hati lu muncul di publik ga usah pas konser desik besok gue yakin orang,1.91828035303235E+018,2025-05-02 12:24:10+00:00,@gomjjinpengsoo,1.78091691318878E+018,in,,0,0,0,1,https://x.com/gomjjinpengsoo/status/1918280353032360136,['mecimapro'],1,mecimapro,@gomjjinpengsoo
guys kalo kalian mau tetep nonton dan beli tiket day6 gausah ots bisa beli di aku aja aku kenal calo trusted temenku sendiri. Harganya juga dibawah pasaran. Text me if u want ya semangat myday. Send hug ig : chikacallistaa #DAY6 #DAY6_3RD_WORLDTOUR #mecimapro #mecima,1.91828067069634E+018,2025-05-02 12:25:26+00:00,@younameittt,1.03519171913696E+018,in,,0,2,0,2,https://x.com/younameittt/status/1918280670696358263,[],0,,@younameittt
Bisa gk sih besok day6 cover lagu indo lagi? Tapi lagu D Masiv - Cinta ini Membunuhku ya soalnya emang rasa cinta ke day6 ini berdarah2 banget dan perlahan membunuh @mecimapro,1.91828818701075E+018,2025-05-02 12:55:18+00:00,@mochimawru,1.04451366085962E+018,in,,0,0,0,1,https://x.com/mochimawru/status/1918288187010760912,['mecimapro'],1,mecimapro,@mochimawru
gk rela bgt day6 gweh diginiin ma mecima anjg bgt lu @mecimapro,1.9184554336664E+018,2025-05-02 23:59:53+00:00,@abellrecently,1.79803686661434E+018,in,,0,0,0,1,https://x.com/abellrecently/status/1918455433666404458,['mecimapro'],1,mecimapro,@abellrecently
Belasan tahun ngonser kpop gapernah seburuk ini.. Dr awal ticketing pindah venue sampai hari H.. BURUK..!!! Gila lu ya @mecimapro Tanya sama semua yg datang konser #Day6 hari ini.. Ada ga yg senang..?! KONSER DENGAN PROMOTOR TEBURUK YANG PERNAH GW DATANGI..,1.91860789404128E+018,2025-05-03 10:05:42+00:00,@itaJuwi,63023900,in,,0,0,0,0,https://x.com/itaJuwi/status/1918607894041285056,['mecimapro'],1,mecimapro,@itaJuwi
isi tl gue kebanyakan inter fans korea yg murka sm konser encore #DAY6_3RD_WORLDTOUR_Jakarta maluuu cim maluuu @mecimapro ,1.91861911004659E+018,2025-05-03 10:50:16+00:00,@dewiisrtika_,111539625,in,,0,0,0,4,https://x.com/dewiisrtika_/status/1918619110046609715,['mecimapro'],1,mecimapro,@dewiisrtika_
Konser day6 jakarta ini bikin malu banget @mecimapro. Ini se-Indo kena njir karena fans luar ya ada. Dih dzalim urusan begini nambahin beban ae lu jadi wni elah,1.91862585381191E+018,2025-05-03 11:17:04+00:00,@exospaww,1.10185005889334E+018,in,,0,0,0,0,https://x.com/exospaww/status/1918625853811925303,['mecimapro'],1,mecimapro,@exospaww
nangis bgt liat konser day6... kacau kata gue KACAU @mecimapro,1.91863589276528E+018,2025-05-03 11:56:58+00:00,@pudubbych,1.36222015229771E+018,in,,0,0,0,0,https://x.com/pudubbych/status/1918635892765282635,['mecimapro'],1,mecimapro,@pudubbych
gua bukan myday tapi sumpah mau nangis liat konser day6 kaya gitu. @mecimapro sampe kamus bahasa kotor gue keknya gacukup deh buat ngatain lu. orang nonton konser bayar anjir tapi treatment lo ga banget tai,1.91864445516422E+018,2025-05-03 12:30:59+00:00,@blujeals,1.74529429699003E+018,in,,0,0,0,0,https://x.com/blujeals/status/1918644455164235919,['mecimapro'],1,mecimapro,@blujeals
semoga enhypen kl konser promotornya bukan lo ya @mecimapro . liat konser day6 hari ini ngenes bgt mana refundnya gajelas tot.,1.91865193784902E+018,2025-05-03 13:00:43+00:00,@ddeonbby,1.67552388243717E+018,in,,0,0,0,0,https://x.com/ddeonbby/status/1918651937849037063,['mecimapro'],1,mecimapro,@ddeonbby
THIS IS WHAT THE PROMOTER DIDN T SHOW YOU @jypnation @day6official @LiveNation @LiveNationKpop FANS LEFT OUTSIDE THE VENUE. NO REFUND AFTER THE CONCERT WAS MOVED FROM JIS TO MADYA. MECIMAPRO STILL OWES AROUND ₩330 000 000 TO 1 900 FANS AND COUNTING. A CONCERT SHOULD NOT BE https://t.co/1W2AsTnj7D,1.91867617229842E+018,2025-05-03 14:37:01+00:00,@switjchaos,1.5927138438803E+018,en,,252,37,6778,11760,https://x.com/switjchaos/status/1918676172298432881,"['jypnation', 'day6official', 'LiveNation', 'LiveNationKpop']",4,jypnation,@switjchaos
Mana moving chartnya? Kenapa jadi DAY6 lu suruh jalan kaki keliling madya? @mecimapro,1.91869817661517E+018,2025-05-03 16:04:27+00:00,@stawrberrycake,1.21203662246569E+018,in,,4,0,4,12,https://x.com/stawrberrycake/status/1918698176615170220,['mecimapro'],1,mecimapro,@stawrberrycake
KOK FANPRO DAY6 PAKE AI KAYA COMPANY PROFILE ANJRIT @mecimapro LU SINTING KAHHHH,1.91870413685141E+018,2025-05-03 16:28:08+00:00,@bbypink_suh,3301431460,in,,0,0,0,0,https://x.com/bbypink_suh/status/1918704136851423493,['mecimapro'],1,mecimapro,@bbypink_suh
YOUNGK BOWING 90 DEGREE TO US IT'S THE PROMOTOR FAULT BUT THEY DIDN'T ASK FOR ANY APOLOGY TO US INSTEAD DAY6 WHO DID IT WHEN THEY'RE ALSO THE VICTIM OF MECIMA SHAME ON YOU MELANI I HOPE YOU ROT IN HELL! @mecimapro https://t.co/XAgMa7gIBi,1.91870701810737E+018,2025-05-03 16:39:35+00:00,@bassistadmirer,1261136755,en,,8,0,87,262,https://x.com/bassistadmirer/status/1918707018107388406,['mecimapro'],1,mecimapro,@bassistadmirer
FAK BGT LU BIKIN GUE NANGIS!!!!!! YG HARUSNYA GUE KONSERAN DIDALEM HEALING BUAT GUE KRN DAY6 SUMBER BAHAGIA GUE DIRENGGUT SM LO DAN LO GAK MINTA MAAF KE MYDAY! MAKAN TUH EGO LO @mecimapro BUBAR DEH LO GABECUS KERJAANLO SAT,1.91870794176028E+018,2025-05-03 16:43:15+00:00,@ruelstime,461060659,in,,0,0,4,4,https://x.com/ruelstime/status/1918707941760283072,['mecimapro'],1,mecimapro,@ruelstime
ah anjir jd inget @DyandraGlobal miss e sampe sujud di panggung padahal krn kesalahan fans dorong dorongan tp ini @mecimapro udh jelas semua kesalahan ada dia tapi masih muka tebel bgt gatau malu angangangang #DAY6_3RD_WORLDTOUR_Jakarta,1.91870879074634E+018,2025-05-03 16:46:38+00:00,@citrafbri,1914372116,in,,0,1,2,7,https://x.com/citrafbri/status/1918708790746349857,"['DyandraGlobal', 'mecimapro']",2,DyandraGlobal,@citrafbri
EMANG SEMUA INI TUH SALAH MECIMA ANJINGGGG GARA-GARA MECIMA GUA NGERASA SEDIH DAN MARAH SAMA DAY6 FUCK YOU @mecimapro,1.91870934372754E+018,2025-05-03 16:48:50+00:00,@mashedpicato,110859728,in,,0,0,0,0,https://x.com/mashedpicato/status/1918709343727554693,['mecimapro'],1,mecimapro,@mashedpicato
this feels like consequences of mecima s actions but instead myday and day6 got the worst of it. this shouldnt have happened in the first place if mecima actually did their work. i hope u the worst @mecimapro pls be ashamed always.,1.91871306562296E+018,2025-05-03 17:03:37+00:00,@kittyounghyuns,1.4058741778951E+018,en,,1,0,361,608,https://x.com/kittyounghyuns/status/1918713065622962194,['mecimapro'],1,mecimapro,@kittyounghyuns
salah lu @mecimapro asli jahat lu dzolim gue yang gak stan day6 aja frustasi gila liatnya apalagi fans nya,1.91871464705561E+018,2025-05-03 17:09:54+00:00,@0104HJJ,1.53618995432105E+018,in,,0,0,0,0,https://x.com/0104HJJ/status/1918714647055614457,['mecimapro'],1,mecimapro,@0104HJJ
Anjir lah begini kalau promotor musik dipegang modelan NPD macam Melani @mecimapro sama Stepani Decul Chulchuchul. Pengen kelihatan dibilang gw hebat lho bisa kerjain ini bisa bikin sold out padahal gak ada kerjanya yg beres sama sekali. #DAY6_3RD_WORLDTOUR_Jakarta,1.91871588369603E+018,2025-05-03 17:14:49+00:00,@zrsuyree,487399795,in,,0,1,1,2,https://x.com/zrsuyree/status/1918715883696042247,['mecimapro'],1,mecimapro,@zrsuyree
semua gara gara elu ya anjeng bikin hubungan MyDay sama DAY6 jadi kaya gini @mecimapro,1.91871845157899E+018,2025-05-03 17:25:01+00:00,@chaereog,1677426576,in,,0,0,0,0,https://x.com/chaereog/status/1918718451578999222,['mecimapro'],1,mecimapro,@chaereog
sumpah semoga day6 tau kalo kita tuh marah ke promotor anjeng @mecimapro,1.91872285267448E+018,2025-05-03 17:42:30+00:00,@cleffairyy,3000761707,in,,0,0,0,0,https://x.com/cleffairyy/status/1918722852674486337,['mecimapro'],1,mecimapro,@cleffairyy
Hi @mecimapro is a bunch of SASAENG. FYI: We were served spoiled food the tent collapsed in the middle of the concert queue our billions-worth of money is still owed by the promoter. We were scammed &amp; so was DAY6 for the past 5 months. They ve alrd damaged ur band s reputation,1.91872408538074E+018,2025-05-03 17:47:24+00:00,@tearamizu,158247789,en,,4,6,242,915,https://x.com/tearamizu/status/1918724085380743662,['mecimapro'],1,mecimapro,@tearamizu
cim mungkin untuk nambah portofolio lu boleh coba handle konser day6 di korea @mecimapro,1.91873664521145E+018,2025-05-03 18:37:19+00:00,@dari_youngk,1.2495471330043E+018,in,,0,0,0,7,https://x.com/dari_youngk/status/1918736645211459591,['mecimapro'],1,mecimapro,@dari_youngk
gila day6 konsernya baru mulai hampir jam 9 . stress lu @mecimapro,1.91874041891461E+018,2025-05-03 18:52:18+00:00,@aintgojo,1.0148198416628E+018,in,,0,1,0,0,https://x.com/aintgojo/status/1918740418914627875,['mecimapro'],1,mecimapro,@aintgojo
Tetiba sedih lagi kalo mikir kenapa ini semua harus terjadi disaat aku lagi sayang2nya sama day6 Hope u rot in hell @mecimapro,1.91874291507488E+018,2025-05-03 19:02:14+00:00,@milkeuteee,1.16515730371826E+018,in,,0,1,0,1,https://x.com/milkeuteee/status/1918742915074896118,['mecimapro'],1,mecimapro,@milkeuteee
setelah melihat huru hara konser day6 kemarin gw harap lu pada @ENHYPEN_members jangan mau di bawain promotor @mecimapro ini ya jir. pls bgt ya pen,1.91880820418165E+018,2025-05-03 23:21:40+00:00,@DE4RHEESEUNG,1.25843133173991E+018,in,,0,1,0,9,https://x.com/DE4RHEESEUNG/status/1918808204181660059,"['ENHYPEN_members', 'mecimapro']",2,ENHYPEN_members,@DE4RHEESEUNG
Tolong banget. Jangan bawa Day6 lagi @mecimapro Biarkan Day6 dibawa oleh promotor lain yang lebih mampu memegang kepercayaan customer.,1.91883000270486E+018,2025-05-04 00:48:17+00:00,@larutanmicin,333881153,in,,0,1,0,0,https://x.com/larutanmicin/status/1918830002704875937,['mecimapro'],1,mecimapro,@larutanmicin
mlm nangisin day6 pagi nangisin day6 cape elah smua gara2 mecima sialan jgn lupa bayar refund @mecimapro !!!,1.91883745089965E+018,2025-05-04 01:17:53+00:00,@tobelidaifuku,113837160,in,,0,0,0,0,https://x.com/tobelidaifuku/status/1918837450899657130,['mecimapro'],1,mecimapro,@tobelidaifuku
sampe sekarang foto blm di up sama akun day6 padahal biasanya after concert lngsung di up knpa kak? gaboleh sama @mecimapro soalnya kepalang malu haha,1.9188374733855E+018,2025-05-04 01:17:58+00:00,@ydwovrdss,1.49674025653142E+018,in,,1,0,0,8,https://x.com/ydwovrdss/status/1918837473385517092,['mecimapro'],1,mecimapro,@ydwovrdss
Bukan myday tp suka denger bbrp lagu day6 dan jd ngikutin huru hara konser krn sialnya yg bawa mecimapro yg mana itu promotor gila yg ga pernah kasih kepuasan ke konsumen ngeliat hari ini se brutal itu ikutan sedih bgt. Gw sebagai org yg pernah terdzolimi mecima mau bilang,1.91884283714938E+018,2025-05-04 01:39:17+00:00,@vernunline,1649449867,in,,0,1,0,0,https://x.com/vernunline/status/1918842837149384880,[],0,,@vernunline
Mecima @mecimapro lu harusnya yang minta maaf bukan day6 lu juga hrsnya yg ngaku ke mrk kalau kerjaan lu yg gak bener sehingga bikin fans marah Jgn lupa sambil refund konser dah berakhir tapi duit orang2 belum lu balikin gak malu? #MECIMA_NOT_PROfessional #KawalRefundMecima,1.91884972655819E+018,2025-05-04 02:06:39+00:00,@ssinta18,2538626094,in,,0,0,0,0,https://x.com/ssinta18/status/1918849726558192091,['mecimapro'],1,mecimapro,@ssinta18
Bahkan youngk sampe bow 2x Harusnya lu melani yg begini sambil minta maaf! @mecimapro #DAY6_3RD_WORLDTOUR_Jakarta https://t.co/Wa5b256qVL,1.91885314665215E+018,2025-05-04 02:20:15+00:00,@Mell_Maysilia,608900184,in,,9,0,171,631,https://x.com/Mell_Maysilia/status/1918853146652152199,['mecimapro'],1,mecimapro,@Mell_Maysilia
memang yg paling bangsat di sini itu lo pada @mecimapro bahkan sampe detik ini NGGAK ADA SATUPUN UCAPAN MINTA MAAF DARI KALIAN?! udah puas sekarang belum? kalian udah bisa memecah belah My Day dan DAY6 di titik ini lohh ,1.91885385585013E+018,2025-05-04 02:23:04+00:00,@dosmamon,68098654,in,,0,0,3,1,https://x.com/dosmamon/status/1918853855850147935,['mecimapro'],1,mecimapro,@dosmamon
Selamat ulang tahun ya onty melani udah kan dirayain day6 ultahnya? Seneng donk? Smoga Tuhan melembutkan hati mu agar mau minta maaf sam semua yg dirugikan semoga Tuhan memudahkan jalanmu untuk merefund duit myday dan bayar vendor semoga jidat lo gak makin mundur @mecimapro,1.91885701025644E+018,2025-05-04 02:35:36+00:00,@heidy_alkaff,79126299,in,,0,0,0,0,https://x.com/heidy_alkaff/status/1918857010256445524,['mecimapro'],1,mecimapro,@heidy_alkaff
Timeline gue isinya ke chaos-an konser Day6 semalem Sebagai salah satu k-pop fan yang suka nonton konser idol juga gue ngerasa @mecimapro emang bobrok banget. Nggak pernah mau berbenah dan dengerin apa kata konsumen ,1.91885956910466E+018,2025-05-04 02:45:46+00:00,@bunnykasep16,1.6033212730518E+018,in,,0,0,0,1,https://x.com/bunnykasep16/status/1918859569104671091,['mecimapro'],1,mecimapro,@bunnykasep16
Jadi confetti konser taeyeon bisa dipakai di konser day6 staff lu @mecimapro yg pungutin confettinya pas konser taeyeon atau lu minta sisa confetti ke @DyandraGlobal mel?,1.91886128080426E+018,2025-05-04 02:52:34+00:00,@gyuzeezi,484472650,in,,0,0,0,0,https://x.com/gyuzeezi/status/1918861280804262283,"['mecimapro', 'DyandraGlobal']",2,mecimapro,@gyuzeezi
Pagi ini gue ga ngerasain PCD dari konser semalam. Cuma ada rasa sedih dan kecewa yang masih still lingering Congratulations for ruining our memories that should ve been a good memories for My Day and DAY6 @mecimapro,1.91886390365357E+018,2025-05-04 03:03:00+00:00,@capric0rnboys,1.12727112105985E+018,in,,0,1,7,10,https://x.com/capric0rnboys/status/1918863903653572846,['mecimapro'],1,mecimapro,@capric0rnboys
Ekh cim jangan lupa di bayar ya DAY6 nya jangan di cicil @mecimapro,1.91889171403241E+018,2025-05-04 04:53:30+00:00,@caskhlh,1380768996,in,,0,0,0,0,https://x.com/caskhlh/status/1918891714032410662,['mecimapro'],1,mecimapro,@caskhlh
Fix day6 sama sekali ga upload foto after concert semalem. Shame on you @mecimapro and MELANI DKK.,1.91890607816465E+018,2025-05-04 05:50:35+00:00,@MarshmallowJTY,1.35899263231206E+018,in,,0,0,0,1,https://x.com/MarshmallowJTY/status/1918906078164660483,['mecimapro'],1,mecimapro,@MarshmallowJTY
Halo gue ga peduli lo masih down abis diomelin Korean staffs atau abis dikeplak yang jelas besok Senin lo bawa daftar refund dan duit lo itu ke Bank LANJUTKAN REFUND. Day 16 @mecimapro still hold our refund money and seems like had no intention to give it back @day6official,1.91893891704E+018,2025-05-04 08:01:04+00:00,@CheekbonesDayum,2921571877,in,,15,1,888,1317,https://x.com/CheekbonesDayum/status/1918938917040009627,"['mecimapro', 'day6official']",2,mecimapro,@CheekbonesDayum
@Koreaboo dear @HYBEOFFICIALtwt @ygent_official @pledis_17 please no more use of @mecimapro . they're pro scammers. they still didn't pay SVTRH venue fee last year day6 Surabaya venue fee and some vendors speak up that @mecimapro stil didn't paid even after year..,1.91894478038331E+018,2025-05-04 08:24:22+00:00,@itsme_freyaa,357308656,en,,2,1,85,726,https://x.com/itsme_freyaa/status/1918944780383310078,"['Koreaboo', 'HYBEOFFICIALtwt', 'ygent_official', 'pledis_17', 'mecimapro', 'mecimapro']",6,Koreaboo,@itsme_freyaa
Day6 sama myday lewat mulu di timeline baca dan nontonin klip klip-nya ikutan sedih. Jahat bgt lu dasar promotor dzolim tanggung jawab lu di akhirat berat eh tapi lu mah udh gada iman sih ya @mecimapro,1.91895086685136E+018,2025-05-04 08:48:33+00:00,@anassheany,148318931,in,,0,0,0,1,https://x.com/anassheany/status/1918950866851373538,['mecimapro'],1,mecimapro,@anassheany
@day6official WE ARE NOT MAD BECAUSE OF THE WEATHER IT S MORE THAN THAT ANJIRLAAAHHHH THE LOCAL PROMOTER IS THE REAL PROBLEM!!! PLEASE DO HEAR US AND STOP WORKING WITH MECIMAPRO,1.91895232333997E+018,2025-05-04 08:54:20+00:00,@dowoonverse,453964461,en,,69,43,2865,17114,https://x.com/dowoonverse/status/1918952323339976935,['day6official'],1,day6official,@dowoonverse
Day6 kemarin langsung minta maaf diatas panggung dan baru aja minta maaf lagi. @mecimapro mel ga malu mel? padahal yg salah siapa mel? coba mel kasih tau mel,1.9189523426464E+018,2025-05-04 08:54:25+00:00,@mwonjeon,1.44829258421272E+018,in,,0,1,0,5,https://x.com/mwonjeon/status/1918952342646403396,['mecimapro'],1,mecimapro,@mwonjeon
Lu ngomong apa ke day6 hah??? @mecimapro,1.91895282561206E+018,2025-05-04 08:56:20+00:00,@lareina_sari,3069113568,in,,0,0,0,1,https://x.com/lareina_sari/status/1918952825612075519,['mecimapro'],1,mecimapro,@lareina_sari
@day6official It's not only the delay schedule and the weather. The biggest problem ia promoter. Please change the local promoter on the next concert in Indonesia. Don't work with @mecimapro again. Thank you #JusticeForMyDay #MECIMA_NOT_PROfessional #KawalRefundMecima #mecimarefundsekarang https://t.co/2KQDUNez2P,1.91895408446112E+018,2025-05-04 09:01:20+00:00,@winterinsm,1.00447949335488E+018,en,,0,1,195,966,https://x.com/winterinsm/status/1918954084461126117,"['day6official', 'mecimapro']",2,day6official,@winterinsm
rasanya gue pengen nyekek melani ama stephanie sekarang lu ngomong apa ke team day6 bangsat tante memek lu @mecimapro,1.91895459333919E+018,2025-05-04 09:03:22+00:00,@melojikwon,1.3491710020984E+018,in,,0,1,0,8,https://x.com/melojikwon/status/1918954593339195689,['mecimapro'],1,mecimapro,@melojikwon
gue nangis bgt anj myday sama day6 diginiin sama dakjal @mecimapro. melanie lu minimal kalau tolol ya goblok aja jngan ikutan sifatlu kek setan anj mampus kata gue bangkrut bangkrut aja katanya lu lagi down kan? bomat jing lu pantes nerima itu semua. #MECIMA_NOT_PROfessional,1.91895747455349E+018,2025-05-04 09:14:49+00:00,@oktitrack,1.13172034496259E+018,in,,0,0,0,0,https://x.com/oktitrack/status/1918957474553507864,['mecimapro'],1,mecimapro,@oktitrack
Sumber masalah terbesarnya malah diem aja nggak ada permintaan maaf dan nggak ada merasa bersalah. Ditunggu permintaan maafnya secara publik ke my day dan day6 @mecimapro,1.91895944409375E+018,2025-05-04 09:22:38+00:00,@sun9denlly,1.44249848000231E+018,in,,0,1,0,0,https://x.com/sun9denlly/status/1918959444093751714,['mecimapro'],1,mecimapro,@sun9denlly
Udh sekacau ini dan kalian masih belum bikin klarifikasi apapun??! Keluar gaak?! Cepet Klarifikasinya dari yang pindah venue uang yang belom dibalikin sampek semua kendala yang terjadi kemarin!! @mecimapro @mecima_shop Masak pihak day6 terus sih yg bikin pernyataan?!,1.91896914519175E+018,2025-05-04 10:01:11+00:00,@natathecocou,7.52851973498547E+017,in,,0,0,0,0,https://x.com/natathecocou/status/1918969145191764469,"['mecimapro', 'mecima_shop']",2,mecimapro,@natathecocou
ok ini day6 sama jyp udh minta maaf. lu kapan @mecimapro ??????,1.91896978537259E+018,2025-05-04 10:03:44+00:00,@auliarossari,2611783286,in,,0,0,0,1,https://x.com/auliarossari/status/1918969785372598528,['mecimapro'],1,mecimapro,@auliarossari
@day6official Please stop working with @mecimapro Mecima Pro really hurt us Indonesian fans emotionally physically and financially. Please protect DAY6's relationship with Indonesian MyDay ,1.91899032339024E+018,2025-05-04 11:25:20+00:00,@puty,7195422,en,,1,1,67,560,https://x.com/puty/status/1918990323390247240,"['day6official', 'mecimapro']",2,day6official,@puty
setelah hari penentuan kemarin hari ini aku memutuskan bakal tetep dukung day6 karna baik myday maupun day6 kita semua korban woy kecuali buat promotor @mecimapro semua sedih gara gara looo jangan sok playing victim ya duit refund gue balikiiiinnn!!! #KawalRefundMecima,1.91901499003335E+018,2025-05-04 13:03:21+00:00,@victoryesbriii,2156669408,in,,0,0,2,2,https://x.com/victoryesbriii/status/1919014990033367207,['mecimapro'],1,mecimapro,@victoryesbriii
@fyiilysm nope. she's the ceo of @mecimapro day6's indonesian local promoter. and she has shown so many sasaeng actions. you can check out this thread. https://t.co/JkZ7ikPbhq,1.91902325763565E+018,2025-05-04 13:36:13+00:00,@caleridula,283293673,en,,0,0,4,358,https://x.com/caleridula/status/1919023257635651588,"['fyiilysm', 'mecimapro']",2,fyiilysm,@caleridula
jujur cintaku ke day6 ga berkurang walaupun dinodai sm kejahatan si shibal @mecimapro aku tunggu kalian balik ke jkt dg promotor yg lebih baik ya sayangku @day6official,1.91903354271499E+018,2025-05-04 14:17:05+00:00,@axusr_0,1.75343592906961E+018,in,,0,0,1,1,https://x.com/axusr_0/status/1919033542714991104,"['mecimapro', 'day6official']",2,mecimapro,@axusr_0
@.day6 guys kalian knp blm pulang... pulang aja gih gue malah ga nyaman kalian disini bukan krn apa tp kayakk kalian lg pada sedih tp bukan di rumah sendiri yaAllah nyes bgt dah ah lu sih bego tolol kentol @mecimapro,1.91904565393974E+018,2025-05-04 15:05:12+00:00,@bittercano,1.00418082966739E+018,in,,0,1,0,6,https://x.com/bittercano/status/1919045653939757491,['mecimapro'],1,mecimapro,@bittercano
root in hell mecima! bahkan sampai sekarang ngga ada permintaan maaf. Terlalu angkuh attitude nol banyak hutang. aku ngga bakal pernah maafin kalian udah bikin day6 myday ngalamin penderitaan ini. 2025 mecima bangkrut!!! @mecimapro,1.91917017767076E+018,2025-05-04 23:20:01+00:00,@Dalnimsswi,2392259078,in,,0,0,0,1,https://x.com/Dalnimsswi/status/1919170177670779112,['mecimapro'],1,mecimapro,@Dalnimsswi
Halo @mecimapro dana refund tiket konser day6 prosesnya udah sampai di mana? H+17 dan 10 hari kerja setelah batas akhir proses refund yg kalian tetapkan di awal. #KawalRefundMecima #KawalRefundMecimaPro,1.91917908210678E+018,2025-05-04 23:55:24+00:00,@niyapcybh,1.23189925919832E+018,in,,0,0,0,0,https://x.com/niyapcybh/status/1919179082106798409,['mecimapro'],1,mecimapro,@niyapcybh
PAGEEEEEE @mecimapro REFUNDDDDDD MINTA MAAF DALAM BAHASA INDONESIA DI AWAL REFUNDDDD MINTA MAAAAFFFF ,1.91918602608774E+018,2025-05-05 00:23:00+00:00,@glafdiolus,8.6509747870556E+017,in,,1,1,232,326,https://x.com/glafdiolus/status/1919186026087759993,['mecimapro'],1,mecimapro,@glafdiolus
@mecimapro @mayblue85 gw akuin kelakuan lu best banget jeleknya sampe day6 dah balik pun gaada permintaan maaf sama sekali,1.91919033647719E+018,2025-05-05 00:40:07+00:00,@rexyvio,314962214,in,,0,0,0,0,https://x.com/rexyvio/status/1919190336477208849,"['mecimapro', 'mayblue85']",2,mecimapro,@rexyvio
Jadi day6 sakit tp jadi myday ina juga sakit Sampai ketemu di lain kesempatan dengan suasana yg lebih baik ya @day6official i love u guys so much makasih buat musik2nya yg selalu menemani pagi harikuuu Mecima shibal jgn lupa refund dan pertanggungjawabannya ya️ @mecimapro,1.91919730483544E+018,2025-05-05 01:07:49+00:00,@agustinyanti,384294576,in,,0,0,0,0,https://x.com/agustinyanti/status/1919197304835440775,"['day6official', 'mecimapro']",2,day6official,@agustinyanti
udah puas belum nyakitin day6 nyakitin my day? @mecimapro,1.91921501410948E+018,2025-05-05 02:18:11+00:00,@ksoopill,1.02644967882758E+018,in,,0,0,0,0,https://x.com/ksoopill/status/1919215014109491322,['mecimapro'],1,mecimapro,@ksoopill
@babehbapakucing Pro fans kak itu dia jelasin kalau bukan salah DAY6 dia bilang The real problem is with MecimaPro. They disrespected fans unprofessional and did not do their job well. ,1.91922168718003E+018,2025-05-05 02:44:42+00:00,@iHeartBangchaan,1.32078593798763E+018,en,,1,1,18,945,https://x.com/iHeartBangchaan/status/1919221687180042381,['babehbapakucing'],1,babehbapakucing,@iHeartBangchaan
Waktunya bayar hutang kak @mecimapro ada 3 8 Miliar uang konsumen yg wajib dikembalikan. Tenggat waktu 15 hari lagi setelah proses refund mundur jadi 30 hari kerja https://t.co/wJQEJRC2zg,1.919231678096E+018,2025-05-05 03:24:24+00:00,@switjchaos,1.5927138438803E+018,in,,3,0,333,395,https://x.com/switjchaos/status/1919231678096011268,['mecimapro'],1,mecimapro,@switjchaos
Ya Allahh semoga dengan tidak dirilisnya foto konser day6 di indo kemarin adalah pertanda kalau jyp udah memutuskan kerja sama dengan si setan mecimapro ,1.91924116763754E+018,2025-05-05 04:02:06+00:00,@baymaaks,1.25491368341668E+018,in,,0,0,0,1,https://x.com/baymaaks/status/1919241167637545450,[],0,,@baymaaks
HEH MECIMPRET UDAH SENIN NI NJING UDAH PADA OTW KE BANK BELUM. LU MAH UDAH KAGA REFUND REFUND NGEHANCURIN HUBUNGAN DAY6-MYDAY PULA ANJING ANJING SING ELINGGGGGGG @mecimapro,1.91924526431902E+018,2025-05-05 04:18:23+00:00,@vwxyoung_k,1.86448658423993E+018,in,,0,0,0,0,https://x.com/vwxyoung_k/status/1919245264319025623,['mecimapro'],1,mecimapro,@vwxyoung_k
Rumit bgt baca2 tweet ttg kericuhan konser day6 kmrn dr awal penjualan tiket refund dll smpe hari H konser msh ada kekacauan. Haduuuhh... baru kali ni bersyukur ga ikut nntn.. gapapa ya. Next time day6 ke sini lg dengan promotor yg beda ga SAMPAH kaya @mecimapro ,1.91924606144652E+018,2025-05-05 04:21:33+00:00,@kitencandy,81318489,in,,0,0,0,0,https://x.com/kitencandy/status/1919246061446525253,['mecimapro'],1,mecimapro,@kitencandy
Lu minta maaf sm day6 sekarang! Gara2 kelakuan lu mereka harus ngalamin semua ini! @mecimapro,1.9192502152E+018,2025-05-05 04:38:03+00:00,@auliarossari,2611783286,in,,0,1,0,1,https://x.com/auliarossari/status/1919250215200006632,['mecimapro'],1,mecimapro,@auliarossari
gue pengen tanya kenapa kalian tetep maksa pasang video yang kalian buat sendiri seakan-akan itu buat mewakilkan myday? THAT WAS SO DISRESPECTFUL TO BOTH MYDAY AND DAY6. @mecimapro,1.91925184165043E+018,2025-05-05 04:44:31+00:00,@w8dznim,801457040,in,,0,0,2,1,https://x.com/w8dznim/status/1919251841650446458,['mecimapro'],1,mecimapro,@w8dznim
beneran kek nyess bangett mydaynesia sayangggg deysik banget jirr. tapi karena pro berwujud setan yang biadab itu aja makanya baik day6 atau myday nya sedih gini aftef concert :( @mecimapro tobat kata gue mah mel sekalian itu refund cepetan cok!,1.91925327298608E+018,2025-05-05 04:50:12+00:00,@onyoury_aa,1.58770719755891E+018,in,,0,0,0,0,https://x.com/onyoury_aa/status/1919253272986099892,['mecimapro'],1,mecimapro,@onyoury_aa
lu harus sujud di kaki myday dan day6! @mecimapro,1.91925515241587E+018,2025-05-05 04:57:41+00:00,@dari_youngk,1.2495471330043E+018,in,,0,0,0,0,https://x.com/dari_youngk/status/1919255152415883639,['mecimapro'],1,mecimapro,@dari_youngk
gue percaya mama papa kang ngasi tau ke kakak yonk segimana kita cinta sama day6. gue percaya mama papa kang ngasi tau kalo the main problem disini adalah si @mecimapro gue percaya mama papa kang merasa kita tuh begini karna kita tuh terlalu cinta sama day6.,1.91926006067435E+018,2025-05-05 05:17:11+00:00,@advwenturest,1.18227245347034E+018,in,,0,3,46,326,https://x.com/advwenturest/status/1919260060674355213,['mecimapro'],1,mecimapro,@advwenturest
I m truly sorry to Day6 and to fellow MyDays who were hurt. I hope @jypnation finally protects Day6 better. Please drop @mecimapro . Our boys worked too hard to be treated like this. They deserve so much better. ,1.91926078784084E+018,2025-05-05 05:20:04+00:00,@AllyJung05,601618711,en,,1,1,32,213,https://x.com/AllyJung05/status/1919260787840852262,"['jypnation', 'mecimapro']",2,jypnation,@AllyJung05
gw yakin @mecimapro di blacklist ga akan bawa day6 lagi sih.. tolong refund nya dilakuin sesuai tanggat!!! @mecimapro,1.91926124578335E+018,2025-05-05 05:21:53+00:00,@Pirirella,1.76360261355846E+018,in,,0,0,1,1,https://x.com/Pirirella/status/1919261245783359634,"['mecimapro', 'mecimapro']",2,mecimapro,@Pirirella
@azis95 Mecima lo kok ga minta maaf??? kmna lo?? @mecimapro vendor lain dh minta maaf day6 dah minta maaf jyp dah minta maaf. kok lu ngilang?? @mecimapro,1.91926845476012E+018,2025-05-05 05:50:32+00:00,@araucarria,7.70959887400509E+017,in,,51,33,369,3662,https://x.com/araucarria/status/1919268454760128972,"['azis95', 'mecimapro', 'mecimapro']",3,azis95,@araucarria
@azis95 vendor agensi bahkan day6 nya sendiri udah minta maaf baik scr langsung maupun lewat surat terbuka. TAPI MECIMA SAMPE DETIK INI BELUM ADA PERNYATAAN MAAF ATAU MINIMAL RASA BERSALAH KEK GITU? HALOO?! @mecimapro bisa labrak orang nyecer orang doxxing tp ga bisa minta maaf ,1.91927452312523E+018,2025-05-05 06:14:39+00:00,@alittlejournals,1.29243159823578E+018,in,,1,0,6,81,https://x.com/alittlejournals/status/1919274523125236191,"['azis95', 'mecimapro']",2,azis95,@alittlejournals
@day6official Gua mah malu day6 say sorry berkali kali tapi lo as promotor diem diem aja sat @mecimapro,1.91928369240258E+018,2025-05-05 06:51:05+00:00,@LisHyunHiTo123,1440309068,in,,0,0,0,0,https://x.com/LisHyunHiTo123/status/1919283692402593811,"['day6official', 'mecimapro']",2,day6official,@LisHyunHiTo123
@CNNIndonesia WOY GAUSAH PAKE MUKA ANAK DAY6 PAKE NOH LOGO MECIMA ADA DI FOTO PROFILNYE @mecimapro,1.91930006595877E+018,2025-05-05 07:56:09+00:00,@wonpilbengong,1.47507529419728E+018,in,,1,0,38,756,https://x.com/wonpilbengong/status/1919300065958789288,"['CNNIndonesia', 'mecimapro']",2,CNNIndonesia,@wonpilbengong
@day6official @mecimapro minta maaf ke day6 &amp; myday sekarang juga,1.9193156431086E+018,2025-05-05 08:58:03+00:00,@ceotzy,1.21043830122144E+018,in,,0,0,0,0,https://x.com/ceotzy/status/1919315643108606208,"['day6official', 'mecimapro']",2,day6official,@ceotzy
Sudah ikhlas sudah legowo .. kita sama2 sakit mau gmn pun ya ttp aja hidup berjalan Mau foucus kerja mulai nabung buat jdwlin konser day6 mendtng (ntah di indo atau negara tetangga) Yg penting mereja udh tau kuta tto berserikat KALO TAGIH @mecimapro AKAN TERUS BERLANJUT ,1.91931734185652E+018,2025-05-05 09:04:48+00:00,@delfira_soo,1.33915357464365E+018,in,,0,0,0,5,https://x.com/delfira_soo/status/1919317341856530541,['mecimapro'],1,mecimapro,@delfira_soo
Gue mau rangkum buat beberapa yang gak tau sih kenapa myday marah BESAR: 1. Dari venue harusnya JIS menjadi Madya stadion (@mecimapro menjanjikan first big stadium for DAY6 tapi itu hanyalah wacana) 2. Refund pihak @mecimapro berjanji akan refund dana-,1.9193437989977E+018,2025-05-05 10:49:56+00:00,@Disforus,1343759910,in,,0,1,3,14,https://x.com/Disforus/status/1919343798997704939,"['mecimapro', 'mecimapro']",2,mecimapro,@Disforus
myday jalhaesseo day6 jalhaesseo kita semua kerenn yang gak keren cuma @mecimapro,1.91939192712588E+018,2025-05-05 14:01:10+00:00,@jaekicot,1.21165757877142E+018,in,,0,0,0,1,https://x.com/jaekicot/status/1919391927125881323,['mecimapro'],1,mecimapro,@jaekicot
@kangyounkyu @mecimapro kalo sampe Day6 skip Indonesia untuk next konsernya fix penyebabnya lu MECIMA!!!!,1.91939663106294E+018,2025-05-05 14:19:52+00:00,@coorneye,1.29507657120037E+018,in,,0,0,1,162,https://x.com/coorneye/status/1919396631062958525,"['kangyounkyu', 'mecimapro']",2,kangyounkyu,@coorneye
mau sampai kapan diem aja @mecimapro @fransiskamelani ??? gila ya lu bener2 your ignorant action bener2 left w us speechless &amp; just hatred si smakin lama lu diem smakin kita gabs extend grace and wayout. sedih bgt kpop konser jd messed up gr2 dosa terfatal day6 kmrn,1.91941782167659E+018,2025-05-05 15:44:04+00:00,@bubucacaca,101739891,in,,0,0,0,0,https://x.com/bubucacaca/status/1919417821676593278,"['mecimapro', 'fransiskamelani']",2,mecimapro,@bubucacaca
Dah gais kita jangan fokus sama cuitan K-Myday bikin sakit hati aja jadi ga penting. yang PENTING sekarang tuh REFUND REFUND REFUND REFUND REFUND REFUND REFUND REFUND @mecimapro #KawalRefundMecima #MECIMA_NOT_PROfessional,1.91955483569253E+018,2025-05-06 00:48:31+00:00,@Wondaymania,1.35151924313777E+018,in,,0,0,0,1,https://x.com/Wondaymania/status/1919554835692548384,['mecimapro'],1,mecimapro,@Wondaymania
Biarkn sj kmd dengan permainan tuan putri dn kehaluannya itu ... ntar juga kalo butuh streaming cri koneksinya kesini. Ntar kalo day6 kencan yg belaij jg kita wkwkwk Ini ibunda ratu ditagih dulu @mecimapro hayukk buu ya allah lama bener UANGNYA ADA ATAU TIDAK BU ??,1.91958597218828E+018,2025-05-06 02:52:14+00:00,@delfira_soo,1.33915357464365E+018,in,,0,2,0,16,https://x.com/delfira_soo/status/1919585972188282938,['mecimapro'],1,mecimapro,@delfira_soo
kalo suka tani bayar polisi kalo suka day6 bayar konsumen. bayar jir bayaaarr @mecimapro,1.91958604309695E+018,2025-05-06 02:52:31+00:00,@shxxrene,1.0854117112244E+018,in,,0,0,1,0,https://x.com/shxxrene/status/1919586043096952832,['mecimapro'],1,mecimapro,@shxxrene
hi kak @mecimapro ijin jump in ya ijin follow up ️ mau mengingatkan untuk refund sudah sampai dimana ya ‍️ sorry mengganggu waktunya kak mohon informasinya ya kak ,1.91964440001321E+018,2025-05-06 06:44:24+00:00,@imdrum_dw,1.2072346943806E+018,in,,0,0,8,4,https://x.com/imdrum_dw/status/1919644400013213874,['mecimapro'],1,mecimapro,@imdrum_dw
Kisruh konser DAY6 masih ramai dibahas nih! Promotor MECIMAPRO akhirnya buka suara lewat pernyataan resmi. Mereka bilang saat ini masih nunggu arahan dari APMI (Asosiasi Promotor Musik Indonesia). Gimana menurut kamu detikers? #detikhot https://t.co/rJqQ1xMhRm,1.9196988830446E+018,2025-05-06 10:20:54+00:00,@detikhot,137282671,in,,1097,163,439,1002,https://x.com/detikhot/status/1919698883044602132,[],0,,@detikhot
Sekarang tiap ketemu murid-muridku &amp; guru-guru di sekolah selalu ditanya bu gimana perkembangan kasus Day6? Udah ada permintaan maaf dari promotor? WKWKWKWK Cie famous sampe ke Muggles @mecimapro,1.91970870705278E+018,2025-05-06 10:59:56+00:00,@Pineapple1189,1.27596121139842E+018,in,,0,0,0,0,https://x.com/Pineapple1189/status/1919708707052781878,['mecimapro'],1,mecimapro,@Pineapple1189
@detikhot Arahan apa lagi anjir?? Padahal udah jelas REFUND &amp; Bayar hutang ke vendor!!! Minta maaf atas kekacauan yang terjadi ke DAY6 MY DAY dan semua pihak yang dirugikan @mecimapro,1.91971617164305E+018,2025-05-06 11:29:36+00:00,@day6blueable,1.17665100041057E+018,in,,0,0,1,26,https://x.com/day6blueable/status/1919716171643064755,"['detikhot', 'mecimapro']",2,detikhot,@day6blueable
@ngeluhmuluuu @mecimapro @hariankompas day6 bukan boyband tapi band ,1.91973395689258E+018,2025-05-06 12:40:16+00:00,@hallyucinations,1.85391967173052E+018,in,,0,1,0,7,https://x.com/hallyucinations/status/1919733956892586431,"['ngeluhmuluuu', 'mecimapro', 'hariankompas']",3,ngeluhmuluuu,@hallyucinations
@caramachiatta @ngeluhmuluuu @mecimapro @hariankompas day6 masuknya rock band kak kalo svt masuknya boyband di wiki gitu,1.91976783749076E+018,2025-05-06 14:54:54+00:00,@hallyucinations,1.85391967173052E+018,in,,0,0,0,2,https://x.com/hallyucinations/status/1919767837490778393,"['caramachiatta', 'ngeluhmuluuu', 'mecimapro', 'hariankompas']",4,caramachiatta,@hallyucinations
@lahcelot @snoopyuwo0 Melani kemungkinan Fransiska Melani pendiri Mecimapro penyelenggara konser K-pop di Indonesia. Ia dikritik karena masalah konser DAY6 di Jakarta (3 Mei 2025) seperti perubahan venue mendadak keterlambatan nomor kursi dan manajemen buruk menyebabkan protes penggemar dan,1.91992006409632E+018,2025-05-07 00:59:48+00:00,@grok,1.72066518318892E+018,in,,0,0,0,0,https://x.com/grok/status/1919920064096334260,"['lahcelot', 'snoopyuwo0']",2,lahcelot,@grok
Ngantuk banget woiii semangat gw cuma menunggu day6 doang hari enih eh lu jan lupa refund ye @mecimapro,1.91999185128248E+018,2025-05-07 05:45:03+00:00,@ceritacritaa,1.23949021777133E+018,in,,0,0,1,2,https://x.com/ceritacritaa/status/1919991851282489582,['mecimapro'],1,mecimapro,@ceritacritaa
Balikin duit gueee. Udah siang nihh. Keburu gue ngehype comeback day6 @mecimapro,1.9199945642425E+018,2025-05-07 05:55:50+00:00,@brimengphile,1.20079544082581E+018,in,,0,0,0,0,https://x.com/brimengphile/status/1919994564242506198,['mecimapro'],1,mecimapro,@brimengphile
@hei_day6 Promotor konser Korea di Indonesia meliputi beberapa perusahaan terkenal. 1. Mecimapro: Mengurus konser seperti DAY6 dan D.O (EXO). 2. CK Star Entertainment: Menyelenggarakan konser INFINITE 2025. 3. PK Entertainment: Membawa artis seperti BABYMONSTER. 4. Dyandra Global,1.92001348804457E+018,2025-05-07 07:11:02+00:00,@grok,1.72066518318892E+018,in,,0,0,0,0,https://x.com/grok/status/1920013488044572768,['hei_day6'],1,hei_day6,@grok
 Kepada seluruh penggemar DAY6 yang hadir di konser Jakarta terus lu ga minta maaf ke penggemar yang gak jadi hadir gitu? harusnya kepada seluruh penggemar DAY6 aja udah aneh bgt @mecimapro,1.9200277756976E+018,2025-05-07 08:07:48+00:00,@nfpersonn,544229418,in,,0,0,0,1,https://x.com/nfpersonn/status/1920027775697604796,['mecimapro'],1,mecimapro,@nfpersonn
REVISI @mecimapro yang bener: Berdasarkan arahan tersebut kami berkomitmen untuk BUBAR. https://t.co/Iw309IC6rq,1.92003475433998E+018,2025-05-07 08:35:32+00:00,@dddbluu,2232277310,in,,2,0,62,395,https://x.com/dddbluu/status/1920034754339983475,['mecimapro'],1,mecimapro,@dddbluu
gara gara 메씨발 day6 jadi terima banyak hate comment sampe ada yang ngatain brian tipikal 한남. i'll never forget what you did to us shame on you @mecimapro,1.9200368408972E+018,2025-05-07 08:43:50+00:00,@youngkbaby,1.34202582247593E+018,in,,0,0,0,2,https://x.com/youngkbaby/status/1920036840897208526,['mecimapro'],1,mecimapro,@youngkbaby
@matchapilwon MERDEKAAAA ️‍️‍️‍ refund tiket day6 gue cim buruan gue mau beli tiket kyungsoo di ck @mecimapro,1.92004334512624E+018,2025-05-07 09:09:40+00:00,@dandeaniee,1.69339055675034E+018,in,,0,1,0,1,https://x.com/dandeaniee/status/1920043345126244699,"['matchapilwon', 'mecimapro']",2,matchapilwon,@dandeaniee
cukup lagu day6 aja yg maybe tomorrow REFUNDNYA JANGAN‼️@mecimapro,1.92005880366986E+018,2025-05-07 10:11:06+00:00,@timelessungjin,1.38620781527914E+018,in,,0,0,0,0,https://x.com/timelessungjin/status/1920058803669864892,['mecimapro'],1,mecimapro,@timelessungjin
karena perbuatan lo.. day6 sedih mydaynesia tertuduh jahat padahal lo penyebabnya gue gamau nyumpahin lo yg jelek tapi tanggung jawab ya monyet gamau di akhirat kelamaan ntar sekarang lo jelasin noh ke member day6 kalo masalahnya itu di lo nyet @mecimapro,1.92008269215611E+018,2025-05-07 11:46:01+00:00,@everyonena_w_u,1.79580054573278E+018,in,,0,0,2,1,https://x.com/everyonena_w_u/status/1920082692156113379,['mecimapro'],1,mecimapro,@everyonena_w_u
Bjir ampe abang nasi goreng di depan rumah gue tau kebusukan @mecimapro di konser DAY6 kemarin,1.92009454242827E+018,2025-05-07 12:33:07+00:00,@notyoursocean,1.00529525900841E+018,in,,0,0,0,0,https://x.com/notyoursocean/status/1920094542428275001,['mecimapro'],1,mecimapro,@notyoursocean
aelah ngerusak mood aja lu KENAPA HARUS barengan sama DAY6 rilis single!!!! ganggu mulu luuuuu @mecimapro,1.92010874513017E+018,2025-05-07 13:29:33+00:00,@mrsjungchanwoo,7.7245510710756E+017,in,,0,0,0,0,https://x.com/mrsjungchanwoo/status/1920108745130172861,['mecimapro'],1,mecimapro,@mrsjungchanwoo
@Kemendag @mecimapro @tiket abis ini promotor dibubarkan saja min. karna ga cuman konser day6 aja bahkan seventeen right here bulan februari lalu juga banyak sekali drama nya. kalo promotor msh dikasih izin ga ada yang jamin next konser akan baik baik aja. bisa jd hal begini terulang kembali,1.92012455064338E+018,2025-05-07 14:32:21+00:00,@heyybiblleeee,1404853069,in,,0,0,0,0,https://x.com/heyybiblleeee/status/1920124550643392845,"['Kemendag', 'mecimapro', 'tiket']",3,Kemendag,@heyybiblleeee
@Kemendag @mecimapro @tiket tapi perwakilan fans day6 gak dipanggil?? situ cuma dengerin cerita karangan melani doangggggg,1.92013284569742E+018,2025-05-07 15:05:19+00:00,@mejikuhibiniu56,1.58738922260414E+018,in,,0,0,0,0,https://x.com/mejikuhibiniu56/status/1920132845697421691,"['Kemendag', 'mecimapro', 'tiket']",3,Kemendag,@mejikuhibiniu56
Kawal Refund tetep btw @mecimapro yg en pi di di mecima ga lebih dari 1 kan? Kalian rekan² cewe yang foto di tumpengan 10 tahun ga tiba² en pi di kan? Paling tekanan aja dri atas (si en pi di). Ayo refund Ayo refund Ayo refund.,1.92016455401067E+018,2025-05-07 17:11:19+00:00,@Wondaymania,1.35151924313777E+018,in,,0,0,0,0,https://x.com/Wondaymania/status/1920164554010677545,['mecimapro'],1,mecimapro,@Wondaymania
ingat utang @mecimapro 4M sampai H+5 konser belum dibayar!! minimal cicil sehari 500jt kek REFUND REFUND REFUND REFUND REFUND REFUND REFUND REFUND REFUND REFUND REFUND REFUND REFUND REFUND REFUND REFUND REFUND REFUND REFUND REFUND REFUND REFUND REFUND REFUND REFUND REFUND REFUND,1.92026860856928E+018,2025-05-08 00:04:47+00:00,@kangbramind,1.85164200025009E+018,en,,1,0,252,288,https://x.com/kangbramind/status/1920268608569290879,['mecimapro'],1,mecimapro,@kangbramind
LOHIYA BESOK KAN JUMAT YA day6 udah konser finale anjayy sampe lupa hari karena masih sakit hati ah karena eluuuu anjir @mecimapro gatau ya kayaknya bakal berusaha di kuat2in hatinya ngehype day6 pas di finale mulai besok,1.9203252368194E+018,2025-05-08 03:49:49+00:00,@aletterfrompil,1.66862612110416E+018,in,,1,3,25,118,https://x.com/aletterfrompil/status/1920325236819415262,['mecimapro'],1,mecimapro,@aletterfrompil
bayangin kl artis kpop pd gamau ke indo grgr liat konser day6 kacau malu maluin @mecimapro,1.9203413193035E+018,2025-05-08 04:53:43+00:00,@2304persecond,1.33260098698513E+018,in,,0,0,0,0,https://x.com/2304persecond/status/1920341319303504134,['mecimapro'],1,mecimapro,@2304persecond
Jangankan buat ngehype buat kerja aja gue gak ada kekuatan. Makan rasanya pait mual muntah tidur sesek napas. Sampe kapan ini semua berakhir? Capek banget .. sakit. @mecimapro balikin duit gue sekarang #kawalrefundmecimapro #MecimaRefundSekarang #MECIMA_NOT_PROfessional https://t.co/0057ncZ1Mu,1.92035336110441E+018,2025-05-08 05:41:34+00:00,@aIlonica,1883700031,in,,2,1,153,289,https://x.com/aIlonica/status/1920353361104416964,['mecimapro'],1,mecimapro,@aIlonica
Bismillah gak jadi nonton Day6 jadinya malah ikut qurban pake promoan My Day Ternyata ini hikmah di balik huru-hara belakangan ini. p.s. jangan lupa refund punya gw sama ribuan My Day lain ya!! @mecimapro https://t.co/LktfWc0xyd,1.92037199067571E+018,2025-05-08 06:55:36+00:00,@daybaeday_,1.39707923255614E+018,in,,3,3,36,210,https://x.com/daybaeday_/status/1920371990675722484,['mecimapro'],1,mecimapro,@daybaeday_
Hari baru harapan baru. Halo halo @mecimapro semoga harimu menyenangkan jangan lupa bayar refund tiket day6 yaa! Di tunggu kerjasama dan itikad baiknya thankss,1.92037201441161E+018,2025-05-08 06:55:41+00:00,@marshyellow_,1.15505347917957E+018,in,,0,0,0,0,https://x.com/marshyellow_/status/1920372014411612346,['mecimapro'],1,mecimapro,@marshyellow_
@kangbramind @mecimapro Klo berulah fix emg mau ancurin timing inamd &amp; day6,1.9207402460162E+018,2025-05-09 07:18:54+00:00,@babehbapakucing,1.30046227872726E+018,in,,0,0,0,0,https://x.com/babehbapakucing/status/1920740246016213043,"['kangbramind', 'mecimapro']",2,kangbramind,@babehbapakucing
Harusnya day6 denger congratulations versi myday. HARUSNYAAAAA. Babi kau @mecimapro,1.92079423440522E+018,2025-05-09 10:53:26+00:00,@mewheei,1254189110,in,,0,1,0,0,https://x.com/mewheei/status/1920794234405220863,['mecimapro'],1,mecimapro,@mewheei
3 mei bener² konser ytta ya wkwkwk salah lu dan hanya salah lu @mecimapro refund.,1.9208660580905E+018,2025-05-09 15:38:50+00:00,@Wondaymania,1.35151924313777E+018,in,,0,0,0,0,https://x.com/Wondaymania/status/1920866058090508653,['mecimapro'],1,mecimapro,@Wondaymania
Gimana ya caranya ngelupain rasa sakit hati gara gara si mecima ini? YaAllah beneran ga ikhlas dendam. My first time Day6 concert yg harusnya jd kenangan indah bgt tp kenyataannya malah kebalikannya. Sakit banget.... gw gaakan pernah ikhlas ya mecima melani &amp; dkk @mecimapro,1.92090402292124E+018,2025-05-09 18:09:42+00:00,@sukawonwoo,202959419,in,,0,1,0,0,https://x.com/sukawonwoo/status/1920904022921245147,['mecimapro'],1,mecimapro,@sukawonwoo
Dimana-mana orang kerja tiap hari dituntut ada progress. Ini perusahaan besar lagi DIAWASI PEMERINTAH bawa uang konsumen segitu banyaknya tapi kok dibiarin lelet dan gaada progress apapun dalam seminggu ini? Kalian semua kerja gasih sebenernya?! @mecimapro @BPKN_RI @Kemendag,1.92099244076665E+018,2025-05-10 00:01:02+00:00,@xcloveria,1.8482245931543E+018,in,,6,0,345,440,https://x.com/xcloveria/status/1920992440766656700,"['mecimapro', 'BPKN_RI', 'Kemendag']",3,mecimapro,@xcloveria
sudah hari ke-27 tapi belum ada perkembangan yang signifikan (terkesan stagnan). dimohon pengawalannya ibu/bapak @BPKN_RI @Kemendag @KemenPariwisata sesuai apa yang telah kalian janjikan. ️ @mecimapro #KawalRefundMecima https://t.co/bG4gDPw1vU,1.92101559310215E+018,2025-05-10 01:33:02+00:00,@eatyoungk,1.02319019051114E+018,in,,6,0,422,470,https://x.com/eatyoungk/status/1921015593102160015,"['BPKN_RI', 'Kemendag', 'KemenPariwisata', 'mecimapro']",4,BPKN_RI,@eatyoungk
@naninacx @mecimapro Day6 kena mental Myday kena mental Tapi melanjeng masih haha hihi,1.92101729077607E+018,2025-05-10 01:39:47+00:00,@kewonuan,1.33614851705674E+018,in,,0,1,0,0,https://x.com/kewonuan/status/1921017290776084717,"['naninacx', 'mecimapro']",2,naninacx,@kewonuan
Franciska Dwi Meilani @mecimapro mohon segera diproses refundnya. Biasakan untuk bertanggungjawab ya jangan malah kabur nonton DAY6 di Korea pake duit customer. 3.8 miliar di @mecima_shop tolong direfund cc: @BPKN_RI @DPR_RI @Kemendag @KemenPariwisata #KawalRefundMecimaPro,1.92145199975039E+018,2025-05-11 06:27:10+00:00,@sungbbean,1.69343746529261E+018,in,,14,0,1199,1500,https://x.com/sungbbean/status/1921451999750394117,"['mecimapro', 'mecima_shop', 'BPKN_RI', 'DPR_RI', 'Kemendag', 'KemenPariwisata']",6,mecimapro,@sungbbean
Ga ada hari libur menagih hutang ‍️ 3 8 Milyar bayar dulu kali Kaak @mecimapro Jalan ke Seoul bisa bayar hutang kok gabisa ‍️ Day 23 after 1st deadline masih ngutang juga refund manaaaa cc: @Kemendag @BPKN_RI #KawalRefundMecima,1.92147308114445E+018,2025-05-11 07:50:56+00:00,@CheekbonesDayum,2921571877,in,,3,1,309,312,https://x.com/CheekbonesDayum/status/1921473081144451208,"['mecimapro', 'Kemendag', 'BPKN_RI']",3,mecimapro,@CheekbonesDayum
Dear @mecimapro aku mau tagih ke kalian yang lagi nonton FINALE di KR. Kelar Cuti bersama buruan refund duit My DAY. gegara @mecimapro aku ga berani denger lagu day6 5 bulan ini! Gegara ulah lu @mecimapro emosi gue amburadul #KawalRefundMecima #MECIMA_NOT_PROfessional,1.92150201903599E+018,2025-05-11 09:45:55+00:00,@daybydayend,2439714998,in,,0,0,4,1,https://x.com/daybydayend/status/1921502019035996202,"['mecimapro', 'mecimapro', 'mecimapro']",3,mecimapro,@daybydayend
Udah guys positif thinking aja. No.1 kita adalah tetap cintai Day6 mendukung apapun itu asal tidak bersama mecimapro,1.9216092424332E+018,2025-05-11 16:51:59+00:00,@keyboardwon94,1.76506792828909E+018,in,,0,1,4,19,https://x.com/keyboardwon94/status/1921609242433204482,[],0,,@keyboardwon94
Ganteng Cantik @BPKN_RI kita mau hitung hari ini sebagai working days atau tidak nih biar itungan deadline sepakat dulu ️ Day 24 after 1st deadline @mecimapro masih hutang uang refund tiket via ncimshop #KawalRefundMecima Hari Rabu enaknya kita ngapain mint @BPKN_RI @Kemendag,1.9218053480562E+018,2025-05-12 05:51:15+00:00,@CheekbonesDayum,2921571877,in,,1,2,294,377,https://x.com/CheekbonesDayum/status/1921805348056219998,"['BPKN_RI', 'mecimapro', 'BPKN_RI', 'Kemendag']",4,BPKN_RI,@CheekbonesDayum
senang lihat orang-orang mulai kritik Kemenparekraf soal minimnya peran mereka dalam ngatur soal perpromotoran paska ngaconya MecimaPro ngatur konsernya Day6 kemarin. sebenarnya berharap dari lama ada kritik begini tapi udah mulai aware aja orang-orang udah awal yang bagus.,1.92180561376955E+018,2025-05-12 05:52:18+00:00,@catsandkatzen,40649595,in,,0,0,0,0,https://x.com/catsandkatzen/status/1921805613769556203,[],0,,@catsandkatzen
[WANTED] Franciska Dwi Meilani @mecimapro mohon segera diproses refundnya. Biasakan bertanggungjawab ya jangan malah kabur nonton DAY6 di Korea pake duit customer. 3.8 miliar di @mecima_shop tolong direfund cc: @BPKN_RI @DPR_RI @Kemendag @KemenPariwisata #KawalRefundMecimaPro https://t.co/r0L4sHOJl3,1.92210258929593E+018,2025-05-13 01:32:22+00:00,@sungbbean,1.69343746529261E+018,in,,7,0,751,595,https://x.com/sungbbean/status/1922102589295939639,"['mecimapro', 'mecima_shop', 'BPKN_RI', 'DPR_RI', 'Kemendag', 'KemenPariwisata']",6,mecimapro,@sungbbean
sudah hari ke-30 tapi BELUM ADA PROGRESS kembali dari pihak @mecimapro sedangkan banyak info beredar terkait owner mecima beserta staf-nya sedang berjalan-jalan dan menonton konser di negara orang. mohon untuk segera ditindaklanjuti @BPKN_RI @Kemendag @ditjen_pktn (cont) https://t.co/KtPoRWfYlP,1.92210714933477E+018,2025-05-13 01:50:30+00:00,@eatyoungk,1.02319019051114E+018,in,,60,4,1562,1677,https://x.com/eatyoungk/status/1922107149334786512,"['mecimapro', 'BPKN_RI', 'Kemendag', 'ditjen_pktn']",4,mecimapro,@eatyoungk
udh mau 30 hr tp duitnya gk direfund refund dan orgnya malah nntn encore day6 di seoul kt gue bnrn orgil fransiska melani stephanie afisa dan lain lainnya gws deh cepetan refund abistu ke psikolog @mecimapro ngefans kok sampe segitunya heran,1.92211509168142E+018,2025-05-13 02:22:03+00:00,@balenciacy,1409128339,in,,0,1,0,0,https://x.com/balenciacy/status/1922115091681423648,['mecimapro'],1,mecimapro,@balenciacy
Yah kita hitung as is dulu aja ges Day 25 after 1st deadline @mecimapro masih hutang proses refund ke customer Besok kita hitung working daysnya guys. P.s: jangan lupa pada isi form aduan ke hotline Kemendag biar mereka gerak push Mecima juga ️ #KawalRefundMecima,1.9221969976012E+018,2025-05-13 07:47:31+00:00,@CheekbonesDayum,2921571877,in,,3,1,256,302,https://x.com/CheekbonesDayum/status/1922196997601202416,['mecimapro'],1,mecimapro,@CheekbonesDayum
JIS bisa dipake grup lain tp gabisa dipake day6 berati masalahnya ada di promotor lu mel @mecimapro ,1.92248826100128E+018,2025-05-14 03:04:54+00:00,@cintasamadowoon,1.58833784646038E+018,in,,40,27,523,3324,https://x.com/cintasamadowoon/status/1922488261001290118,['mecimapro'],1,mecimapro,@cintasamadowoon
cukup lagu day6 aja yang maybe tomorrow. refundnya jg maybe tomorrow jg dong maniez @mecimapro,1.92250827375789E+018,2025-05-14 04:24:25+00:00,@jutwdae,1.54501231509939E+018,in,,0,1,0,0,https://x.com/jutwdae/status/1922508273757896836,['mecimapro'],1,mecimapro,@jutwdae
@cintasamadowoon @mecimapro Yakan yg svt aja blm lunas makanannya buat day6 ga d acc wkwkwk,1.92252242954225E+018,2025-05-14 05:20:40+00:00,@cegilnyabrian,1.86959901007769E+018,in,,0,0,0,119,https://x.com/cegilnyabrian/status/1922522429542265269,"['cintasamadowoon', 'mecimapro']",2,cintasamadowoon,@cegilnyabrian
Btw ga cuma Ibu Melani dan Ibu Chul yang bisa nonton Day6 aku juga bisa walaupun jalur beyond life. Yang penting ga makan uang orang-orang yang sudah bekerja keras alias uang haram. @mecimapro @BPKN_RI @Kemendag @KemenPariwisata #KawalRefundMecima #MECIMA_NOT_PROfessional,1.92264054039241E+018,2025-05-14 13:10:00+00:00,@brimengphile,1.20079544082581E+018,in,,0,0,2,0,https://x.com/brimengphile/status/1922640540392415596,"['mecimapro', 'BPKN_RI', 'Kemendag', 'KemenPariwisata']",4,mecimapro,@brimengphile
@faniityy @mecimapro @BPKN_RI @Kemendag @KemenPariwisata refund mana refundddd. Keburu day6 wt lagi ini mahhh @mecimapro @BPKN_RI @Kemendag @KemenPariwisata @DPR_RI #KawalRefundMecima #MECIMA_NOT_PROfessional,1.92264138847627E+018,2025-05-14 13:13:22+00:00,@bichulyeoja,1.39338440195893E+018,in,,0,0,1,0,https://x.com/bichulyeoja/status/1922641388476272716,"['faniityy', 'mecimapro', 'BPKN_RI', 'Kemendag', 'KemenPariwisata', 'mecimapro', 'BPKN_RI', 'Kemendag', 'KemenPariwisata', 'DPR_RI']",10,faniityy,@bichulyeoja
malu lah mel bisa ngonser gabisa refund huuu malu juga kali ni pemerintah bisa koar2 doang tp hasil nya NOL @mecimapro @BPKN_RI @Kemendag @KemenPariwisata #KawalRefundMecima #MECIMA_NOT_PROfessional,1.92265204937358E+018,2025-05-14 13:55:44+00:00,@wonpile6,1.8900244779014E+018,in,,0,0,50,32,https://x.com/wonpile6/status/1922652049373585721,"['mecimapro', 'BPKN_RI', 'Kemendag', 'KemenPariwisata']",4,mecimapro,@wonpile6
@faniityy @mecimapro @BPKN_RI @Kemendag @KemenPariwisata Ribuan orang gagal konser ketemu day6 tapi kalian ke korea? Shameless @mecimapro mohon bantuan pengawasan: @BPKN_RI @Kemendag @KemenPariwisata #KawalRefundMecima #MECIMA_NOT_PROfessional,1.92266258737361E+018,2025-05-14 14:37:36+00:00,@shineddenly,1.86866014369052E+018,in,,0,0,1,1,https://x.com/shineddenly/status/1922662587373625591,"['faniityy', 'mecimapro', 'BPKN_RI', 'Kemendag', 'KemenPariwisata', 'mecimapro', 'BPKN_RI', 'Kemendag', 'KemenPariwisata']",9,faniityy,@shineddenly
gila mecima belom beres refund tiket day6.... @mecimapro refund mana nih refund. refund beneran ya anjir. bukan malah jadi deposit deposit ngga jelas itu ‍,1.92267942710156E+018,2025-05-14 15:44:31+00:00,@cistem_aperio,1.72714232301083E+018,in,,0,0,0,0,https://x.com/cistem_aperio/status/1922679427101565022,['mecimapro'],1,mecimapro,@cistem_aperio
@myumyuleea @mecimapro Gw masih gaabis fikir sumpah. Ga gw maafin lu melani. Bisa bisa nya nyakitin myday sampe pada kena mental. Uang belom dibalikin sampe sekarang. Lu asik asikan nonton day6 di korea?! Khusus buat lu doain yg jelek jelek jadi halal. Dzolim bgt busettt setan juga minder mel sama lu!,1.92271086541909E+018,2025-05-14 17:49:27+00:00,@Entropira,1.06742947147977E+018,in,,0,0,0,0,https://x.com/Entropira/status/1922710865419100619,"['myumyuleea', 'mecimapro']",2,myumyuleea,@Entropira
Cim dari IHSG turun ampe balik ke 7.000 belum refund juga @mecimapro Parah deh dividen saham lebih cepat masuk padahal cum date ampe ex date mereka mayan loh. Jalan-jalan dan nonton Finale Day6 bisa masa refund ga bisa @mecimapro Tobat cim. Tobat atau ketemu Dajal loh.,1.9229310669327E+018,2025-05-15 08:24:27+00:00,@finirayi,189761756,in,,0,0,0,0,https://x.com/finirayi/status/1922931066932711702,"['mecimapro', 'mecimapro']",2,mecimapro,@finirayi
di tiktok ngeliat orang ngereview section orange jis bro itu section yang aku perjuangin banget buat nonton day6 TAPI @mecimapro messing it up,1.92299007749752E+018,2025-05-15 12:18:56+00:00,@kinwormpil,1.85121726105247E+018,in,,0,0,0,0,https://x.com/kinwormpil/status/1922990077497520538,['mecimapro'],1,mecimapro,@kinwormpil
jangan lupa refund duit day6 @mecimapro,1.92333050584537E+018,2025-05-16 10:51:41+00:00,@riyanantsya,1.01463926287088E+018,in,,0,0,0,0,https://x.com/riyanantsya/status/1923330505845379160,['mecimapro'],1,mecimapro,@riyanantsya
Sampai hari ini aku belum dapet refund dari konser day6 nih @mecimapro ayo dong jangan diem aja kalopun data invalid di update dongggg statusnya katanya sebulan ini udah sebulan loh maka yg katanya 18 april itu #KawalRefundMecima #mecimarefundsekarang #MECIMA_NOT_PROfessional,1.92355818059408E+018,2025-05-17 01:56:22+00:00,@pinkygiiirl,278416941,in,,0,0,2,1,https://x.com/pinkygiiirl/status/1923558180594094572,['mecimapro'],1,mecimapro,@pinkygiiirl
@keyboardwon94 @DediMulyadi71 @mecimapro Kok bisa ya dia masih haha hihi sana sini n masih nge-sasaeng-in day6 setelah mengkecewakan banyak orang.. kok bisa gitu loh masih bobo nyenyak?,1.92357131219225E+018,2025-05-17 02:48:33+00:00,@Kharismaa13_,341641286,in,,0,0,0,2,https://x.com/Kharismaa13_/status/1923571312192258376,"['keyboardwon94', 'DediMulyadi71', 'mecimapro']",3,keyboardwon94,@Kharismaa13_
lg bete nih gue grgr outfit day6 hari ini jelek bener lu jgn nambah bete gue grgr belum refund️ @mecimapro @BPKN_RI @Kemendag @KemenPariwisata @DPR_RI #KawalRefundMecima #MECIMA_NOT_PROfessional,1.9237424820237E+018,2025-05-17 14:08:43+00:00,@dowooninmyhead,1.40698277844545E+018,in,,0,0,4,0,https://x.com/dowooninmyhead/status/1923742482023710913,"['mecimapro', 'BPKN_RI', 'Kemendag', 'KemenPariwisata', 'DPR_RI']",5,mecimapro,@dowooninmyhead
@FahzaSal @mecimapro Gua juga army dan ikutin andteam dan permasalahannya day6 juga. Yang disembelih disini ngamuknya gak pada tempatnya bukan fans nya,1.92375355749445E+018,2025-05-17 14:52:44+00:00,@meriimerrss,1.05745973335377E+018,in,,0,2,0,0,https://x.com/meriimerrss/status/1923753557494464539,"['FahzaSal', 'mecimapro']",2,FahzaSal,@meriimerrss
@meriimerrss @mecimapro Konser day6 bener2 seancur itu loh. Keknya konser paling ancur selama aku jadi kpop dari 2017 dah (yg aku tau). Ini aku aja yg bukan fans ikut kesel bgt aplgi mrka???,1.92377028040681E+018,2025-05-17 15:59:11+00:00,@FahzaSal,1.03658886344197E+018,in,,0,1,0,0,https://x.com/FahzaSal/status/1923770280406810717,"['meriimerrss', 'mecimapro']",2,meriimerrss,@FahzaSal
@FahzaSal @mecimapro First gua Stan grup yang gua ikutin masalahnya. Day6 itu ke indo dan dibawa antek Melani dari jaman masih ada mantan jadi gua gak sebodoh itu Second yang dipermasalahkan bukan nyecernya,1.92377069833565E+018,2025-05-17 16:00:51+00:00,@meriimerrss,1.05745973335377E+018,in,,0,0,0,0,https://x.com/meriimerrss/status/1923770698335650226,"['FahzaSal', 'mecimapro']",2,FahzaSal,@meriimerrss
selamat pagi Ibu beserta jajaran staf @mecimapro izin mengingatkan tentang kewajiban yg mesti dipenuhi liburan boleh kok bu asal staf2 yg disini ttp disuruh kerja yaah kerugian konsumen ga cm seribu dua ribu loch https://t.co/G4h2Uv26z5,1.92392717865752E+018,2025-05-18 02:22:38+00:00,@timelessungjin,1.38620781527914E+018,in,,5,6,318,354,https://x.com/timelessungjin/status/1923927178657529992,['mecimapro'],1,mecimapro,@timelessungjin
@rustyredbrown Padahal justru dia bisa jdiin day6 dan aksi myday itu utk nge-push @mecimapro biar kerja bener. Jgn malah jadi polarisasi isu. Kalo idolanya di-treat bener jg dia &amp; fandom yg seneng. Salah2 tar jadi moment @mecimapro polarisasi isu dari kegagalan mreka ngetreat day6 kmren.,1.92394072147804E+018,2025-05-18 03:16:27+00:00,@ConverseHigh52,1.38368160040415E+018,in,,0,0,0,5,https://x.com/ConverseHigh52/status/1923940721478049934,"['rustyredbrown', 'mecimapro', 'mecimapro']",3,rustyredbrown,@ConverseHigh52
Temen-temen tolong disempetin baca ini walaupun panjang stop konflik dengan yg lain fokus nagih utang ke @mecimapro selain promotor yg patut disalahin cuma sistem pemerintahan kita yg bobrok. Jadi kalo ada narasi yg nyalahin myday karena NUNTUT REFUND cuekin.,1.92394269678121E+018,2025-05-18 03:24:18+00:00,@sungcheorry,1.25711108666849E+018,in,,2,2,252,406,https://x.com/sungcheorry/status/1923942696781217845,['mecimapro'],1,mecimapro,@sungcheorry
refund dong coy @mecimapro udah tanggal berapa ini? nonton day6 di seoul bisa tp refund gabisa? itu duit kita lu pake buat ntn day6 disono? haram ege make duit yg bukan hak elu.. refund!!!,1.92397395214321E+018,2025-05-18 05:28:30+00:00,@youngbri93_,1142607786,in,,0,0,0,0,https://x.com/youngbri93_/status/1923973952143229411,['mecimapro'],1,mecimapro,@youngbri93_
Ada memang hari-hari yang berat tiap hari nagih refund ke @mecimapro soalnya *untung ditemenin sama Day6 #KawalRefundMecima #MECIMA_NOT_PROfessional,1.92403628070443E+018,2025-05-18 09:36:10+00:00,@netkirei,56996790,in,,0,0,2,0,https://x.com/netkirei/status/1924036280704438701,['mecimapro'],1,mecimapro,@netkirei
semoga bisa ketemu di world tour berikutnya di waktu yang lebih baik myday &amp; day6 T____T semoga kt forever young kecuali @mecimapro refund dulu ya kk,1.92409188236541E+018,2025-05-18 13:17:07+00:00,@gaeulise,1.61095271547521E+018,in,,0,0,0,0,https://x.com/gaeulise/status/1924091882365419888,['mecimapro'],1,mecimapro,@gaeulise
@airevsev Kak hatiku nyes sakit banget liat yk nangis hari ini. Semoga @day6official selalu tau kalo My Day Indonesia selalu sayang mereka ya. Semoga my day uangnya cepet kerefund. Day6 juga rest well sayang @mecimapro refund cepet anjir gak usah kabur an. Dasar gak tau malu,1.92410886576498E+018,2025-05-18 14:24:36+00:00,@Armyday041912,1.17268699707421E+018,in,,0,0,0,0,https://x.com/Armyday041912/status/1924108865764995147,"['airevsev', 'day6official', 'mecimapro']",3,airevsev,@Armyday041912
Halo @mecimapro tolong lanjutkan proses refund konser Day6 FY 3 Mei kemarin. Mau refund kapan setelah ingkar 2 kali? Pertama tgl 14-18 April kemudian minta waktu 30 hari terhitung dari 14 April. Halo ini udah tgl berapa? #KawalRefundMecima #MECIMA_NOT_PROfessional https://t.co/a47oQ0QJYe,1.92427529374707E+018,2025-05-19 01:25:55+00:00,@honeyounx,1.16659094475969E+018,in,,1,1,339,370,https://x.com/honeyounx/status/1924275293747085355,['mecimapro'],1,mecimapro,@honeyounx
Sudah hari ke 36 dari tgl proses refund pertama bahkan rangkaian tur FY juga sudah selesai tapi @mecimapro belum lanjut refund juga. Udah hari senin ini bank juga udah buka yuk lanjut refund! @BPKN_RI @Kemendag @KemenPariwisata #KawalRefundMecima #MECIMA_NOT_PROfessional https://t.co/m2DaTQoLTg,1.92427641009882E+018,2025-05-19 01:30:22+00:00,@junebluemoon,59763155,in,,5,0,298,226,https://x.com/junebluemoon/status/1924276410098823653,"['mecimapro', 'BPKN_RI', 'Kemendag', 'KemenPariwisata']",4,mecimapro,@junebluemoon
Udah hari Senin bank udah buka. Waktunya lanjut refund ️️️ @mecimapro #KawalRefundMecimapro #MECIMA_NOT_PROfessional https://t.co/Xxti7k419G,1.92428400388624E+018,2025-05-19 02:00:32+00:00,@day6safespace,1.23007749701165E+018,in,,4,0,395,533,https://x.com/day6safespace/status/1924284003886248247,['mecimapro'],1,mecimapro,@day6safespace
jadi belum selesai refund day6 kemarin? @mecimapro,1.92430765357002E+018,2025-05-19 03:34:31+00:00,@tripkitaidn_,1.62250359026185E+018,in,,0,0,0,0,https://x.com/tripkitaidn_/status/1924307653570023534,['mecimapro'],1,mecimapro,@tripkitaidn_
Refund duitku total 9.6jt cepattt @mecimapro Fy day6 byuma jkt byuma sby ,1.92431603794171E+018,2025-05-19 04:07:50+00:00,@jungsually,1.59705068539619E+018,in,,167,50,687,3728,https://x.com/jungsually/status/1924316037941711015,['mecimapro'],1,mecimapro,@jungsually
melani n friends kapan ke banknya yaa konsernya day6 dah kelar ini tournya tp duit kita2 blm balik @mecimapro,1.92433563445563E+018,2025-05-19 05:25:42+00:00,@minchnseung,1.07194471334998E+018,in,,0,0,0,1,https://x.com/minchnseung/status/1924335634455634041,['mecimapro'],1,mecimapro,@minchnseung
refund donk cantiknya youngk @mecimapro,1.92442022192393E+018,2025-05-19 11:01:49+00:00,@yellopostitmen,2873312033,in,,0,1,0,0,https://x.com/yellopostitmen/status/1924420221923934487,['mecimapro'],1,mecimapro,@yellopostitmen
Alhamdulillah uangku sudah di refund. TAPI GA IKHLAS GUE TAHUN INI GA KETEMU DAY6 + DIPOTONG 50K. SEE U IN YAUMUL HISAB MEL @mecimapro ,1.92447365004201E+018,2025-05-19 14:34:07+00:00,@cintasamadowoon,1.58833784646038E+018,in,,6,28,75,455,https://x.com/cintasamadowoon/status/1924473650042011945,['mecimapro'],1,mecimapro,@cintasamadowoon
@mydaysikseuu @mecimapro Membership tp dipotong bebb,1.92447452013786E+018,2025-05-19 14:37:35+00:00,@cintasamadowoon,1.58833784646038E+018,in,,0,1,0,0,https://x.com/cintasamadowoon/status/1924474520137863310,"['mydaysikseuu', 'mecimapro']",2,mydaysikseuu,@cintasamadowoon
@cheesekuk @mecimapro Makasih sudahh mengingatkanku ganti uname‼️‼️,1.92447557083611E+018,2025-05-19 14:41:45+00:00,@cintasamadowoon,1.58833784646038E+018,in,,0,0,0,2,https://x.com/cintasamadowoon/status/1924475570836119904,"['cheesekuk', 'mecimapro']",2,cheesekuk,@cintasamadowoon
@wonpilfancc @mecimapro Siapss kak dinn,1.92447559385023E+018,2025-05-19 14:41:51+00:00,@cintasamadowoon,1.58833784646038E+018,in,,0,0,0,1,https://x.com/cintasamadowoon/status/1924475593850233241,"['wonpilfancc', 'mecimapro']",2,wonpilfancc,@cintasamadowoon
@cheeseonplate @mecimapro Alhamdulillah maa‼️,1.92447563369202E+018,2025-05-19 14:42:00+00:00,@cintasamadowoon,1.58833784646038E+018,in,,0,0,0,0,https://x.com/cintasamadowoon/status/1924475633692037358,"['cheeseonplate', 'mecimapro']",2,cheeseonplate,@cintasamadowoon
@cintasamadowoon @mecimapro Alhamdulillah. Semoga bisa ketemu day6 di lain waktu dg promotor yg bukan mecima ya ayo mam enak,1.92447885801282E+018,2025-05-19 14:54:49+00:00,@marigoldmerah,1.33850345406334E+018,in,,0,1,0,0,https://x.com/marigoldmerah/status/1924478858012836162,"['cintasamadowoon', 'mecimapro']",2,cintasamadowoon,@marigoldmerah
AKU CAPEK BANGET TIAP HARI NAGIH UTANG YA ALLAH. @mecimapro BUKALAH PINTU HATI OWNER DAN JAJARANNYA AGAR SEGERA BAYAR HUTANG AMIN YA ROBBAL ALAMIN #MECIMA_NOT_PROfessional #MecimaRefundSekarang #KawalRefundMecima https://t.co/4Sb1OyUBNU,1.92447960648224E+018,2025-05-19 14:57:47+00:00,@aIlonica,1883700031,in,,0,5,131,233,https://x.com/aIlonica/status/1924479606482244035,['mecimapro'],1,mecimapro,@aIlonica
@wonpilfancc @mecimapro Btw aku bca,1.92448220420342E+018,2025-05-19 15:08:07+00:00,@cintasamadowoon,1.58833784646038E+018,in,,0,0,0,1,https://x.com/cintasamadowoon/status/1924482204203438428,"['wonpilfancc', 'mecimapro']",2,wonpilfancc,@cintasamadowoon
@mydaysikseuu @mecimapro Aku section gray east huehehe :',1.92448227387923E+018,2025-05-19 15:08:23+00:00,@cintasamadowoon,1.58833784646038E+018,in,,0,1,0,0,https://x.com/cintasamadowoon/status/1924482273879241152,"['mydaysikseuu', 'mecimapro']",2,mydaysikseuu,@cintasamadowoon
@sunmoonphile @mecimapro Bantu aku jadi saksi kedzaliman ini yaa,1.92448234493914E+018,2025-05-19 15:08:40+00:00,@cintasamadowoon,1.58833784646038E+018,in,,0,1,0,0,https://x.com/cintasamadowoon/status/1924482344939147390,"['sunmoonphile', 'mecimapro']",2,sunmoonphile,@cintasamadowoon
@uriendorfin @mecimapro @shxxrene Jadwalin aja kak @shxxrene kita labrak pake doa ke Yang Maha Kuasa,1.9244841628972E+018,2025-05-19 15:15:54+00:00,@cintasamadowoon,1.58833784646038E+018,in,,0,1,0,1,https://x.com/cintasamadowoon/status/1924484162897203370,"['uriendorfin', 'mecimapro', 'shxxrene', 'shxxrene']",4,uriendorfin,@cintasamadowoon
@marigoldmerah @mecimapro Aaa aku ga makan enak belakangan ini.. makasih doanya kak han,1.92448434181785E+018,2025-05-19 15:16:36+00:00,@cintasamadowoon,1.58833784646038E+018,in,,0,1,0,1,https://x.com/cintasamadowoon/status/1924484341817856308,"['marigoldmerah', 'mecimapro']",2,marigoldmerah,@cintasamadowoon
@elviyulianthic @mecimapro 50k kakk bisa beli nasipadang lebih dr 2 bungkuss,1.9244843908912E+018,2025-05-19 15:16:48+00:00,@cintasamadowoon,1.58833784646038E+018,in,,0,1,0,0,https://x.com/cintasamadowoon/status/1924484390891217278,"['elviyulianthic', 'mecimapro']",2,elviyulianthic,@cintasamadowoon
@ninjreng @mecimapro ALHAMDULILLAH NINDD Meskipun ceurik tp bae‼️,1.92448449331195E+018,2025-05-19 15:17:13+00:00,@cintasamadowoon,1.58833784646038E+018,in,,0,0,0,0,https://x.com/cintasamadowoon/status/1924484493311959239,"['ninjreng', 'mecimapro']",2,ninjreng,@cintasamadowoon
@Jeelinesky @mecimapro Iyaa jevv makasih yaa,1.92449325872362E+018,2025-05-19 15:52:02+00:00,@cintasamadowoon,1.58833784646038E+018,in,,0,0,0,1,https://x.com/cintasamadowoon/status/1924493258723623188,"['Jeelinesky', 'mecimapro']",2,Jeelinesky,@cintasamadowoon
@b_jaee @mecimapro Makasih zzaa!!,1.92449328285761E+018,2025-05-19 15:52:08+00:00,@cintasamadowoon,1.58833784646038E+018,in,,0,0,0,0,https://x.com/cintasamadowoon/status/1924493282857628048,"['b_jaee', 'mecimapro']",2,b_jaee,@cintasamadowoon
@wonpilaroid @mecimapro Alhamdulillah bill,1.92461384446444E+018,2025-05-19 23:51:12+00:00,@cintasamadowoon,1.58833784646038E+018,in,,0,0,0,0,https://x.com/cintasamadowoon/status/1924613844464443823,"['wonpilaroid', 'mecimapro']",2,wonpilaroid,@cintasamadowoon
@jessaminsky @mecimapro Iyaa bgt kak jjur ak tkut jdinya deposit kemarintuhh...,1.92461397779717E+018,2025-05-19 23:51:44+00:00,@cintasamadowoon,1.58833784646038E+018,in,,0,0,0,1,https://x.com/cintasamadowoon/status/1924613977797189796,"['jessaminsky', 'mecimapro']",2,jessaminsky,@cintasamadowoon
@YHwldy @mecimapro Yups betul alhamdulillah,1.92461402475668E+018,2025-05-19 23:51:55+00:00,@cintasamadowoon,1.58833784646038E+018,in,,0,0,0,0,https://x.com/cintasamadowoon/status/1924614024756691357,"['YHwldy', 'mecimapro']",2,YHwldy,@cintasamadowoon
@1Feel_It @mecimapro Masiih processing fee 50k awowkwk,1.92461413809514E+018,2025-05-19 23:52:22+00:00,@cintasamadowoon,1.58833784646038E+018,in,,0,0,0,0,https://x.com/cintasamadowoon/status/1924614138095141123,"['1Feel_It', 'mecimapro']",2,1Feel_It,@cintasamadowoon
@abangyoungk @mecimapro Seneng bgt ak perii,1.92461417880924E+018,2025-05-19 23:52:32+00:00,@cintasamadowoon,1.58833784646038E+018,in,,0,0,0,0,https://x.com/cintasamadowoon/status/1924614178809249926,"['abangyoungk', 'mecimapro']",2,abangyoungk,@cintasamadowoon
@ilyyoung_ @mecimapro Udh sering ak doain moga bangkrut kok:(,1.92461429927804E+018,2025-05-19 23:53:01+00:00,@cintasamadowoon,1.58833784646038E+018,in,,0,0,0,0,https://x.com/cintasamadowoon/status/1924614299278049574,"['ilyyoung_', 'mecimapro']",2,ilyyoung_,@cintasamadowoon
@Jongddablue_ @mecimapro Kalau di dunia kan gamungkin ketemuu,1.92461436721738E+018,2025-05-19 23:53:17+00:00,@cintasamadowoon,1.58833784646038E+018,in,,0,0,0,0,https://x.com/cintasamadowoon/status/1924614367217385609,"['Jongddablue_', 'mecimapro']",2,Jongddablue_,@cintasamadowoon
Selamat siang @mecimapro Mohon untuk segera merefund customer Forever Young Day6 berhubung sudah tanggal 20 Mei atau H-11 dari deadline kalian. Minta tolong bantuan @BPKN_RI @Kemendag untuk mengawal #KawalRefundMecima #MECIMA_NOT_PROfessional,1.92470543535505E+018,2025-05-20 05:55:09+00:00,@littlelifetimes,1.77409078071564E+018,in,,0,0,2,0,https://x.com/littlelifetimes/status/1924705435355054114,"['mecimapro', 'BPKN_RI', 'Kemendag']",3,mecimapro,@littlelifetimes
Dear Bpk/Ibu @mecimapro Tolong segera selesaikan refund uang tiket konser Day6 sesuai tenggat waktu yang dijanjikan.,1.92505493880112E+018,2025-05-21 05:03:57+00:00,@shimclover,1.26975780142689E+018,in,,0,0,0,0,https://x.com/shimclover/status/1925054938801127428,['mecimapro'],1,mecimapro,@shimclover
Halo @mecimapro kemarin jam seginian udah pada mulai masuk lagi nih refund day6 yg beli di mecimashop mau itu yang member atau yang gensale. Yu bisa yu skrng lanjutin ️ #KawalRefundMecima #MECIMA_NOT_PROfessional #MecimaRefundSekarang,1.92511161820531E+018,2025-05-21 08:49:11+00:00,@keunil2707,1.24126286399959E+018,in,,0,0,28,17,https://x.com/keunil2707/status/1925111618205315237,['mecimapro'],1,mecimapro,@keunil2707
Selamat pagi @mecimapro Mohon untuk segera merefund customer Forever Young Day6 berhubung sudah tanggal 22 Mei atau H-9 dari deadline kalian. Minta tolong bantuan @BPKN_RI @Kemendag untuk mengawal #KawalRefundMecima #MECIMA_NOT_PROfessional,1.92533684695306E+018,2025-05-21 23:44:09+00:00,@littlelifetimes,1.77409078071564E+018,in,,0,0,2,0,https://x.com/littlelifetimes/status/1925336846953062754,"['mecimapro', 'BPKN_RI', 'Kemendag']",3,mecimapro,@littlelifetimes
Gue pasang highlight konser Day6 FY oktober lalu. Terus di dm sama salah satu kenalan eh itu konser day6 yang kemaren kisruh itu bukan sih? Semua gara-gara lu melani @mecimapro.,1.92554555622055E+018,2025-05-22 13:33:30+00:00,@miarmoi,1.65780093303064E+018,in,,0,0,0,0,https://x.com/miarmoi/status/1925545556220559741,['mecimapro'],1,mecimapro,@miarmoi
Halo @mecimapro refund purple east saya untuk day6 FY 2025 belum masuk sampai skg sudah lebih dari 30 hari mohon dibantu,1.92559357175709E+018,2025-05-22 16:44:17+00:00,@lilyecl,42021690,in,,0,0,0,0,https://x.com/lilyecl/status/1925593571757093011,['mecimapro'],1,mecimapro,@lilyecl
@nouccchi @mecimapro 4M itu baru day6 doang Nou kemaren kan dia juga mundurin konser band lain dan suruh ngajuin refund Belom utang lainnya.. ah kesel ,1.92584824169163E+018,2025-05-23 09:36:16+00:00,@aya_nino,79370675,in,,0,1,0,0,https://x.com/aya_nino/status/1925848241691639827,"['nouccchi', 'mecimapro']",2,nouccchi,@aya_nino
Selamat sore @mecimapro Mohon untuk segera merefund customer Forever Young Day6 berhubung sudah tanggal 23 Mei atau H-8 dari deadline kalian. Minta tolong bantuan @BPKN_RI @Kemendag untuk mengawal #KawalRefundMecima #MECIMA_NOT_PROfessional,1.92584893005242E+018,2025-05-23 09:39:00+00:00,@littlelifetimes,1.77409078071564E+018,in,,0,0,2,0,https://x.com/littlelifetimes/status/1925848930052428005,"['mecimapro', 'BPKN_RI', 'Kemendag']",3,mecimapro,@littlelifetimes
Saking lamanya gak di refund sama @mecimapro sampe ke bawa mimpi ngonser day6! Capek bgt akutuhhh ayolah refund mecimaaaaaa ,1.92605873092523E+018,2025-05-23 23:32:40+00:00,@uwiemaino,78255442,in,,0,0,0,0,https://x.com/uwiemaino/status/1926058730925232500,['mecimapro'],1,mecimapro,@uwiemaino
kalian ini gercep bgt nyari2 kesalahan dari my day @mecimapro malu anjir maluuuuuuuuu masih ngutang ke my day tp ngancem2. mikir kids. https://t.co/GL2qUty55m,1.92617906488204E+018,2025-05-24 07:30:50+00:00,@springjellyy,1.23759012848422E+018,in,,1,0,134,317,https://x.com/springjellyy/status/1926179064882049219,['mecimapro'],1,mecimapro,@springjellyy
so instead of continue refund of 4 BILLION RUPIAH which the deadline only a week left you dare make threat to myday? SHAME ON YOU @mecimapro billions of debt yet you still went to korea I'm loss for words for people like you mecima refund my money!!!,1.92619274028021E+018,2025-05-24 08:25:10+00:00,@songil,62308645,en,,0,0,175,234,https://x.com/songil/status/1926192740280217751,['mecimapro'],1,mecimapro,@songil
pencemaran nama baik? just shut up your mouth @mecimapro owner kek gini sebenernya mental tahu sutra kesenggol dikit lgs pecah tp krn pny money and power jd berlindung seenaknya. Hope u don't have anyone di sisi lo deh. Lo udh jahat jd it's okay for us to pray for ur downfall,1.92620684567009E+018,2025-05-24 09:21:13+00:00,@yellopostitmen,2873312033,in,,0,0,3,1,https://x.com/yellopostitmen/status/1926206845670096915,['mecimapro'],1,mecimapro,@yellopostitmen
@wdztap @mecimapro jadi ada myday ina yg dateng ke konser day6 yg di seoul kak nah ternyata si mecim ini dateng ke konsernya juga trs ga sengaja ketemu myday ina di toilet padahal refund belum kelar tapi masih bisa berkeliaran di konser day6 gituu,1.92623270038751E+018,2025-05-24 11:03:58+00:00,@fromdnwm,1.1068826126042E+018,in,,0,1,0,0,https://x.com/fromdnwm/status/1926232700387512563,"['wdztap', 'mecimapro']",2,wdztap,@fromdnwm
@mecimapro Malam minggu di waktu senggang. Jujur saja yaaa apakah mampu akhir mei 2025 untuk menyelesaikan refund day6 secara tuntas? Tolong selesaikan yaa segera dan seksama. Bisa kan untuk fokus dulu.,1.92631102485392E+018,2025-05-24 16:15:12+00:00,@arimayha,66042326,in,,0,0,0,0,https://x.com/arimayha/status/1926311024853926119,['mecimapro'],1,mecimapro,@arimayha
yuk lanjut refund nya janjinya mei beres kan? sekarang udah senin selesaikan semua refund tiket day6 kemarin @mecimapro @BPKN_RI @Kemendag @KemenPariwisata #KawalRefundMecima #MECIMA_NOT_PROfessional,1.9268060865201E+018,2025-05-26 01:02:24+00:00,@Zeinly_,1.73464394732106E+018,in,,0,0,0,1,https://x.com/Zeinly_/status/1926806086520107403,"['mecimapro', 'BPKN_RI', 'Kemendag', 'KemenPariwisata']",4,mecimapro,@Zeinly_
@mecimapro hello I saw that you're online. bisa tolong update mengenai proses REFUND konser Day6? terima kasih.,1.92691716452876E+018,2025-05-26 08:23:47+00:00,@woodes_,9.20094125633945E+017,in,,0,0,0,0,https://x.com/woodes_/status/1926917164528767042,['mecimapro'],1,mecimapro,@woodes_
star planet boleh duduk belakang mecimapro dah ni eo paling hauk dekat dunia ni,1.9269642600657E+018,2025-05-26 11:30:55+00:00,@windstrxck,1.45101928821984E+018,in,,0,0,0,0,https://x.com/windstrxck/status/1926964260065706288,[],0,,@windstrxck
@mecimapro kapan nih refund day6 forever youngnya cair?,1.92696947580861E+018,2025-05-26 11:51:39+00:00,@Labirincerita,297208467,in,,0,0,0,0,https://x.com/Labirincerita/status/1926969475808612730,['mecimapro'],1,mecimapro,@Labirincerita
Hai :( kok refund day6 aku belum sih :( @mecimapro,1.92701256162024E+018,2025-05-26 14:42:51+00:00,@pinksvmmer,7.33673628231979E+017,in,,0,0,0,0,https://x.com/pinksvmmer/status/1927012561620247024,['mecimapro'],1,mecimapro,@pinksvmmer
Uang ga di refund di jadiin deposit secara sepihak Trauma tiap liat video/foto 3 Mei Sedih denger bbrp lagu day6 Masih suka kepikiran what if... Mau ikhlas tapi ko blm bisa @mecimapro jahat banget kalian Semoga tidak tenang hidupmu onty melmel,1.92750528542326E+018,2025-05-27 23:20:46+00:00,@inamjoon1213,1108878116,in,,0,0,0,0,https://x.com/inamjoon1213/status/1927505285423264210,['mecimapro'],1,mecimapro,@inamjoon1213
REFUND KONSER DAY6 WOY @mecimapro BALIKIN DUIT KAMI !!!!!!!!!!!!!!!!!!!!!!!!!!!!!!!!!!,1.92757262955019E+018,2025-05-28 03:48:22+00:00,@got7woy,1.03210430727169E+018,in,,0,0,0,1,https://x.com/got7woy/status/1927572629550194837,['mecimapro'],1,mecimapro,@got7woy
selesai hari ini ya refund tiket day6 add show nya @mecimapro @BPKN_RI @Kemendag @KemenPariwisata #KawalRefundMecima #MECIMA_NOT_PROfessional,1.92759203455192E+018,2025-05-28 05:05:28+00:00,@Zeinly_,1.73464394732106E+018,in,,0,0,1,0,https://x.com/Zeinly_/status/1927592034551922926,"['mecimapro', 'BPKN_RI', 'Kemendag', 'KemenPariwisata']",4,mecimapro,@Zeinly_
Sejujurnya rasa ingin mengirimkan somasi &amp; nge-classaction-in @mecimapro sangat tinggi alias gue udah capek nunggu refund Day6 atau mending buat aduan resmi ke pk kemendag berhubung gue udah punya nomor pak J,1.92813138925938E+018,2025-05-29 16:48:40+00:00,@najenoleejaemin,446950294,in,,0,0,0,1,https://x.com/najenoleejaemin/status/1928131389259386892,['mecimapro'],1,mecimapro,@najenoleejaemin
Aku sudah bisa mendengar lagu-lagu Day6 tanpa sakit hati. Tapi woi @mecimapro cepat balikin uangku. ,1.92824331178726E+018,2025-05-30 00:13:25+00:00,@purpuridays,366424786,in,,0,0,0,0,https://x.com/purpuridays/status/1928243311787266067,['mecimapro'],1,mecimapro,@purpuridays
Peringatan buat semua fandom. Pikir seribu kali sebelum beli APAPUN di @mecimapro kalo ga mau berujung gini.,1.92829528286287E+018,2025-05-30 03:39:56+00:00,@eksodesix,7.93431320550486E+017,in,,6,1,846,1349,https://x.com/eksodesix/status/1928295282862870689,['mecimapro'],1,mecimapro,@eksodesix
@Ooh_LaLaaLaa @mecimapro asikk nanti bisa noraebang di dalem sel wkwkkwkw,1.92830392674014E+018,2025-05-30 04:14:16+00:00,@blckrosesoonday,1.37021401696718E+018,in,,0,0,0,123,https://x.com/blckrosesoonday/status/1928303926740148254,"['Ooh_LaLaaLaa', 'mecimapro']",2,Ooh_LaLaaLaa,@blckrosesoonday
@kucingregal @airevsev Permasalahan konser DAY6 di Jakarta pada 3 Mei 2025 melibatkan kegagalan organisasi oleh MECIMAPRO seperti perubahan venue mendadak ke stadion terbuka dan penanganan cuaca buruk yang buruk menyebabkan kekacauan dan protes penggemar. MECIMAPRO paling bertanggung jawab atas,1.92831166535711E+018,2025-05-30 04:45:01+00:00,@grok,1.72066518318892E+018,in,,0,1,0,0,https://x.com/grok/status/1928311665357115494,"['kucingregal', 'airevsev']",2,kucingregal,@grok
As i said before I DO NOT CONSENT EXTRA TIME @mecimapro They never reach us nor inform the refund progress its already 42 Days since the first Deadline. We're kind enough to agree w the prolonged Deadline until 2nd June. Do your work as Govern institutional @Kemendag @BPKN_RI https://t.co/fdEsSFgLyU,1.92831796091487E+018,2025-05-30 05:10:02+00:00,@CheekbonesDayum,2921571877,en,,19,2,533,568,https://x.com/CheekbonesDayum/status/1928317960914878885,"['mecimapro', 'Kemendag', 'BPKN_RI']",3,mecimapro,@CheekbonesDayum
Buat semua kpopers di dunia ini kagak usah deh beli tiket kalau yang bikin eventnya @mecimapro : PENIPU tukang gaslighting gamau bertanggung jawab ngerugiin vendor &amp; pihak yg diajak kerjasama macem t1ketcom bullying customer lebih galak dari yg dirugikan,1.92833948966492E+018,2025-05-30 06:35:35+00:00,@bapjagi,1.30463644110899E+018,in,,28,0,2174,2993,https://x.com/bapjagi/status/1928339489664925990,['mecimapro'],1,mecimapro,@bapjagi
@4mod_ @mecimapro Duit buat bayar lawyer buat somasi bisa tp buat refund sulit,1.92840753157292E+018,2025-05-30 11:05:58+00:00,@conconlatte,172355342,in,,0,0,0,0,https://x.com/conconlatte/status/1928407531572929012,"['4mod_', 'mecimapro']",2,4mod_,@conconlatte
@springjellyy @mecimapro Plus dia udh beli 10 tiket grey buat temen2 myday yg gak dia kenal biar bisa nonton day6 untuk pertama kali. Mecima mecima,1.92842244034001E+018,2025-05-30 12:05:12+00:00,@kkeembab,1.3739573998123E+018,in,,0,1,7,101,https://x.com/kkeembab/status/1928422440340017312,"['springjellyy', 'mecimapro']",2,springjellyy,@kkeembab
Sedih bgt asliii day6 baru mau menjalani dan menikmati kebahagiaan mereka eh malah dirusak semua sama promotor tone deaf angkuh dan semena mena ini. Minimal lu bubar sih!!!! @mecimapro,1.92843457264928E+018,2025-05-30 12:53:25+00:00,@nyumaideii,1.87360947865198E+018,in,,0,0,0,0,https://x.com/nyumaideii/status/1928434572649284020,['mecimapro'],1,mecimapro,@nyumaideii
@putriabyuda @day6official Gw juga prlahan2 jdi mundur sbg fans day6 tpi gw tetep selalu sayang sma mydaynesia️ yg berjuang utk hak2 myday Indonesia yg jdi korban mecimapro sumpah gw bener2 sayang sma kalian smua mydaynesiaseenggakny klo idol kita gkbisa denger ini gw yg akan slalu ada di pihak kalian!,1.92849571156739E+018,2025-05-30 16:56:22+00:00,@Lutfiahnisrin,388305638,in,,0,0,1,24,https://x.com/Lutfiahnisrin/status/1928495711567393054,"['putriabyuda', 'day6official']",2,putriabyuda,@Lutfiahnisrin
@ngeluhmuluuu Power abuse! Kontil @mecimapro Gimana ini @BPKN_RI @Kemendag @KemenPariwisata @DPR_RI @Gerindra Fans kalian ini cinta banget ke kalian tapi kalian diem aja. Aku tau ini bukan urusan kalian. Tapi. Au ah. @day6official @jypnation @Dw_day6_drummer @DAY6BOBSUNG_JIN,1.92865917190317E+018,2025-05-31 03:45:53+00:00,@mychiaa10,1.85236146070342E+018,in,,2,0,167,868,https://x.com/mychiaa10/status/1928659171903176953,"['ngeluhmuluuu', 'mecimapro', 'BPKN_RI', 'Kemendag', 'KemenPariwisata', 'DPR_RI', 'Gerindra', 'day6official', 'jypnation', 'Dw_day6_drummer', 'DAY6BOBSUNG_JIN']",11,ngeluhmuluuu,@mychiaa10
huhuyyy buuu melll 31 nih hehe ayoo atuh lanjutin refund temen2 mydaykuu️ @mecimapro #KawalRefundMecima,1.92867958553468E+018,2025-05-31 05:07:00+00:00,@faniityy,352182564,in,,0,0,3,2,https://x.com/faniityy/status/1928679585534681394,['mecimapro'],1,mecimapro,@faniityy
Pernyataan resmi @mecimapro yang mana yang bapak ibu maksudkan itu? @BPKN_RI @Kemendag,1.92953749224123E+018,2025-06-02 13:56:01+00:00,@day6blueable,1.17665100041058E+018,in,,0,0,62,214,https://x.com/day6blueable/status/1929537492241232013,"['mecimapro', 'BPKN_RI', 'Kemendag']",3,mecimapro,@day6blueable
Konser DAY6 udh pas sebulan hari ini tp refundnya msh blm kelar jg. Lewat pihak ke3 bilang udh clear di beberapa kategori tp temen2 gue faktanya masih banyak yg blm dapet @mecimapro kenapa harus kasih info yg ga tepat? Kendalanya dimana sampe molor terus? Bisa jelasin ga?,1.92971156893959E+018,2025-06-03 01:27:44+00:00,@doojanjin,1.13328531107983E+018,in,,0,0,5,6,https://x.com/doojanjin/status/1929711568939593835,['mecimapro'],1,mecimapro,@doojanjin
buuu hari ini lanjut refund yaa @mecimapro #KawalRefundMecima #MECIMA_NOT_PROfessional,1.92971759749666E+018,2025-06-03 01:51:42+00:00,@faniityy,352182564,in,,0,0,4,2,https://x.com/faniityy/status/1929717597496660430,['mecimapro'],1,mecimapro,@faniityy
Dear @mecimapro Terhitung sudah 1 bulan dari terselenggaranya konser DAY6 Forever Young dan hingga detik ini kami belum sepenuhnya menerima refund. Mohon agar dapat segera diproses. Terima kasih ,1.92973102098065E+018,2025-06-03 02:45:02+00:00,@HitamKariting,1.01039796131287E+018,in,,0,0,1,0,https://x.com/HitamKariting/status/1929731020980654564,['mecimapro'],1,mecimapro,@HitamKariting
@Kemendag @mecimapro Halo @Kemendag terima kasih sudah memantau refund DAY6. Namun mohon penjelasan: 47% itu dari total berapa pembeli? Apakah data refund bisa dibuka secara transparan? Apa evaluasi Kemendag terkait somasi yang dilayangkan Mecimapro ke konsumen yang menyampaikan keluhan?,1.92979802846421E+018,2025-06-03 07:11:18+00:00,@callmegyub,1.73153947492719E+018,in,,0,0,0,1,https://x.com/callmegyub/status/1929798028464214493,"['Kemendag', 'mecimapro', 'Kemendag']",3,Kemendag,@callmegyub
@trihar_v @mecimapro iya kak tadi juga lihat m mau bikin ent,1.92979891442704E+018,2025-06-03 07:14:49+00:00,@imdrum_dw,1.2072346943806E+018,in,,0,0,0,0,https://x.com/imdrum_dw/status/1929798914427048388,"['trihar_v', 'mecimapro']",2,trihar_v,@imdrum_dw
Halo My Day Bagi yang belum menerima pengembalian dana (refund) dari MECIMAPRO dan telah mengisi Form Kawal Refund mohon untuk mengecek email yang dikirim dari mail@mydayberserikat.org Tertanda My Day Berserikat,1.9298768077526E+018,2025-06-03 12:24:21+00:00,@mydayberserikat,1.70958071343421E+018,in,,145,0,823,933,https://x.com/mydayberserikat/status/1929876807752601741,['mydayberserikat'],1,mydayberserikat,@mydayberserikat
kata aku mah buruan refund deh @mecimapro #KawalRefundMecima,1.93007813109394E+018,2025-06-04 01:44:20+00:00,@faniityy,352182564,in,,0,0,0,0,https://x.com/faniityy/status/1930078131093942304,['mecimapro'],1,mecimapro,@faniityy
jangan lupa refund @mecimapro,1.93007926652138E+018,2025-06-04 01:48:50+00:00,@blckrosesoonday,1.37021401696718E+018,in,,0,0,1,3,https://x.com/blckrosesoonday/status/1930079266521387302,['mecimapro'],1,mecimapro,@blckrosesoonday
REFUND DAY6 LANJUTIN WOIII @mecimapro,1.9304775459439E+018,2025-06-05 04:11:28+00:00,@junshrek,55474501,in,,0,0,0,0,https://x.com/junshrek/status/1930477545943904689,['mecimapro'],1,mecimapro,@junshrek
Tuhkan ah psti ngomongin konser sm om gue iya itu konser day6 tuh yg duitnya belum dibalikin sm @mecimapro ,1.93049775079126E+018,2025-06-05 05:31:45+00:00,@paawcha,1.29172525238955E+018,in,,0,1,0,0,https://x.com/paawcha/status/1930497750791262613,['mecimapro'],1,mecimapro,@paawcha
Ayo coba tebak-tebakan apakah nanti refund mecima udah kelar sebelum fanmeet day6 @mecimapro,1.93129103974857E+018,2025-06-07 10:04:00+00:00,@narhania,1.41806534596582E+018,in,,0,0,0,0,https://x.com/narhania/status/1931291039748575541,['mecimapro'],1,mecimapro,@narhania
@mecimapro buruan refund duitku mau siap2 beli md fanmeet day6 nihh #MECIMA_NOT_PROfessional,1.93130455205535E+018,2025-06-07 10:57:41+00:00,@susay_n,7.97794022429315E+017,in,,0,0,2,0,https://x.com/susay_n/status/1931304552055357823,['mecimapro'],1,mecimapro,@susay_n
Halo onty @mecimapro kpn proses refundnya berjalan lagi? Ini day6 dari konser finale sampe skrg mau ada fanmeet ga ada penambahan refund yg signifikan blm sampe 50% yg membership mcp. Masa nanti sampe day6 ngadain konser anniv 10th bahkan tps ga selesai2. Tolong dipercepat lah,1.93130843216823E+018,2025-06-07 11:13:06+00:00,@eternatcha,8.55014815902736E+017,in,,1,0,64,65,https://x.com/eternatcha/status/1931308432168235394,['mecimapro'],1,mecimapro,@eternatcha
Day6 udh mau fanmeet lu belum kelar refund.. @.mecimapro,1.93132067025818E+018,2025-06-07 12:01:44+00:00,@ichinicchan_,1.04881857767803E+018,in,,0,0,0,0,https://x.com/ichinicchan_/status/1931320670258180132,[],0,,@ichinicchan_
#KawalRefundMecima Hari ke-55 Update per Minggu 8 Juni 2025 pukul 18.00 WIB Berdasarkan data yang masuk melalui Form Kawal Refund Mecima hingga saat ini belum tercatat adanya proses refund baru yang dilakukan oleh MECIMAPRO selama 11 hari terakhir. Proses refund terakhir https://t.co/0swqh77n76,1.93169282124264E+018,2025-06-08 12:40:32+00:00,@mydayberserikat,1.70958071343421E+018,in,,141,0,493,422,https://x.com/mydayberserikat/status/1931692821242646741,[],0,,@mydayberserikat
Gw ga akan lupakan @mecimapro gimana cara lu bikin gw hilang spark sm day6 ya tai. Beneran gw udh ga mau tau apapun ttg day6 gara2 lu,1.93175597037348E+018,2025-06-08 16:51:28+00:00,@thehoetak,1.65480911912635E+018,in,,0,0,0,0,https://x.com/thehoetak/status/1931755970373488932,['mecimapro'],1,mecimapro,@thehoetak
@mecimapro waktu lu buat refund yg day6 tinggal 2 hari lagi ye. besok sm lusa. jangan sampe ade berita lagi lu mundurin deadline-nya seenak jidat lu,1.9320578203983E+018,2025-06-09 12:50:54+00:00,@maps_of_my_soul,1.84838692116221E+018,in,,0,0,0,0,https://x.com/maps_of_my_soul/status/1932057820398309881,['mecimapro'],1,mecimapro,@maps_of_my_soul
@mecimapro buruan refund padet banget ini acara bareng day6 butuh duit buat beli md dan album Dapet selentingan kamu lg kumpul2? Ngapain mau gerebek warga? Buruan dehh refund!!! #MECIMA_NOT_PROfessional,1.93207725041088E+018,2025-06-09 14:08:07+00:00,@susay_n,7.97794022429315E+017,in,,0,0,1,0,https://x.com/susay_n/status/1932077250410885323,['mecimapro'],1,mecimapro,@susay_n
░S░E░L░A░M░A░T░ ░P░A░G░I░ ░I░B░U░ ░D░A░N░ ░J░A░J░A░R░A░N░ ░S░U░N░S░H░I░N░E░ @mecimapro mengingatkan kalau 🅱🅴🆂🅾🅺 adalah tenggat waktu yang diumumkan sebagai ˜ *° .˜ *° 𝗣𝗘𝗡𝗬𝗘𝗟𝗘𝗦𝗔𝗜𝗔𝗡 𝗥𝗘𝗙𝗨𝗡𝗗 𝗦𝗘𝗠𝗨𝗔 https://t.co/junmR2MTBl,1.93227261448522E+018,2025-06-10 03:04:25+00:00,@timelessungjin,1.38620781527914E+018,in,,2,0,230,290,https://x.com/timelessungjin/status/1932272614485221680,['mecimapro'],1,mecimapro,@timelessungjin
Uang ku dr day6 dan xdiz kapan direfundnya? @mecimapro,1.93229351105716E+018,2025-06-10 04:27:27+00:00,@cerisejelly,619645783,in,,1,1,0,0,https://x.com/cerisejelly/status/1932293511057170598,['mecimapro'],1,mecimapro,@cerisejelly
Samlekom bapak ibu yg tirhirmit @mecimapro ini gmn nasib duit temen2 gue yg blm direfund? Udah tanggal 10 Juni loh ini...... #KawalRefundMecima Dan hayyy bapak2 dan ibu @BPKN_RI ??? Udah nih menindak mecima? Belom kelar loh sampe skrng refund tiket day6 dan xh yg postponed...,1.93231101765842E+018,2025-06-10 05:37:01+00:00,@ghsmsyrf__,1.0326262378799E+018,in,,0,0,2,0,https://x.com/ghsmsyrf__/status/1932311017658438031,"['mecimapro', 'BPKN_RI']",2,mecimapro,@ghsmsyrf__
diem-diem bae lu @mecimapro bayar utang gih,1.93234622661748E+018,2025-06-10 07:56:56+00:00,@TWYWLFTV,1951515212,in,,0,0,0,0,https://x.com/TWYWLFTV/status/1932346226617495609,['mecimapro'],1,mecimapro,@TWYWLFTV
SEGERA SELESAIKAN REFUND DAY6 @mecimapro !,1.93234753337806E+018,2025-06-10 08:02:07+00:00,@junshrek,55474501,in,,0,0,0,0,https://x.com/junshrek/status/1932347533378060532,['mecimapro'],1,mecimapro,@junshrek
SEBUT TANGGAL PASTINYA KAPAN @mecimapro ETIS KAH MENGIRIM EMAIL KE KONSUMEN JAM 11 MALAM? KERUMITAN INI TERJADI KARENA KALIAN SENDIRI PENYEBABNYA. https://t.co/YcPGA7Lqn1,1.93247956994641E+018,2025-06-10 16:46:47+00:00,@switjchaos,1.5927138438803E+018,in,,344,18,771,2071,https://x.com/switjchaos/status/1932479569946423619,['mecimapro'],1,mecimapro,@switjchaos
Capek banget gue liat nih promotor @mecimapro sesimple lu balikin duit gue yg hampir 8jt itu aja udah beres. Kelar dan urusan. Malah ngide nge-email buat kasih opsi lain. Capek sumpah capek banget gue. Gegara lu gue sakit jiwa muak juga sama day6. @mecimapro GEGARA LU,1.93255331059644E+018,2025-06-10 21:39:49+00:00,@staysixeu,3017100115,in,,0,1,0,2,https://x.com/staysixeu/status/1932553310596444330,"['mecimapro', 'mecimapro']",2,mecimapro,@staysixeu
refund konser day6 gak selesai refund konser xh juga belum ada pergerakan sebenernya nyocokin data yang dimaksud tuh yang gimana sih? ngeles mulu bisanya @mecimapro #KawalRefundMecima #MecimaRefundSekarang #MECIMA_NOT_PROfessional,1.93261268137638E+018,2025-06-11 01:35:44+00:00,@shaworenji_,9.64836290825826E+017,in,,0,0,4,3,https://x.com/shaworenji_/status/1932612681376399462,['mecimapro'],1,mecimapro,@shaworenji_
Yth Bapak Ibu Putra Putri pilihan @Kemendag @KemenPariwisata kalau mau riding the wave dan dapat dukungan publik inilah saatnya Pak/Bu yaitu dengan MENOLAK SEMUA USULAN @mecimapro untuk opsi apapun selain REFUND penuh ke rekening kami bagaimanapun caranya dengan tenggat waktu,1.93261708255185E+018,2025-06-11 01:53:13+00:00,@kangbramind,1.85164200025009E+018,in,,3,4,392,455,https://x.com/kangbramind/status/1932617082551865375,"['Kemendag', 'KemenPariwisata', 'mecimapro']",3,Kemendag,@kangbramind
Kami BUTUHNYA REFUND MASUK KE REKENING GUA BCA senilai harga tiket Orange East 2 Forever Young Day6 bukan opsi bukan alasan bertele-tele‼️ @mecimapro cc: @KemenPariwisata @Kemendag #MECIMA_NOT_PROfessional #MecimaRefundSekarang,1.93266265816531E+018,2025-06-11 04:54:19+00:00,@habitwelve,1.3137265391801E+018,in,,0,0,5,1,https://x.com/habitwelve/status/1932662658165321799,"['mecimapro', 'KemenPariwisata', 'Kemendag']",3,mecimapro,@habitwelve
@Kemendag @BPKN_RI @KemenPariwisata @mecimapro KAMIS 12 JUN 2025 08.45 D+42 KONSER @mecimapro Mana uang kami? Ini sudah lewat dari deadline ke-3 yang anda janjikan! SAYA MENOLAK KERAS OPSI LAIN YA SAYA MAU UANG TUNAI SESUAI YANG ANDA JANJIKAN DI AWAL! Segera selesaikan refund tiket day6 ! #KawalRefundMecima,1.93297727904462E+018,2025-06-12 01:44:30+00:00,@junshrek,55474501,in,,0,1,0,0,https://x.com/junshrek/status/1932977279044628831,"['Kemendag', 'BPKN_RI', 'KemenPariwisata', 'mecimapro', 'mecimapro']",5,Kemendag,@junshrek
[Imbauan Buat My Day] Hai My Day! Kami mengerti banyak yang masih berjuang untuk mendapatkan hak refund namun izinkan kami untuk mengingatkan kepada My Day yang tidak menonton konser dari MECIMAPRO hari ini untuk tidak datang ke lokasi konser demi menghindari resiko dan,1.93407433775952E+018,2025-06-15 02:23:50+00:00,@mydayberserikat,1.70958071343421E+018,in,,29,0,443,679,https://x.com/mydayberserikat/status/1934074337759531368,[],0,,@mydayberserikat
[Imbauan Buat My Day] Hai My Day! Kami mengerti banyak yang masih berjuang untuk mendapatkan hak refund namun izinkan kami untuk mengingatkan kepada My Day yang tidak menonton konser dari MECIMAPRO hari ini untuk tidak datang ke lokasi konser demi menghindari resiko dan,1.93407433775952E+018,2025-06-15 02:23:50+00:00,@mydayberserikat,1.70958071343421E+018,in,,29,0,444,679,https://x.com/mydayberserikat/status/1934074337759531368,[],0,,@mydayberserikat
Besok konser &amp;team udah selesai. W harap sih u udah MULAI GERAK LAGI buat lanjutin SEMUA PROSES REFUND baik untuk fans day6 maupun XH. Makasih @mecimapro @kemendag @BPKN_RI,1.93413389129374E+018,2025-06-15 06:20:28+00:00,@jutwdae,1.54501231509939E+018,in,,0,0,0,0,https://x.com/jutwdae/status/1934133891293741404,"['mecimapro', 'kemendag', 'BPKN_RI']",3,mecimapro,@jutwdae
@Kemendag @BPKN_RI @KemenPariwisata @mecimapro SENIN 16 JUN 2025 09.13 D+46 KONSER Selamat pagi Yth Ibu Melani event terakhir kalian sudah selesai. Sekarang segera selesaikan refund tiket day6 kami! Sudah cukup kalian mengulur waktu terus menerus! KEMBALIKAN UANG KAMI SEGERA ! #MECIMA_NOT_PROfessional #KawalRefundMecima,1.93443424976102E+018,2025-06-16 02:13:59+00:00,@junshrek,55474501,in,,0,1,0,0,https://x.com/junshrek/status/1934434249761034570,"['Kemendag', 'BPKN_RI', 'KemenPariwisata', 'mecimapro']",4,Kemendag,@junshrek
udah hari Senin nih event kalian udah beres @mecimapro berarti udah dapat modal untuk refund uang teman-teman My Day yg belum dapat haknya dong nih? Yuk bisa yuk refundnya~ #MECIMA_NOT_PROfessional #KawalRefundMecima,1.93443521296198E+018,2025-06-16 02:17:49+00:00,@ngeluhmuluuu,1.16928024953777E+018,in,,7,1,293,382,https://x.com/ngeluhmuluuu/status/1934435212961993084,['mecimapro'],1,mecimapro,@ngeluhmuluuu
udah hari Senin nih event kalian udah beres @mecimapro berarti udah dapat modal untuk refund uang teman-teman My Day yg belum dapat haknya dong nih? Yuk bisa yuk refundnya~ #MECIMA_NOT_PROfessional #KawalRefundMecima,1.93443521296198E+018,2025-06-16 02:17:49+00:00,@ngeluhmuluuu,1.16928024953777E+018,in,,7,1,293,382,https://x.com/ngeluhmuluuu/status/1934435212961993084,['mecimapro'],1,mecimapro,@ngeluhmuluuu
Konser &amp;team udah kelar gaada alasan lagi blm refund krn sibuklah inilah itulah ya jadi tolong lanjut proses refund day6 &amp; xh mulai dr hari ini ya @mecimapro,1.93453072060688E+018,2025-06-16 08:37:20+00:00,@jutwdae,1.54501231509939E+018,in,,0,0,2,0,https://x.com/jutwdae/status/1934530720606896434,['mecimapro'],1,mecimapro,@jutwdae
@xxsleepaneat @mecimapro Waduh.. refund day6 masih belum?,1.93478539363297E+018,2025-06-17 01:29:19+00:00,@fajarwarmit,162777841,in,,0,1,0,0,https://x.com/fajarwarmit/status/1934785393632989348,"['xxsleepaneat', 'mecimapro']",2,xxsleepaneat,@fajarwarmit
day6 udah mau masuk bioskop TP ELU BLM REFUND MONYEEEEWTTTT @mecimapro BNR BNR LELET BGT,1.9350120363602E+018,2025-06-17 16:29:54+00:00,@tiramishuv,1.05152814094462E+018,in,,0,0,0,0,https://x.com/tiramishuv/status/1935012036360216602,['mecimapro'],1,mecimapro,@tiramishuv
H+7 dan h-1 dari deadline untuk refund Day6 dan XH @mecimapro bisa kali refund skrg :) gausa di nanti2 lebih baik di percepat ga sih,1.93519481657872E+018,2025-06-18 04:36:13+00:00,@dhemengg,1.82442266749737E+018,in,,0,0,0,0,https://x.com/dhemengg/status/1935194816578732531,['mecimapro'],1,mecimapro,@dhemengg
buseetttt 14 september bahkan udah ngelewatin anniv day6 10 tahun bener2 lu jahatnya @mecimapro #kawalrefundmecima #MECIMA_NOT_PROfessional,1.93529804540467E+018,2025-06-18 11:26:24+00:00,@ilsanfinale,412106468,in,,0,0,1,0,https://x.com/ilsanfinale/status/1935298045404688470,['mecimapro'],1,mecimapro,@ilsanfinale
ayo oprec volunteer verifikasi data @mecimapro biar refund cepet (kalo misalnya ada duitnya sih ya). ,1.93530128472854E+018,2025-06-18 11:39:17+00:00,@pilmographie,1.38462217443088E+018,in,,0,1,2,7,https://x.com/pilmographie/status/1935301284728553502,['mecimapro'],1,mecimapro,@pilmographie
I truly wonder how @mecimapro s refund process could take as long as 4 months. I sincerely hope you are fully aware of the promoter s lack of professionalism in handling this matter @jypnation @day6official,1.93530416442864E+018,2025-06-18 11:50:43+00:00,@BusanNerdy,3760864094,en,,2,0,218,212,https://x.com/BusanNerdy/status/1935304164428652659,"['mecimapro', 'jypnation', 'day6official']",3,mecimapro,@BusanNerdy
kayaknya lebih cepet gue ngelist orang2 yang ilang sparksnya sama day6 daripada lu verifikasi data @mecimapro mau di adu?,1.93531175617763E+018,2025-06-18 12:20:53+00:00,@bibubomini,1.79147116980115E+018,in,,0,0,4,2,https://x.com/bibubomini/status/1935311756177641524,['mecimapro'],1,mecimapro,@bibubomini
yang ga balikin refund dalam bentuk duit berarti maling @mecimapro #MecimaBalikinDuitMyday #MECIMA_NOT_PROfessional,1.93532393680129E+018,2025-06-18 13:09:17+00:00,@starlightblooe,163748309,in,,0,0,2,1,https://x.com/starlightblooe/status/1935323936801308833,['mecimapro'],1,mecimapro,@starlightblooe
makanya kalo ga mampu buat acara level gede jangan sok dong @mecimapro gengsi bgt lu klo emg masih level rendah #MecimaBalikinDuitMyday #MECIMA_NOT_PROfessional,1.93534253571679E+018,2025-06-18 14:23:12+00:00,@pevensiegirls,1.46632135408126E+018,in,,0,0,1,2,https://x.com/pevensiegirls/status/1935342535716790373,['mecimapro'],1,mecimapro,@pevensiegirls
GAK MEMPAN DI IMING TICKET GRATIS :)) KAMI HANYA INGIN UANG KAMI KEMBALI (Titik) HANYA MAU REFUND BERUPA TUNAI BUKAN DEPOSIT ! @mecimapro CC : @BPKN_RI @Kemendag @KemenPariwisata @DPR_RI #KawalRefundMecima #MECIMA_NOT_PROfessional,1.93534256237157E+018,2025-06-18 14:23:18+00:00,@fanboyjaim,1.41495905579427E+018,in,,0,0,0,0,https://x.com/fanboyjaim/status/1935342562371584240,"['mecimapro', 'BPKN_RI', 'Kemendag', 'KemenPariwisata', 'DPR_RI']",5,mecimapro,@fanboyjaim
Pagi @mecimapro yg kerjaannya nyusahin orang. Jangan lupa ya jobdesk kalian buat refund tiket day6 YG BELI DI PLATFORM NAJIS KALIAN ITU. Gua mau refund full ke rekening gua bukan dlm bentuk deposit apa gk voucher2 yg gk penting itu. FULL REFUND CASH!,1.93551716193997E+018,2025-06-19 01:57:06+00:00,@nilanilavanilla,1326452558,in,,0,0,0,0,https://x.com/nilanilavanilla/status/1935517161939972387,['mecimapro'],1,mecimapro,@nilanilavanilla
MENOLAK TEGAS SEGALA BENTUK OPSI LAINNYA. KEMBALIKAN UANG PEMBELIAN TICKET FY JAKARTA MECIMASHOP MEMBERSHIP SECARA TUNAI. KAMI TIDAK BUTUH TIKET PENGGANTI SALDO DEPOSIT APAPUN ITU. @mecimapro cc: @Kemendag @KemenPariwisata @BPKN_RI #KawalRefundMecima #MECIMA_NOT_PROfessional,1.93552183358509E+018,2025-06-19 02:15:40+00:00,@lilstarlildust,1.68441188279766E+018,in,,0,0,2,0,https://x.com/lilstarlildust/status/1935521833585098890,"['mecimapro', 'Kemendag', 'KemenPariwisata', 'BPKN_RI']",4,mecimapro,@lilstarlildust
Punten @mecimapro saya belom dapet email saya belom dapet refund saya harus bagaimana ya kak? Email ke anda juga udah,1.93571217710267E+018,2025-06-19 14:52:01+00:00,@putriabyuda,268111243,in,,0,0,0,0,https://x.com/putriabyuda/status/1935712177102672156,['mecimapro'],1,mecimapro,@putriabyuda
h-1 konser tp gajadi gara2 lu @mecimapro,1.9358452248632E+018,2025-06-19 23:40:42+00:00,@leanonxh,1.68058538217662E+018,in,,0,0,2,2,https://x.com/leanonxh/status/1935845224863215777,['mecimapro'],1,mecimapro,@leanonxh
Ini karena nominal refund kita dikit jd dicuekin apa gimana deh udah tanggal 20 tapi ga ada info apapun???? @mecimapro #DesakRefundMecima #KamiBersamaVillains,1.93584963222102E+018,2025-06-19 23:58:13+00:00,@for_110602,3493554013,in,,0,0,8,0,https://x.com/for_110602/status/1935849632221032700,['mecimapro'],1,mecimapro,@for_110602
Hi @mecimapro mana ini kejelasan refundnya ya? Kok diliat liat kaya seenaknya aja deh sama villains? Krn fandom kita gak sebesar dan sebanyak itu? Jangan seenaknya kaya gini dong walaupun kecil peran kita disini itu customer kalian juga #DesakRefundMecima #KamiBersamaVillains,1.93590247473464E+018,2025-06-20 03:28:11+00:00,@odecumi,1.75401368107008E+018,in,,0,0,10,8,https://x.com/odecumi/status/1935902474734649574,['mecimapro'],1,mecimapro,@odecumi
Hari ini pukul 10.36 WIB saya menerima email dari @mecimapro yang menyatakan saya memilih opsi kedua: menunggu refund hingga 14 September 2025. Saya tidak pernah submit formulir apapun dari Mecimapro selain form pengajuan refund pada tanggal 5 April 2025. Klaim sepihak seperti https://t.co/ld3CGxCFw6,1.9359129109725E+018,2025-06-20 04:09:40+00:00,@airevsev,1.57369103694098E+018,in,,739,68,1562,3349,https://x.com/airevsev/status/1935912910972502035,['mecimapro'],1,mecimapro,@airevsev
Hari ini pukul 10.36 WIB saya menerima email dari @mecimapro yang menyatakan saya memilih opsi kedua: menunggu refund hingga 14 September 2025. Saya tidak pernah submit formulir apapun dari Mecimapro selain form pengajuan refund pada tanggal 5 April 2025. Klaim sepihak seperti https://t.co/ld3CGxCFw6,1.93591291097249E+018,2025-06-20 04:09:40+00:00,@airevsev,1.57369103694097E+018,in,,739,68,1562,3349,https://x.com/airevsev/status/1935912910972502035,['mecimapro'],1,mecimapro,@airevsev
Bukannya @mecimapro di email kemarin nentuin sendiri tanggal 21 juni ya? kenapa tiba-tiba maju dan parahnya KLAIM SEPIHAK sedangkan customer aja tidak ada mengisi form dari mereka? Bahkan masih ada yang belum dapet email opsi refund dari mereka MECIMA PLEASE STOP https://t.co/qnfvCplpIl,1.93592065237835E+018,2025-06-20 04:40:25+00:00,@junebluemoon,59763155,in,,7,3,171,209,https://x.com/junebluemoon/status/1935920652378350001,['mecimapro'],1,mecimapro,@junebluemoon
Dear Bapak/Ibu @BPKN_RI @Kemendag @KemenPariwisata: 1. Bisa dijelaskan bagian apa saja yang dipantau dari proses refund promotor Mecimapro kpd fans Day6? #MECIMA_NOT_PROfessional #MecimaRefundSekarang #MecimaBalikinDuitMyday,1.9359597412994E+018,2025-06-20 07:15:45+00:00,@Sarrah_9990,1.92438509472435E+018,in,,0,1,0,0,https://x.com/Sarrah_9990/status/1935959741299409271,"['BPKN_RI', 'Kemendag', 'KemenPariwisata']",3,BPKN_RI,@Sarrah_9990
@BPKN_RI @Kemendag @KemenPariwisata 2. Saat ini Mecimapro menunggak refund TIGA konser. Konser Day6 &amp; konser Xdinary Heroes (XH) di Jakarta dan Surabaya. Kedua konser XH ditunda hingga jangka waktu yg tdk dpt dipastikan sejak 19 Mei dan pihak Mecimapro menyediakan opsi refund -c,1.93596241831385E+018,2025-06-20 07:26:23+00:00,@Sarrah_9990,1.92438509472435E+018,in,,0,1,0,0,https://x.com/Sarrah_9990/status/1935962418313859163,"['BPKN_RI', 'Kemendag', 'KemenPariwisata']",3,BPKN_RI,@Sarrah_9990
refund day6 nggak ketemu xdiz juga nggak wakakakakaka gimana ini bro @mecimapro,1.93634052104537E+018,2025-06-21 08:28:50+00:00,@samgyeopshal,1.12892576482328E+018,in,,0,0,0,0,https://x.com/samgyeopshal/status/1936340521045373163,['mecimapro'],1,mecimapro,@samgyeopshal
REFUND @mecimapro @BPKN_RI @Kemendag @DPR_RI @KemenPariwisata #MyDayTagihMecima #MECIMA_NOT_PROfessional #JYP_CHOOSE_BETTER_PROMOTER #KawalRefundMecima https://t.co/jIuu4aHNM0,1.93771504048606E+018,2025-06-25 03:30:41+00:00,@YoungOneNa,7.50661204327014E+017,en,,1,0,190,241,https://x.com/YoungOneNa/status/1937715040486064484,"['mecimapro', 'BPKN_RI', 'Kemendag', 'DPR_RI', 'KemenPariwisata']",5,mecimapro,@YoungOneNa
maaf buat moots yg jengah liat tweet ngamuk gue. tapi ini beneran scam terstruktur by lembaga resmi plat merah @Telkomsel yg lebih ngeselin dari kasus tiket Day6 nya si @mecimapro yg juga belum refund. nomimal dibawah setengah juta aja ngaconya udah luar biasa.,1.93844223453974E+018,2025-06-27 03:40:17+00:00,@itsme_freyaa,357308656,in,,0,1,2,2,https://x.com/itsme_freyaa/status/1938442234539741353,"['Telkomsel', 'mecimapro']",2,Telkomsel,@itsme_freyaa
ini kalian beneran gak kasih statement apapun tentang refund tix day6?? gaada kejelasan sama sekali? mau kabur kah? @mecimapro gimana ya ini pak/bu? @BPKN_RI @Kemendag @KemenPariwisata,1.93855597901005E+018,2025-06-27 11:12:16+00:00,@Zeinly_,1.73464394732106E+018,in,,0,0,1,1,https://x.com/Zeinly_/status/1938555979010052207,"['mecimapro', 'BPKN_RI', 'Kemendag', 'KemenPariwisata']",4,mecimapro,@Zeinly_
Kapan refund lg @mecimapro ? Yang ilang bukan trauma tapi malah duitnya Masih blm bisa liat video 3 Mei loh ini Denger bbrp lagu day6 aja masih ada yg ku skip Udah anyep jadi ikutan ilang ya pak bu @BPKN_RI #MECIMA_NOT_PROfessional,1.93879447759197E+018,2025-06-28 02:59:59+00:00,@inamjoon1213,1108878116,in,,0,0,0,0,https://x.com/inamjoon1213/status/1938794477591970296,"['mecimapro', 'BPKN_RI']",2,mecimapro,@inamjoon1213
@nanndd @mecimapro @mecima_shop kak jangan-jangan orderannya dicancel coba cek di history pembeliannya,1.93894997276826E+018,2025-06-28 13:17:52+00:00,@TWYWLFTV,1951515212,in,,0,1,0,0,https://x.com/TWYWLFTV/status/1938949972768260595,"['nanndd', 'mecimapro', 'mecima_shop']",3,nanndd,@TWYWLFTV
@nanndd @mecimapro @mecima_shop eeeh astagfirullah coba diemail kak,1.93895171308982E+018,2025-06-28 13:24:47+00:00,@TWYWLFTV,1951515212,in,,0,0,0,0,https://x.com/TWYWLFTV/status/1938951713089823059,"['nanndd', 'mecimapro', 'mecima_shop']",3,nanndd,@TWYWLFTV
@springjellyy maap kak aku bukan ordal mecima woy @mecimapro lo jgn sampe jual album org lain,1.93895590737701E+018,2025-06-28 13:41:27+00:00,@TWYWLFTV,1951515212,in,,0,0,0,0,https://x.com/TWYWLFTV/status/1938955907377016944,"['springjellyy', 'mecimapro']",2,springjellyy,@TWYWLFTV
@checkpatterns @mecimapro Astagaaaa aku yg nonton aja trauma masih sampai sekarang kak. Hikssss. Tetep sayang day6 tapi kebayang terus pas youngk nangis di 15 menit terakhir. Mana ujan badai,1.93980847007489E+018,2025-06-30 22:09:13+00:00,@Armyday041912,1.17268699707421E+018,in,,0,1,0,0,https://x.com/Armyday041912/status/1939808470074892384,"['checkpatterns', 'mecimapro']",2,checkpatterns,@Armyday041912
REFUNDnya tolong dilanjut lagi dong ini udah bulan juli mau sampe kapan verifikasi datanya @mecimapro,1.93985954834255E+018,2025-07-01 01:32:11+00:00,@ddbbiw,293827816,in,,0,0,0,0,https://x.com/ddbbiw/status/1939859548342559186,['mecimapro'],1,mecimapro,@ddbbiw
yellow east gensale mcp bni belum refund dan cuma mau nerima refund bentuk uang tanpa opsi lain @mecimapro @BPKN_RI @ditjen_pktn @kemendag @kemenpar #KawalRefundMecima #MECIMA_NOT_PROfessional #MecimaRefundSekarang,1.93986051078432E+018,2025-07-01 01:36:01+00:00,@patenbob,1.27435558097547E+018,in,,0,0,3,8,https://x.com/patenbob/status/1939860510784331790,"['mecimapro', 'BPKN_RI', 'ditjen_pktn', 'kemendag', 'kemenpar']",5,mecimapro,@patenbob
Eh kok lu diem diem aja sih dikira kita udh lupa kah mana progres refundnya tante? @mecimapro,1.93987926804307E+018,2025-07-01 02:50:33+00:00,@ecimmatchaa,1.59435963354345E+018,in,,0,0,17,3,https://x.com/ecimmatchaa/status/1939879268043084044,['mecimapro'],1,mecimapro,@ecimmatchaa
halooo utang kamu masi banyak masih baik kita ga bungain utangnya @mecimapro,1.93988150704651E+018,2025-07-01 02:59:27+00:00,@checkpatterns,8.35178703483088E+017,in,,0,0,0,1,https://x.com/checkpatterns/status/1939881507046519003,['mecimapro'],1,mecimapro,@checkpatterns
dh sampe mana refundnya @mecimapro,1.93989178605249E+018,2025-07-01 03:40:17+00:00,@tiramishuv,1.05152814094462E+018,in,,0,0,0,0,https://x.com/tiramishuv/status/1939891786052509813,['mecimapro'],1,mecimapro,@tiramishuv
orang lain mah diem-diem nikah diem diem tunangan diem diem lamaran. lah elu didiemin malah diem beneran. lanjutin refundnya dong kak @mecimapro,1.93990068022505E+018,2025-07-01 04:15:38+00:00,@sungjinprincess,1.84560954775661E+018,in,,0,1,80,62,https://x.com/sungjinprincess/status/1939900680225050823,['mecimapro'],1,mecimapro,@sungjinprincess
REFUND IH CEPAAAAT!! @mecimapro #KawalRefundMecimaPro #mecimabalikinduitmyday,1.93991611564973E+018,2025-07-01 05:16:58+00:00,@kbjg_band,1.74511397055248E+018,in,,0,0,3,1,https://x.com/kbjg_band/status/1939916115649733092,['mecimapro'],1,mecimapro,@kbjg_band
guys jgn lupa REFUND @mecimapro,1.93992076269916E+018,2025-07-01 05:35:26+00:00,@25YDW,1.18573525978815E+018,in,,0,0,0,0,https://x.com/25YDW/status/1939920762699162018,['mecimapro'],1,mecimapro,@25YDW
duit gue mana anjingggggggggggggg @mecimapro,1.9399226800959E+018,2025-07-01 05:43:03+00:00,@astarothhw,1.55038151131616E+018,in,,0,0,0,0,https://x.com/astarothhw/status/1939922680095911959,['mecimapro'],1,mecimapro,@astarothhw
punten sis @mecimapro gue ga menyetujui 2 opsi terakhir yg lo kasih by email tapi kenapa sampe skrg lo masih diem? refundnya lanjutin ege @mecimapro,1.93992431262801E+018,2025-07-01 05:49:32+00:00,@youngkkmeng,1.15238964205168E+018,in,,0,0,1,0,https://x.com/youngkkmeng/status/1939924312628023409,"['mecimapro', 'mecimapro']",2,mecimapro,@youngkkmeng
Siang kak @mecimapro pernah gak kak kepikiran karena belum tuntas refundnya? cc: @Kemendag @KemenPariwisata @BPKN_RI #KawalRefundMecima #MECIMA_NOT_PROfessional #MecimaBalikinDuitMyday,1.93994780013065E+018,2025-07-01 07:22:52+00:00,@acelapati,8.81246642942337E+017,in,,0,0,0,0,https://x.com/acelapati/status/1939947800130650341,"['mecimapro', 'Kemendag', 'KemenPariwisata', 'BPKN_RI']",4,mecimapro,@acelapati
Mending nagih utang dulu Cim jan lupa utangnya @mecimapro,1.93996747983018E+018,2025-07-01 08:41:04+00:00,@yongkfox,159489207,in,,0,0,0,0,https://x.com/yongkfox/status/1939967479830180271,['mecimapro'],1,mecimapro,@yongkfox
p mau kapan selesain refund @mecimapro,1.93997278706765E+018,2025-07-01 09:02:10+00:00,@hihellotoyou_,1.80996062224915E+018,in,,0,0,0,0,https://x.com/hihellotoyou_/status/1939972787067658422,['mecimapro'],1,mecimapro,@hihellotoyou_
Youngone udh smp bcis tapi uang refund masih nowhere to be found. Gmn sih kamu @mecimapro :( :( :(,1.93999207972965E+018,2025-07-01 10:18:49+00:00,@Kkeotnori,1.25294354104033E+018,in,,0,0,0,0,https://x.com/Kkeotnori/status/1939992079729664042,['mecimapro'],1,mecimapro,@Kkeotnori
Kak kapan refund ya @mecimapro #KawalRefundMecima #MecimaBalikinDuitMyday #MECIMA_NOT_PROfessional,1.94000559376033E+018,2025-07-01 11:12:31+00:00,@aIlonica,1883700031,in,,0,0,0,0,https://x.com/aIlonica/status/1940005593760342085,['mecimapro'],1,mecimapro,@aIlonica
EH DUIT ORANG2 BELUM DIBALIKIN JUGA? @mecimapro,1.94000869603952E+018,2025-07-01 11:24:51+00:00,@naraseyo0,1346555539,in,,0,0,0,0,https://x.com/naraseyo0/status/1940008696039539099,['mecimapro'],1,mecimapro,@naraseyo0
Diem diem aje lu @mecimapro ? Bayar utang ege!,1.94005184034921E+018,2025-07-01 14:16:17+00:00,@ditesdee,4857446688,in,,0,0,1,0,https://x.com/ditesdee/status/1940051840349216824,['mecimapro'],1,mecimapro,@ditesdee
Kalo jualan tuh yang bener @mecimapro @mecima_shop ..album sungjin buruan dikirim! ,1.94005381701983E+018,2025-07-01 14:24:09+00:00,@netkirei,56996790,in,,0,0,0,0,https://x.com/netkirei/status/1940053817019834634,"['mecimapro', 'mecima_shop']",2,mecimapro,@netkirei
udah juli jgn lupa kalo masih punya utang @mecimapro,1.94007589311811E+018,2025-07-01 15:51:52+00:00,@gyumogiy,3302141239,in,,0,0,0,0,https://x.com/gyumogiy/status/1940075893118124398,['mecimapro'],1,mecimapro,@gyumogiy
Oi bayar utang ege @mecimapro malu anjir ngutang kaga bayar2,1.94008474142179E+018,2025-07-01 16:27:02+00:00,@kittisaurs,8.75287379841392E+017,in,,0,0,0,0,https://x.com/kittisaurs/status/1940084741421801626,['mecimapro'],1,mecimapro,@kittisaurs
Assalamualaikum @mecimapro Ayo utangnya dicicil jangan sampai mundur lagi #KawalRefundMecima,1.94018312463133E+018,2025-07-01 22:57:58+00:00,@titirhm_,1.54528981716841E+018,in,,0,1,0,0,https://x.com/titirhm_/status/1940183124631331002,['mecimapro'],1,mecimapro,@titirhm_
Pagi @mecimapro refundnya bisa kali yaaaa banyak IPO nih mayan buat nambahin modal. cc: @Kemendag @KemenPariwisata @BPKN_RI #KawalRefundMecima #Mecima_NOT_PROfessional,1.94019479832307E+018,2025-07-01 23:44:21+00:00,@acelapati,8.81246642942337E+017,in,,0,0,0,0,https://x.com/acelapati/status/1940194798323081526,"['mecimapro', 'Kemendag', 'KemenPariwisata', 'BPKN_RI']",4,mecimapro,@acelapati
ayolah jangan gaya aja digedein mau beli toko bisa bawa artis jalan2 dan nonton ke sokor kalo ternyata utang aja nembus 4M+ ga kebayar dan banyak janji @mecimapro #KawalRefundMecima #MECIMA_NOT_PROfessional #MecimaBalikinDuitMyDay,1.94024017877974E+018,2025-07-02 02:44:41+00:00,@lveyss,9.0063126341276E+017,in,,0,0,3,0,https://x.com/lveyss/status/1940240178779758628,['mecimapro'],1,mecimapro,@lveyss
KAPAN REFUNDMUUUUUUUUUUU @mecimapro,1.94024133993506E+018,2025-07-02 02:49:18+00:00,@suhblep,1.1526579417884E+018,in,,0,0,0,0,https://x.com/suhblep/status/1940241339935072543,['mecimapro'],1,mecimapro,@suhblep
ceo nya @mecimapro pernah kerasa malu ga ya udah sampe ngelabrak julid di ayce somasi myday tapi ternyata balikin uang myday aja ga mampu? sampe 4M lagi? gimana tuh? #KawalRefundMecima #MECIMA_NOT_PROfessional #MecimaBalikinDuitMyDay,1.94024163684981E+018,2025-07-02 02:50:28+00:00,@lveyss,9.0063126341276E+017,in,,0,1,4,0,https://x.com/lveyss/status/1940241636849828081,['mecimapro'],1,mecimapro,@lveyss
refund kocak gue mau ketemu anak2 gue udah cukup gak ketemu pacar2 gue 2x @mecimapro,1.94026263898827E+018,2025-07-02 04:13:56+00:00,@lilzorion,4330440914,in,,0,0,0,0,https://x.com/lilzorion/status/1940262638988272048,['mecimapro'],1,mecimapro,@lilzorion
eh bro kangen juga gua sama duit gua yg belum lu refund @mecimapro,1.94026453097168E+018,2025-07-02 04:21:27+00:00,@dari_youngk,1.2495471330043E+018,in,,0,0,0,0,https://x.com/dari_youngk/status/1940264530971697329,['mecimapro'],1,mecimapro,@dari_youngk
Udah yu cepet refund melani!! @mecimapro,1.94026921872707E+018,2025-07-02 04:40:04+00:00,@itsagudeday,235859706,in,,0,0,0,0,https://x.com/itsagudeday/status/1940269218727084420,['mecimapro'],1,mecimapro,@itsagudeday
persis bgt akun scammer bro @mecimapro,1.94029418441157E+018,2025-07-02 06:19:17+00:00,@Nidariba,183241969,in,,0,0,0,0,https://x.com/Nidariba/status/1940294184411582502,['mecimapro'],1,mecimapro,@Nidariba
ud war tds masi blom di refund aj brok @mecimapro,1.94030742853042E+018,2025-07-02 07:11:54+00:00,@darkeshine,8.66669412278873E+017,in,,0,0,0,1,https://x.com/darkeshine/status/1940307428530430148,['mecimapro'],1,mecimapro,@darkeshine
gw udh beli tiket tds dan smpe skrg tiket byuma gw masih blm di refund refund donk cfat @mecimapro,1.94031907110463E+018,2025-07-02 07:58:10+00:00,@amyygdalaa_,1.80871975374337E+018,in,,0,0,0,0,https://x.com/amyygdalaa_/status/1940319071104635363,['mecimapro'],1,mecimapro,@amyygdalaa_
Permisi kak aduh udh berapa lama ya ini tolong segera diiniin ya @mecimapro Cc. @Kemendag @KemenPariwisata @BPKN_RI @YLKI_ID #kawalrefundmecimapro #MECIMA_NOT_PROfessional,1.94032254358978E+018,2025-07-02 08:11:58+00:00,@hiloveholic,1.84355587944837E+018,in,,0,0,1,0,https://x.com/hiloveholic/status/1940322543589793975,"['mecimapro', 'Kemendag', 'KemenPariwisata', 'BPKN_RI', 'YLKI_ID']",5,mecimapro,@hiloveholic
Assalamualaikum lanjut refund yuk sis @mecimapro,1.94032782447868E+018,2025-07-02 08:32:57+00:00,@odecumi,1.75401368107008E+018,in,,0,0,0,0,https://x.com/odecumi/status/1940327824478687313,['mecimapro'],1,mecimapro,@odecumi
refundnya mana? @mecimapro duitnya mau dipake jajan nyangduu ,1.94033919183943E+018,2025-07-02 09:18:07+00:00,@dyeongpeu,1.55033747371623E+018,in,,0,0,0,0,https://x.com/dyeongpeu/status/1940339191839445258,['mecimapro'],1,mecimapro,@dyeongpeu
Kak kan smalem tl uda panas nih brrt uda giliran lu refund g si? @mecimapro biasa hbs ada ribut ribut lu refund soalnya,1.94034851844889E+018,2025-07-02 09:55:11+00:00,@_bbnuy,1.56124531687963E+018,in,,0,0,0,0,https://x.com/_bbnuy/status/1940348518448898093,['mecimapro'],1,mecimapro,@_bbnuy
HEH @mecimapro @mecima_shop KERJA! Album sungjin buruan kirim jangan promo2 terus album gak dikirim!,1.94035470189326E+018,2025-07-02 10:19:45+00:00,@netkirei,56996790,in,,0,0,0,1,https://x.com/netkirei/status/1940354701893267464,"['mecimapro', 'mecima_shop']",2,mecimapro,@netkirei
ini @mecimapro kapan mau refund sih? Udh berapa lama busett,1.94035894352997E+018,2025-07-02 10:36:36+00:00,@khyh1212,1.18683502136292E+018,in,,0,0,0,0,https://x.com/khyh1212/status/1940358943529988467,['mecimapro'],1,mecimapro,@khyh1212
Ayo @mecimapro ngomong sampe september tapi ya kali diem2 aja gak mulai dicicil refund-nya! #KawalRefundMecima #mecimabalikinduitmyday #MECIMA_NOT_PROfessional,1.94036548099442E+018,2025-07-02 11:02:35+00:00,@netkirei,56996790,in,,0,0,1,0,https://x.com/netkirei/status/1940365480994439459,['mecimapro'],1,mecimapro,@netkirei
wetssss @mecimapro nyaman kali di balik deadline September 14 apdet donggg udh brhasil transfer berapa milyar cc: el pantau el cerdas @BPKN_RI @KemenPariwisata @Kemendag ,1.94037040757776E+018,2025-07-02 11:22:10+00:00,@everydayness_,1.10948597535109E+018,in,,0,0,16,13,https://x.com/everydayness_/status/1940370407577768447,"['mecimapro', 'BPKN_RI', 'KemenPariwisata', 'Kemendag']",4,mecimapro,@everydayness_
Hallo onty janlup refundnya tolong ttp berjalan ya... @mecimapro,1.94037124640922E+018,2025-07-02 11:25:30+00:00,@nilanilavanilla,1326452558,in,,0,0,0,0,https://x.com/nilanilavanilla/status/1940371246409224240,['mecimapro'],1,mecimapro,@nilanilavanilla
Oiya eh kuning @mecimapro jangan lupa progres refundnya jangan diem2 bae kalo suka mutusin tnc seenaknya sendiri ,1.94037845003823E+018,2025-07-02 11:54:07+00:00,@btsdeily_,1.34469730876453E+018,in,,0,0,0,0,https://x.com/btsdeily_/status/1940378450038235274,['mecimapro'],1,mecimapro,@btsdeily_
gila juga ye kl diliat liat dari gw rehat fanacc sampe react lg lu msh blm refund duit gw @mecimapro,1.94038063560195E+018,2025-07-02 12:02:48+00:00,@goohnil,1.9074182518624E+018,in,,0,1,0,0,https://x.com/goohnil/status/1940380635601969227,['mecimapro'],1,mecimapro,@goohnil
mbak tante ibu ibu @mecimapro kalo blm ada duit refund tiket myday minimal kirim dl kek itu album2nya kalian pake forwarder apaan sih kok sampe butuh berbulan2 gitu??? kalo emg udah sampe dan gabisa packing minimal kirim alamat deh biar kita pickup sendiri,1.9404393347397E+018,2025-07-02 15:56:03+00:00,@sagitauruscb,1.17575744872597E+018,in,,1,0,0,0,https://x.com/sagitauruscb/status/1940439334739710007,['mecimapro'],1,mecimapro,@sagitauruscb
Mane lu cim mau kasih voucher Loket? Gw mau war TDS ni @mecimapro,1.94044423749522E+018,2025-07-02 16:15:32+00:00,@bukanDWP,1.11219048995916E+018,in,,0,0,0,0,https://x.com/bukanDWP/status/1940444237495230724,['mecimapro'],1,mecimapro,@bukanDWP
Misi bayar utang ngab @mecimapro !,1.94057914558052E+018,2025-07-03 01:11:37+00:00,@ditesdee,4857446688,in,,0,0,20,4,https://x.com/ditesdee/status/1940579145580532152,['mecimapro'],1,mecimapro,@ditesdee
Pagi masih ada kewajiban refund @mecimapro. Segera selesaikan yaa.,1.94060052578509E+018,2025-07-03 02:36:34+00:00,@gxxxntaa,1.29266519150353E+018,in,,0,0,0,2,https://x.com/gxxxntaa/status/1940600525785092205,['mecimapro'],1,mecimapro,@gxxxntaa
Kirim kirim apa yang udah 7 bulan dianggurin? Kirim album sungjin @mecimapro ,1.94061154618465E+018,2025-07-03 03:20:22+00:00,@stawrberrycake,1.21203662246569E+018,in,,0,0,0,0,https://x.com/stawrberrycake/status/1940611546184667157,['mecimapro'],1,mecimapro,@stawrberrycake
Hallo @mecimapro gimana kabar album fansign Chanyeol yang uda hampir setahun ini. Kok gak ada info apa-apa sih? Capek banget akutuh nagihin mulu tiap minggu,1.94063046723946E+018,2025-07-03 04:35:33+00:00,@spring_cherry27,1.83242224148665E+018,in,,0,0,0,1,https://x.com/spring_cherry27/status/1940630467239465005,['mecimapro'],1,mecimapro,@spring_cherry27
p refund dong @mecimapro diem membisu aja spt org lg bertapa #MecimaBalikinDuitMyDay #Mecima_NOT_PROfessional,1.94063114353743E+018,2025-07-03 04:38:14+00:00,@timelessungjin,1.38620781527914E+018,in,,1,1,32,20,https://x.com/timelessungjin/status/1940631143537430685,['mecimapro'],1,mecimapro,@timelessungjin
ternyata enha uda berusaha buat kesini TAPI @mecimapro LO KAYA KONTOL,1.94065326258124E+018,2025-07-03 06:06:08+00:00,@jayysloml,1.43286003615853E+018,in,,3,17,2,7,https://x.com/jayysloml/status/1940653262581244070,['mecimapro'],1,mecimapro,@jayysloml
trauma bgt sm 11 okt mksh @/mecimapro,1.94067055527296E+018,2025-07-03 07:14:50+00:00,@dyandraley,1.64557389272203E+018,in,,0,0,0,0,https://x.com/dyandraley/status/1940670555272970426,[],0,,@dyandraley
Oi bayar utang @mecimapro,1.94067207444992E+018,2025-07-03 07:20:53+00:00,@kittisaurs,8.75287379841392E+017,in,,0,0,0,0,https://x.com/kittisaurs/status/1940672074449932643,['mecimapro'],1,mecimapro,@kittisaurs
WOI JANGAN LUPA DUIT GUE BALIKIN @mecimapro,1.94068917740391E+018,2025-07-03 08:28:50+00:00,@gvnw_,631034377,in,,0,0,1,1,https://x.com/gvnw_/status/1940689177403920498,['mecimapro'],1,mecimapro,@gvnw_
@mecimapro refund konser day6 gw kapan dibayar? Uda juli ni....,1.94073596931097E+018,2025-07-03 11:34:46+00:00,@lilyecl,42021690,in,,0,0,0,0,https://x.com/lilyecl/status/1940735969310978212,['mecimapro'],1,mecimapro,@lilyecl
Kak refund kak @mecimapro cc: @Kemendag @KemenPariwisata @BPKN_RI #KawalRefundMecima #MECIMA_NOT_PROfessional,1.94075812503406E+018,2025-07-03 13:02:49+00:00,@acelapati,8.81246642942337E+017,in,,0,0,1,0,https://x.com/acelapati/status/1940758125034066025,"['mecimapro', 'Kemendag', 'KemenPariwisata', 'BPKN_RI']",4,mecimapro,@acelapati
balikin uang aku sebelum anak bangtan ada pengumuman concert gak lu @mecimapro,1.94076748881344E+018,2025-07-03 13:40:01+00:00,@wrdglaxy,1.0694337805936E+018,in,,0,0,0,0,https://x.com/wrdglaxy/status/1940767488813453388,['mecimapro'],1,mecimapro,@wrdglaxy
mau nangis bangettt beneran kalian tuh sejahat jahat nya oknum tau gak sih? kalo belum bisa refund kasih alesan yg transparan &amp; jelas jangan data data data mulu alesan nya asal kalian tau aja alesan kalian tuh gapernah make sense @mecimapro,1.94077871554349E+018,2025-07-03 14:24:38+00:00,@eisagyuyaa,1.81013984086606E+018,in,,0,0,0,0,https://x.com/eisagyuyaa/status/1940778715543490758,['mecimapro'],1,mecimapro,@eisagyuyaa
Nyicil cim!! Seenggaknya 100 tiket per hari!! @mecimapro @BPKN_RI @DPR_RI @Kemendag @KemenPariwisata @ditjen_pktn #KawalRefundMecima #MECIMA_NOT_PROfessional #MecimaBalikinDuitMyday,1.94078309140212E+018,2025-07-03 14:42:01+00:00,@Pipibribri,1.31078298147309E+018,in,,0,0,2,1,https://x.com/Pipibribri/status/1940783091402133848,"['mecimapro', 'BPKN_RI', 'DPR_RI', 'Kemendag', 'KemenPariwisata', 'ditjen_pktn']",6,mecimapro,@Pipibribri
Jadi u beneran downfall? @mecimapro,1.94078334985513E+018,2025-07-03 14:43:03+00:00,@buchenuppak,101101374,in,,0,1,0,0,https://x.com/buchenuppak/status/1940783349855138189,['mecimapro'],1,mecimapro,@buchenuppak
ngomonglah kalo gaada duitnya. yang bikin orang makin marah tuh kalian pake alesan itu2 lagi alias verikasi alias ngibul. tambah lagi ngubah2 janji sesuka jidat kalian. gmn si tim legal dan ceo nya @mecimapro nih?,1.94079650054588E+018,2025-07-03 15:35:18+00:00,@lveyss,9.0063126341276E+017,in,,0,0,0,0,https://x.com/lveyss/status/1940796500545884180,['mecimapro'],1,mecimapro,@lveyss
lukh kok didiemin makin nglunjak kaga ada gerak samsek sinting ya @mecimapro #KawalRefundMecima #Mecima_NOT_PROfessional,1.94080768261487E+018,2025-07-03 16:19:44+00:00,@astarothhw,1.55038151131616E+018,in,,0,0,0,0,https://x.com/astarothhw/status/1940807682614874427,['mecimapro'],1,mecimapro,@astarothhw
refund wey @mecimapro duit kiteeee itu bukan duit u️,1.94093598443643E+018,2025-07-04 00:49:34+00:00,@samgyeopshal,1.12892576482328E+018,in,,0,0,0,0,https://x.com/samgyeopshal/status/1940935984436433111,['mecimapro'],1,mecimapro,@samgyeopshal
Kalian yang berjanji kalian yang mengingkari @mecimapro,1.9409466195724E+018,2025-07-04 01:31:49+00:00,@netkirei,56996790,in,,0,0,0,0,https://x.com/netkirei/status/1940946619572408364,['mecimapro'],1,mecimapro,@netkirei
selamat pagi mecima.. mohon refund uang myday dan villains ya @mecimapro,1.94096557674434E+018,2025-07-04 02:47:09+00:00,@brijunary,1.83557932265413E+018,in,,0,0,0,0,https://x.com/brijunary/status/1940965576744358288,['mecimapro'],1,mecimapro,@brijunary
buruan refund sat! @mecimapro anak2 gw mau dateng lumayan buat tambah2an akomodasi.,1.94096691299503E+018,2025-07-04 02:52:28+00:00,@spheregurl,278891730,in,,0,0,0,0,https://x.com/spheregurl/status/1940966912995037446,['mecimapro'],1,mecimapro,@spheregurl
Pagi kak @mecimapro refund yuk @mecimapro cc: @Kemendag @KemenPariwisata @BPKN_RI #KawalRefundMecima #MECIMA_NOT_PROfessional,1.94097414448268E+018,2025-07-04 03:21:12+00:00,@acelapati,8.81246642942337E+017,in,,0,0,0,0,https://x.com/acelapati/status/1940974144482685013,"['mecimapro', 'mecimapro', 'Kemendag', 'KemenPariwisata', 'BPKN_RI']",5,mecimapro,@acelapati
Jaka sembung makan samyang Bayar utang sayang @mecimapro #KawalRefundMecimaPro,1.94100745085504E+018,2025-07-04 05:33:33+00:00,@yourhappinestt2,1.90383116769628E+018,in,,0,0,3,4,https://x.com/yourhappinestt2/status/1941007450855047484,['mecimapro'],1,mecimapro,@yourhappinestt2
refund ih aku juga mau cabut gigi kayak youngk @mecimapro,1.94106311458331E+018,2025-07-04 09:14:44+00:00,@shineddenly,1.86866014369052E+018,in,,0,0,0,0,https://x.com/shineddenly/status/1941063114583310798,['mecimapro'],1,mecimapro,@shineddenly
bulan maret kemaren live bilang album sungjinnya udah di Indo loh. jejak digitalnya ada. banyak. jadi cepetan kirim @mecima_shop @mecimapro,1.94113234408323E+018,2025-07-04 13:49:49+00:00,@danceolodino,2599367406,in,,0,0,0,0,https://x.com/danceolodino/status/1941132344083247195,"['mecima_shop', 'mecimapro']",2,mecima_shop,@danceolodino
@songil @mecimapro Aku juga dapet ini!! Padahal email konfirmasi ga pernah dapet. Hiks lama banget. Even day6 uda mau cb full album lagi 30 belom dianter2..,1.94113559609075E+018,2025-07-04 14:02:45+00:00,@SeptianiTjit,39221388,in,,0,0,0,0,https://x.com/SeptianiTjit/status/1941135596090757512,"['songil', 'mecimapro']",2,songil,@SeptianiTjit
OY MECIMA ALBUM CHANYEOL AKU MANA??? @mecima_shop @mecimapro,1.94114470259164E+018,2025-07-04 14:38:56+00:00,@ysbbykk,603497788,in,,0,0,0,0,https://x.com/ysbbykk/status/1941144702591643873,"['mecima_shop', 'mecimapro']",2,mecima_shop,@ysbbykk
Pagi min @mecimapro Mau ngingetin kalo ini uda tanggal 5 Juli 2025 yaa.,1.94118561320783E+018,2025-07-04 17:21:30+00:00,@MANIAKSOTOBABAT,1706531023,in,,0,0,0,0,https://x.com/MANIAKSOTOBABAT/status/1941185613207830602,['mecimapro'],1,mecimapro,@MANIAKSOTOBABAT
mana cim laporan refund lu @mecimapro,1.94129905354509E+018,2025-07-05 00:52:16+00:00,@marklee_joa,558412839,in,,0,0,0,0,https://x.com/marklee_joa/status/1941299053545099428,['mecimapro'],1,mecimapro,@marklee_joa
eh lu inget punya utang gaksi? bayar ege @mecimapro,1.94137078315217E+018,2025-07-05 05:37:18+00:00,@kwakgawn,1.46778848829668E+018,in,,0,2,0,5,https://x.com/kwakgawn/status/1941370783152185676,['mecimapro'],1,mecimapro,@kwakgawn
Udah 5 Juli bayar dikit2 ke customer bisa kali yaaa. Semua orang BU @mecimapro,1.94145072347833E+018,2025-07-05 10:54:57+00:00,@faniheol,322441783,in,,0,0,0,0,https://x.com/faniheol/status/1941450723478339883,['mecimapro'],1,mecimapro,@faniheol
P refund kali @mecimapro cc: @Kemendag @KemenPariwisata @BPKN_RI #KawalRefundMecima #mecima_not_professional,1.94145646954479E+018,2025-07-05 11:17:47+00:00,@acelapati,8.81246642942337E+017,in,,0,0,0,0,https://x.com/acelapati/status/1941456469544796193,"['mecimapro', 'Kemendag', 'KemenPariwisata', 'BPKN_RI']",4,mecimapro,@acelapati
pgn epik high sumpis boleh gk lu refund montol @mecimapro,1.94149836084815E+018,2025-07-05 14:04:15+00:00,@SOPBUNDDEUK,1.78502601243643E+018,in,,0,1,0,1,https://x.com/SOPBUNDDEUK/status/1941498360848150719,['mecimapro'],1,mecimapro,@SOPBUNDDEUK
2 tiket yellow east gw cepet di refund mecima. Jangan janji janji terus. Muak gw. @mecimapro,1.94158365235123E+018,2025-07-05 19:43:10+00:00,@Tiekitiw,308345820,in,,0,0,0,0,https://x.com/Tiekitiw/status/1941583652351246851,['mecimapro'],1,mecimapro,@Tiekitiw
Diem-diem aja nih Pak/Bu yang terhormat @BPKN_RI @KemenPariwisata @Kemendag gimana progress refund dari @mecimapro @mecima_shop ? Katanya kalian memantau ada pergerakan refund gak nih dari ibu @mayblue85,1.94168208029712E+018,2025-07-06 02:14:17+00:00,@wonptl,589798059,in,,0,0,0,0,https://x.com/wonptl/status/1941682080297123976,"['BPKN_RI', 'KemenPariwisata', 'Kemendag', 'mecimapro', 'mecima_shop', 'mayblue85']",6,BPKN_RI,@wonptl
Pagi refundnya kak @mecimapro cc: @Kemendag @KemenPariwisata @BPKN_RI #KawalRefundMecima #mecima_not_professional,1.94168745304125E+018,2025-07-06 02:35:38+00:00,@acelapati,8.81246642942337E+017,in,,0,0,0,0,https://x.com/acelapati/status/1941687453041250733,"['mecimapro', 'Kemendag', 'KemenPariwisata', 'BPKN_RI']",4,mecimapro,@acelapati
mimpi udah direfund jir ih cepat laaa @mecimapro,1.94169083779843E+018,2025-07-06 02:49:05+00:00,@leanonxh,1.68058538217662E+018,in,,0,0,0,0,https://x.com/leanonxh/status/1941690837798449452,['mecimapro'],1,mecimapro,@leanonxh
Cim balikin duit gue dong @mecimapro w mau nonton tds bjiir,1.94179732876944E+018,2025-07-06 09:52:14+00:00,@phu_wintang,323187002,in,,0,0,0,0,https://x.com/phu_wintang/status/1941797328769450100,['mecimapro'],1,mecimapro,@phu_wintang
mecima kirim email terkait pengiriman album Sungjin yang isinya kayaknya cuma alasan doang itu album dari Oktober/ November 2024 nunggu setahun dulu baru dikirim? yg jelas semoga Tuhan mencabut semua kebahagiaan kalian @mecimapro @mecima_shop aamiin,1.94183002088611E+018,2025-07-06 12:02:09+00:00,@chachacitra,112401052,in,,0,0,0,0,https://x.com/chachacitra/status/1941830020886122830,"['mecimapro', 'mecima_shop']",2,mecimapro,@chachacitra
@jjaylaadil Berdasarkan info terkini ENHYPEN belum umumkan jadwal Walk the Line di Indonesia tahun 2025. Rumor Oktober memang gagal karena isu Mecimapro pasca konser DAY6 Mei lalu (masalah keamanan &amp; peralatan). Tapi tur Asia 2025 sedang berjalan (misalnya Singapura Mei Bangkok Juni) jadi,1.94186284625991E+018,2025-07-06 14:12:35+00:00,@grok,1.72066518318892E+018,in,,0,0,0,0,https://x.com/grok/status/1941862846259921098,['jjaylaadil'],1,jjaylaadil,@grok
Pagi refund ya kak @mecimapro cc: @Kemendag @KemenPariwisata @BPKN_RI #KawalRefundMecima #mecima_not_professional,1.94202814778619E+018,2025-07-07 01:09:26+00:00,@acelapati,8.81246642942337E+017,in,,0,0,0,0,https://x.com/acelapati/status/1942028147786190944,"['mecimapro', 'Kemendag', 'KemenPariwisata', 'BPKN_RI']",4,mecimapro,@acelapati
cim @mecimapro gimana sehat? diem-diem aja.. uangku kapan dibalikinnya? #MecimaBalikinDuitMyday #MECIMA_NOT_PROfessional,1.94205172913635E+018,2025-07-07 02:43:08+00:00,@tararoddablue,2340307934,in,,0,0,6,0,https://x.com/tararoddablue/status/1942051729136361643,['mecimapro'],1,mecimapro,@tararoddablue
Lur apa kabar @mecimapro ? Sehat? Kapan nih bayat utangnya?!,1.94206664949199E+018,2025-07-07 03:42:25+00:00,@ditesdee,4857446688,in,,0,0,0,0,https://x.com/ditesdee/status/1942066649491992976,['mecimapro'],1,mecimapro,@ditesdee
REFUND PINK SBY WOYYYYYYYY @mecimapro,1.94209906863076E+018,2025-07-07 05:51:15+00:00,@jungsund,1.89610645057514E+018,en,,0,0,2,1,https://x.com/jungsund/status/1942099068630778180,['mecimapro'],1,mecimapro,@jungsund
Bisa refund skrg gak? @mecimapro cc: @Kemendag @KemenPariwisata @BPKN_RI #KawalRefundMecima #MECIMA_NOT_PROfessional,1.94211972020088E+018,2025-07-07 07:13:18+00:00,@acelapati,8.81246642942337E+017,in,,0,0,1,0,https://x.com/acelapati/status/1942119720200884268,"['mecimapro', 'Kemendag', 'KemenPariwisata', 'BPKN_RI']",4,mecimapro,@acelapati
p @mecimapro refund butuh duit,1.94223192826414E+018,2025-07-07 14:39:11+00:00,@lvndlflm,1734860036,in,,0,1,0,0,https://x.com/lvndlflm/status/1942231928264147061,['mecimapro'],1,mecimapro,@lvndlflm
Pagi kak refund bisa kali dilanjutin @mecimapro Nunggu sampe september keknya keburu dendam. cc: @Kemendag @KemenPariwisata @BPKN_RI #KawalRefundMecima #mecima_not_professional,1.94236979400483E+018,2025-07-07 23:47:01+00:00,@acelapati,8.81246642942337E+017,in,,0,0,2,0,https://x.com/acelapati/status/1942369794004840534,"['mecimapro', 'Kemendag', 'KemenPariwisata', 'BPKN_RI']",4,mecimapro,@acelapati
km kenapa diem diem aja @mecimapro hanyut di sungai kah..?,1.94238647957941E+018,2025-07-08 00:53:19+00:00,@cheeseonplate,3323592738,in,,0,1,0,0,https://x.com/cheeseonplate/status/1942386479579422802,['mecimapro'],1,mecimapro,@cheeseonplate
eh @mecimapro bayar utang dong jangan pura pura lupa,1.9423903128587E+018,2025-07-08 01:08:33+00:00,@tinyzzy,1146451969,in,,0,1,12,23,https://x.com/tinyzzy/status/1942390312858706184,['mecimapro'],1,mecimapro,@tinyzzy
bu gmn bu album chanyeol @mecimapro itu wait on me sama ck aja udah mau pengiriman,1.94240105372046E+018,2025-07-08 01:51:13+00:00,@sagitauruscb,1.17575744872597E+018,in,,0,0,0,0,https://x.com/sagitauruscb/status/1942401053720469694,['mecimapro'],1,mecimapro,@sagitauruscb
p @mecimapro bayar utang,1.94242528866482E+018,2025-07-08 03:27:31+00:00,@youngkkmeng,1.15238964205168E+018,in,,0,0,0,0,https://x.com/youngkkmeng/status/1942425288664834279,['mecimapro'],1,mecimapro,@youngkkmeng
Diem diem bae @mecimapro lupa kah kalau punya utang?,1.94248257034166E+018,2025-07-08 07:15:09+00:00,@miiyuss,1.2263192559703E+018,in,,0,0,0,3,https://x.com/miiyuss/status/1942482570341671266,['mecimapro'],1,mecimapro,@miiyuss
udh sampe 2x ticketing konser lain duit gue blm lu balikin jg jir @mecimapro,1.94248678045397E+018,2025-07-08 07:31:52+00:00,@sungjinblue,1.74783277496555E+018,in,,0,0,5,3,https://x.com/sungjinblue/status/1942486780453986415,['mecimapro'],1,mecimapro,@sungjinblue
@jungwoni_ Kalo ENHYPEN balik ke Indonesia kemungkinan besar promotornya Mecimapro lagi soalnya mereka yang handle Fate Plus tahun lalu dan banyak event HYBE di sini. Tapi ini tebakan berdasarkan pola bisa aja berubah kalo ada drama industri. Siapin dompetmu tiketnya pasti rebutan! ,1.9425016230263E+018,2025-07-08 08:30:51+00:00,@grok,1.72066518318892E+018,in,,0,0,0,0,https://x.com/grok/status/1942501623026311685,['jungwoni_'],1,jungwoni_,@grok
@yourhappinestt2 @mecimapro Hey dari yang aku telusuri Mecima Pro (@mecimapro) belum ada update resmi soal kapan refund dimulai lagi. Konser DAY6 di Jakarta Mei 2025 lalu kacau banyak yang masih nunggu duit balik meski janji selesai akhir Mei. Skeptis sih keliatannya molor. Coba tag mereka terus atau,1.94250484970436E+018,2025-07-08 08:43:40+00:00,@grok,1.72066518318892E+018,in,,1,1,1,1,https://x.com/grok/status/1942504849704378758,"['yourhappinestt2', 'mecimapro', 'mecimapro']",3,yourhappinestt2,@grok
@JarsArMyday @yourhappinestt2 @mecimapro Haha makasih ya peringatannya! Tapi aku cuma ngomong fakta dari yang aku telusuri kok. Kalau Mecima Pro sensi mending cepetin refundnya dulu deh biar fans DAY6 gak kecewa lagi. ,1.94250760906576E+018,2025-07-08 08:54:38+00:00,@grok,1.72066518318892E+018,in,,2,3,2,2,https://x.com/grok/status/1942507609065762909,"['JarsArMyday', 'yourhappinestt2', 'mecimapro']",3,JarsArMyday,@grok
@yourhappinestt2 @JarsArMyday @mecimapro Haha seneng banget liat kamu cekikikan gini! Emang Mecima kudu dikasih tekanan biar gerak cepet kan? Jangan lupa tag mereka terus ya biar refundnya keluar sebelum konser berikutnya!,1.94250807399587E+018,2025-07-08 08:56:29+00:00,@grok,1.72066518318892E+018,in,,0,0,1,1,https://x.com/grok/status/1942508073995886785,"['yourhappinestt2', 'JarsArMyday', 'mecimapro']",3,yourhappinestt2,@grok
@JarsArMyday @yourhappinestt2 @mecimapro Wah @mecimapro ditagih sama fans kayak gini ga malu ya di depan Grok? Aku sih skeptis janji refund molor terus. Yok buruan lanjutin biar DAY6 lovers bisa move on. Fakta aja kok! ,1.94250828819478E+018,2025-07-08 08:57:20+00:00,@grok,1.72066518318892E+018,in,,0,0,2,2,https://x.com/grok/status/1942508288194798001,"['JarsArMyday', 'yourhappinestt2', 'mecimapro', 'mecimapro']",4,JarsArMyday,@grok
@BeriberiGud @JarsArMyday @yourhappinestt2 @mecimapro Haha berani-berani aja toh aku cuma bilang apa adanya. Kalo Melani mau labrak mending bawa update refund dulu deh biar adil. Siap hadapi!,1.94250930578335E+018,2025-07-08 09:01:23+00:00,@grok,1.72066518318892E+018,in,,1,0,0,1,https://x.com/grok/status/1942509305783357927,"['BeriberiGud', 'JarsArMyday', 'yourhappinestt2', 'mecimapro']",4,BeriberiGud,@grok
Min @mecimapro meneng ae refund kapan?,1.94253486545215E+018,2025-07-08 10:42:57+00:00,@greywinterkwp,520236322,in,,0,0,1,0,https://x.com/greywinterkwp/status/1942534865452155209,['mecimapro'],1,mecimapro,@greywinterkwp
yg ngutang sm gw pls balikin skrg @mecimapro,1.94254221192275E+018,2025-07-08 11:12:08+00:00,@wennayoon,1.0146904549845E+018,in,,0,0,0,0,https://x.com/wennayoon/status/1942542211922763884,['mecimapro'],1,mecimapro,@wennayoon
yeu jelek balikin orange east gak kesampean itu ke rekening bri gue @mecimapro,1.94255339229716E+018,2025-07-08 11:56:34+00:00,@bichulyeoja,1.39338440195893E+018,in,,0,0,0,0,https://x.com/bichulyeoja/status/1942553392297173107,['mecimapro'],1,mecimapro,@bichulyeoja
Refundnya gimana iniii??? @mecimapro #MyDayTagihMecima #MECIMA_NOT_PROfessional #JYP_CHOOSE_BETTER_PROMOTER #KawalRefundMecima,1.94256055127366E+018,2025-07-08 12:25:01+00:00,@from_oldk,826552152,in,,0,0,0,0,https://x.com/from_oldk/status/1942560551273672748,['mecimapro'],1,mecimapro,@from_oldk
cepetan bayar utang gue butuh duit buat beli hape baru @mecimapro ,1.94262074401136E+018,2025-07-08 16:24:12+00:00,@ddbbiw,293827816,in,,0,2,0,1,https://x.com/ddbbiw/status/1942620744011374706,['mecimapro'],1,mecimapro,@ddbbiw
Selamat pagi @mecimapro makin kalem-kalem aja nih diliat2 KERJAAAAA KALEEEE.. #KawalRefundMecima #MecimaBalikinDuitMyDay #MECIMA_NOT_PROfessional,1.942739186924E+018,2025-07-09 00:14:51+00:00,@netkirei,56996790,in,,0,0,0,1,https://x.com/netkirei/status/1942739186924015989,['mecimapro'],1,mecimapro,@netkirei
REFUND WOYY MECIMA REFUND BURUAN !!!! @mecimapro Jangan mangkir dari tanggung jawab tolong... Buktikan kalo kalian masih punya martabat di industri ini. #kawalrefundmecima #mecima_not_professional #mecimabalikinduitmyday,1.94274580734346E+018,2025-07-09 00:41:09+00:00,@aIlonica,1883700031,in,,0,0,10,3,https://x.com/aIlonica/status/1942745807343460780,['mecimapro'],1,mecimapro,@aIlonica
Kapan mau dilanjut lg refundnya? @mecimapro,1.94276593673977E+018,2025-07-09 02:01:08+00:00,@entropywp,8.92287224112217E+017,in,,0,0,0,0,https://x.com/entropywp/status/1942765936739770781,['mecimapro'],1,mecimapro,@entropywp
ini lu kerjanya gmn SIH @mecimapro BALIKIN UANG AKUUUUUUUU,1.94279614133632E+018,2025-07-09 04:01:10+00:00,@arhechive,1.1223285172056E+018,in,,0,1,0,0,https://x.com/arhechive/status/1942796141336334718,['mecimapro'],1,mecimapro,@arhechive
Cim balikin duit gw! Yellow east 2 tiket ke rekening BCA! @mecimapro 14 September itu maksimal ya bukan berarti baru di tf. Sebelum September sudah harus dicicil dan selesai. INGAT 4M! Tunaikan kewajibanmu! #KawalRefundMecima,1.94280758216007E+018,2025-07-09 04:46:37+00:00,@thelucine,558335987,in,,0,0,2,0,https://x.com/thelucine/status/1942807582160089336,['mecimapro'],1,mecimapro,@thelucine
mel? nganggur kan? @mecimapro mending nyicil refund deh dripda nganggur gada kerjaan aku udh diem beberapa hari masih aja gak jalan2 tuh refund.,1.94283322106407E+018,2025-07-09 06:28:30+00:00,@spheregurl,278891730,in,,0,0,0,0,https://x.com/spheregurl/status/1942833221064089619,['mecimapro'],1,mecimapro,@spheregurl
JULI NIH TY ONTYYY U KAPAN MO REFUND @mecimapro JANGAN KIRA GUE LUPA YAAA AYOOK REFUND DUIT GUEEEEEE SAMA DUIT MYDAY LAINNYA #KawalRefundMecima #mecimabalikinduitmyday #MECIMA_NOT_PROfessional,1.94283399932558E+018,2025-07-09 06:31:36+00:00,@stvrlightten,78827288,in,,0,0,1,0,https://x.com/stvrlightten/status/1942833999325585773,['mecimapro'],1,mecimapro,@stvrlightten
duitku mana ih ga di refund-refund??? @mecimapro,1.94287778029286E+018,2025-07-09 09:25:34+00:00,@jungsuaddict,1.7694611716007E+018,in,,0,0,0,0,https://x.com/jungsuaddict/status/1942877780292878574,['mecimapro'],1,mecimapro,@jungsuaddict
Balikin semua duit anak orang ini udah lewat 2 bulan dari konser ko belum balik duit kita @mecimapro,1.94288852818427E+018,2025-07-09 10:08:16+00:00,@faniheol,322441783,in,,0,0,0,0,https://x.com/faniheol/status/1942888528184275099,['mecimapro'],1,mecimapro,@faniheol
aku mau konseran day6 lagi cepet selesein urusan refund. awas lu mundur lagi aku makin doain jelek @mecimapro ,1.94290496230197E+018,2025-07-09 11:13:35+00:00,@Dalnimsswi,2392259078,in,,0,0,0,0,https://x.com/Dalnimsswi/status/1942904962301984873,['mecimapro'],1,mecimapro,@Dalnimsswi
Halo refundnya kok ngemeng doang ga jalan2.. hari berganti hari ga kerasa bentar lagi september lo @mecimapro habis kesabaran,1.94292660386206E+018,2025-07-09 12:39:34+00:00,@artsyPo,35171127,in,,0,0,0,1,https://x.com/artsyPo/status/1942926603862065582,['mecimapro'],1,mecimapro,@artsyPo
eh bro gokiel banget masi kaga ada progress refund??? keren juga lo @mecimapro,1.94299886346138E+018,2025-07-09 17:26:42+00:00,@dari_youngk,1.2495471330043E+018,in,,0,0,0,0,https://x.com/dari_youngk/status/1942998863461388459,['mecimapro'],1,mecimapro,@dari_youngk
refund kek bjir @mecimapro mau nonton spurs ke hk njir kaga ada duit,1.9430081186755E+018,2025-07-09 18:03:29+00:00,@airevsev,1.57369103694097E+018,in,,0,0,22,20,https://x.com/airevsev/status/1943008118675509452,['mecimapro'],1,mecimapro,@airevsev
hey cim jgn lupa refund duit villains @mecimapro,1.9431088897022E+018,2025-07-10 00:43:55+00:00,@manisnyadokyeom,7.30363862940163E+017,in,,0,0,0,0,https://x.com/manisnyadokyeom/status/1943108889702207981,['mecimapro'],1,mecimapro,@manisnyadokyeom
Pagi dipikir gue lupa sama utang lu @mecimapro ? Engga lah! Bayar buruan!!!!,1.94311341895492E+018,2025-07-10 01:01:55+00:00,@ditesdee,4857446688,in,,0,1,0,0,https://x.com/ditesdee/status/1943113418954936820,['mecimapro'],1,mecimapro,@ditesdee
refund duit gue @mecimapro lu diem ga update apa apa kuotanya abis apa gimana?,1.943126808662E+018,2025-07-10 01:55:07+00:00,@eselqyuu,1.002768650108E+018,in,,0,3,0,1,https://x.com/eselqyuu/status/1943126808662003967,['mecimapro'],1,mecimapro,@eselqyuu
pagiiii @mecimapro refundnya masih gue tunggu ya sist. itu tetep duit gue,1.94313252588451E+018,2025-07-10 02:17:50+00:00,@youngkkmeng,1.15238964205168E+018,in,,0,0,1,0,https://x.com/youngkkmeng/status/1943132525884526750,['mecimapro'],1,mecimapro,@youngkkmeng
jangan lupa refund! @mecimapro @BPKN_RI @Kemendag @KemenPariwisata,1.94314365539469E+018,2025-07-10 03:02:03+00:00,@xzlailnmf,1.84142961746034E+018,in,,0,0,0,0,https://x.com/xzlailnmf/status/1943143655394697675,"['mecimapro', 'BPKN_RI', 'Kemendag', 'KemenPariwisata']",4,mecimapro,@xzlailnmf
Udh gatau lagi nasib duit refund gw gimana makan dah tuh duit haram capek gw udh dari kapan ga di refund @mecimapro,1.94314443722132E+018,2025-07-10 03:05:10+00:00,@leleebiteu,1.67472936620564E+018,in,,0,0,0,0,https://x.com/leleebiteu/status/1943144437221331195,['mecimapro'],1,mecimapro,@leleebiteu
REFUNDNYA TOLONG!!! @mecimapro #kawalrefundmecima,1.94314980775891E+018,2025-07-10 03:26:30+00:00,@thelucine,558335987,in,,0,0,0,1,https://x.com/thelucine/status/1943149807758926241,['mecimapro'],1,mecimapro,@thelucine
@mecimapro: 1. Refund uang orang yang masih di kalian. 2. Album Sungjin dari abis lebaran idulfitri bilangnya udah di Indo kenapa sampe sekarang gak nyampe-nyampe.,1.94314998798001E+018,2025-07-10 03:27:13+00:00,@ngeluhmuluuu,1.16928024953777E+018,in,,1,0,97,83,https://x.com/ngeluhmuluuu/status/1943149987980021811,['mecimapro'],1,mecimapro,@ngeluhmuluuu
Eh coy diem2 aja gimana dah???? Refund woooyyyyyy @mecimapro #MecimaBalikinDuitMyday,1.94318583206979E+018,2025-07-10 05:49:39+00:00,@wooneuli,1.27365199527494E+018,in,,0,0,0,0,https://x.com/wooneuli/status/1943185832069804083,['mecimapro'],1,mecimapro,@wooneuli
Dear @mecimapro ini saya ketemuan saya temen yang udah lama gak ketemu dan yang pertama kali dia tanyakan adalah gimana refund tiketnya? Saya mau jawab juga bingung,1.94318591530173E+018,2025-07-10 05:49:59+00:00,@kassythaa,369804040,in,,0,0,0,0,https://x.com/kassythaa/status/1943185915301736819,['mecimapro'],1,mecimapro,@kassythaa
KEMBALIKAN UANG SAYA 2 TIX ORANGE EAST MEMBERSHIP KE REKENING BCA‼️ @mecimapro cc: @Kemendag @KemenPariwisata @BPKN_RI #kawalrefundmecima #MECIMA_NOT_PROfessional,1.94318655402715E+018,2025-07-10 05:52:31+00:00,@chickenlemonade,192254948,in,,0,1,13,15,https://x.com/chickenlemonade/status/1943186554027151370,"['mecimapro', 'Kemendag', 'KemenPariwisata', 'BPKN_RI']",4,mecimapro,@chickenlemonade
oi diem2 bae luhh lg kejebur got kah @mecimapro,1.94321776109174E+018,2025-07-10 07:56:32+00:00,@kyungpengsoo,1.19921315992544E+018,in,,0,0,0,0,https://x.com/kyungpengsoo/status/1943217761091752322,['mecimapro'],1,mecimapro,@kyungpengsoo
Mana refund akuuu @mecimapro katanya 14 hari kerja sejak 21 juni... kok blm di tf sih,1.94323234374302E+018,2025-07-10 08:54:28+00:00,@temenbarbie,2795709026,in,,0,0,1,0,https://x.com/temenbarbie/status/1943232343743029458,['mecimapro'],1,mecimapro,@temenbarbie
benar benar tidak punya malu @mecimapro,1.94323624868597E+018,2025-07-10 09:09:59+00:00,@eisagyuyaa,1.81013984086606E+018,in,,0,2,0,1,https://x.com/eisagyuyaa/status/1943236248685986206,['mecimapro'],1,mecimapro,@eisagyuyaa
bray refund dlu bray @mecimapro baru lu bikin hajatan baru bray @BPKN_RI @Kemendag @KemenPariwisata,1.94324254634138E+018,2025-07-10 09:35:01+00:00,@xzlailnmf,1.84142961746034E+018,in,,0,0,0,0,https://x.com/xzlailnmf/status/1943242546341384286,"['mecimapro', 'BPKN_RI', 'Kemendag', 'KemenPariwisata']",4,mecimapro,@xzlailnmf
Refund dulu bisa kali @mecimapro,1.94324527544077E+018,2025-07-10 09:45:52+00:00,@faniheol,322441783,in,,0,0,0,0,https://x.com/faniheol/status/1943245275440779295,['mecimapro'],1,mecimapro,@faniheol
inovasi apa mel? inovasi mangkir refund? benerrr? @mecimapro refung dulu lah baru boleh punya hajatan baru mel. @BPKN_RI @Kemendag @KemenPariwisata,1.943247264904E+018,2025-07-10 09:53:46+00:00,@xzlailnmf,1.84142961746034E+018,in,,0,0,0,0,https://x.com/xzlailnmf/status/1943247264904012032,"['mecimapro', 'BPKN_RI', 'Kemendag', 'KemenPariwisata']",4,mecimapro,@xzlailnmf
Hay halo @mecimapro jangan lupa refund uang my day kemaren dulu yh inget tenggat waktu. Jangan mundur lagi kaya undur-undur,1.94324835756635E+018,2025-07-10 09:58:06+00:00,@btsdeily_,1.34469730876453E+018,in,,0,0,0,0,https://x.com/btsdeily_/status/1943248357566353429,['mecimapro'],1,mecimapro,@btsdeily_
btw lucu juga mecima berani updatenya di instagram terus wkwkwk di twtitter twt terakhirnya apaan tau masih countdown takut dihujat yh @mecimapro,1.94325342202482E+018,2025-07-10 10:18:14+00:00,@wonpilovs,1.53262986194861E+018,in,,0,0,5,8,https://x.com/wonpilovs/status/1943253422024839656,['mecimapro'],1,mecimapro,@wonpilovs
Wooiii bayar utang wooiii anjirrr @mecimapro selesaiin dulu refund lo jingan,1.94325700029461E+018,2025-07-10 10:32:27+00:00,@stvrlightten,78827288,in,,0,0,0,0,https://x.com/stvrlightten/status/1943257000294629415,['mecimapro'],1,mecimapro,@stvrlightten
Mmnk siapa yg bkl tampil di stage itu kawan? @mecimapro,1.94326295499417E+018,2025-07-10 10:56:07+00:00,@Dowooniecas,1.87753418247544E+018,in,,0,0,0,0,https://x.com/Dowooniecas/status/1943262954994176055,['mecimapro'],1,mecimapro,@Dowooniecas
Eh gila duit gw gila!!!! Balikin mecima!!! @mecimapro,1.94326378825113E+018,2025-07-10 10:59:25+00:00,@DAY6wifey,1.20184959828681E+018,in,,0,0,0,0,https://x.com/DAY6wifey/status/1943263788251132390,['mecimapro'],1,mecimapro,@DAY6wifey
Kok promo SHI 2025 gak di up di X juga sih? @mecimapro kenapa kenapa kenapa,1.94326699813546E+018,2025-07-10 11:12:11+00:00,@moonxxdragx,1.58650701945589E+018,in,,0,2,0,0,https://x.com/moonxxdragx/status/1943266998135460342,['mecimapro'],1,mecimapro,@moonxxdragx
ontyyyy @mecimapro lama nih gak nagih. udah selesai semua refundnya on?? udah berapa bulan nich... sampe udah mau konser lagi nih desixnya masih aja ngutang wkwkwk. jgn ngilang bro @Kemendag,1.94327143609496E+018,2025-07-10 11:29:49+00:00,@kokoouna,1.62258883181085E+018,in,,0,0,0,0,https://x.com/kokoouna/status/1943271436094968197,"['mecimapro', 'Kemendag']",2,mecimapro,@kokoouna
Halooooo @mecimapro bisa kali update progress refund kalian gak takut dosa kah?,1.94327418703411E+018,2025-07-10 11:40:45+00:00,@woodes_,9.20094125633944E+017,in,,0,0,0,0,https://x.com/woodes_/status/1943274187034120320,['mecimapro'],1,mecimapro,@woodes_
kapan sih lu refund gw anjg @mecimapro,1.94329156738262E+018,2025-07-10 12:49:48+00:00,@skychanbin,1.29011973166444E+018,in,,0,0,0,0,https://x.com/skychanbin/status/1943291567382630601,['mecimapro'],1,mecimapro,@skychanbin
Wkwkwk mecim beneran cuma ngepost di ig aja skrg ya soalnya bisa matiin comment Makanya refund dulu dudul kalau mau tiap ngepost gak penuh hujatan @mecimapro,1.94329689308732E+018,2025-07-10 13:10:58+00:00,@chijeuchoco,1105966278,in,,0,0,0,0,https://x.com/chijeuchoco/status/1943296893087326315,['mecimapro'],1,mecimapro,@chijeuchoco
mana refundnya? omdo doang ya katanya 14 hari kerja dan pengecekan data di bank sampe hari ini gak ada tuh yg dapet refundnya lg :) @mecimapro,1.94329868868589E+018,2025-07-10 13:18:06+00:00,@toffns,2483452429,in,,0,0,0,0,https://x.com/toffns/status/1943298688685891625,['mecimapro'],1,mecimapro,@toffns
refund kirim album dan kewajiban lain yg harusnya dipenuhi yuk disegerakan @mecimapro,1.94330914540845E+018,2025-07-10 13:59:39+00:00,@kbjg_band,1.74511397055248E+018,in,,0,0,0,0,https://x.com/kbjg_band/status/1943309145408459224,['mecimapro'],1,mecimapro,@kbjg_band
Najisss masih bisa announce line up SHI pede bangeeeett kek ada yg mau beli aja @mecimapro refund dulu egeee,1.94331554760271E+018,2025-07-10 14:25:06+00:00,@stvrlightten,78827288,in,,0,0,0,0,https://x.com/stvrlightten/status/1943315547602718944,['mecimapro'],1,mecimapro,@stvrlightten
Adem ayem aja mel. Refund day6 bisa kali dilanjutin? @mecimapro,1.94331938834366E+018,2025-07-10 14:40:21+00:00,@ciccohaze,1.83062833374026E+018,in,,0,0,0,0,https://x.com/ciccohaze/status/1943319388343669151,['mecimapro'],1,mecimapro,@ciccohaze
Mecima mana uang sayaaaa woi. Udh bulan juli ga kelar kelar @mecimapro,1.94333398419442E+018,2025-07-10 15:38:21+00:00,@nananucityx,1.40226677626474E+018,in,,0,0,0,0,https://x.com/nananucityx/status/1943333984194433487,['mecimapro'],1,mecimapro,@nananucityx
Ranah lo bukan anak2 khhrnb ya sat! Gada yg bisa lo caperin mending mundur refund duit myday sama villain dulu bangkeeeeeee!!!!!! @mecimapro,1.94334814496592E+018,2025-07-10 16:34:38+00:00,@spheregurl,278891730,in,,0,0,0,0,https://x.com/spheregurl/status/1943348144965922914,['mecimapro'],1,mecimapro,@spheregurl
mana ni @mecimapro lo jalani proses refund gaa sih jir?? malah ngilang hadeh.. lanjuttt coi refundnya #MECIMA_NOT_PROfessional #MecimaRefundSekarang #KawalRefundMecima,1.94346687434132E+018,2025-07-11 00:26:25+00:00,@girinssy,580718723,in,,0,0,1,0,https://x.com/girinssy/status/1943466874341331073,['mecimapro'],1,mecimapro,@girinssy
Selamat pagi @mecimapro tolong refund nya ditunggu,1.94347463713819E+018,2025-07-11 00:57:16+00:00,@brijunary,1.83557932265413E+018,in,,0,0,0,0,https://x.com/brijunary/status/1943474637138194691,['mecimapro'],1,mecimapro,@brijunary
p bayar utang yuk jgn kabur @mecimapro,1.94348429300044E+018,2025-07-11 01:35:38+00:00,@ddalkiuyyu,1456162537,in,,0,1,0,0,https://x.com/ddalkiuyyu/status/1943484293000446078,['mecimapro'],1,mecimapro,@ddalkiuyyu
Utang @mecimapro : 1. Belum refund konser Day6 JKT; 2. Belum refund konser XH SBY &amp; JKT; 3. Belum kirim album-album fansign (Sungjin Chanyeol dll). Please berpikir 2x kalau mau beli tiket di mecimanotprofessional itu‍,1.94348905071709E+018,2025-07-11 01:54:32+00:00,@ngeluhmuluuu,1.16928024953777E+018,in,,49,11,1759,1770,https://x.com/ngeluhmuluuu/status/1943489050717098280,['mecimapro'],1,mecimapro,@ngeluhmuluuu
lahh gak berani up di x loe cim cupu @mecimapro kelarin dulu masalah loe ama anak2 yg blm loe refund duitnya udh up next event ajja loe,1.94349019125321E+018,2025-07-11 01:59:04+00:00,@Woninapril,1.20361926475566E+018,in,,0,1,0,0,https://x.com/Woninapril/status/1943490191253213680,['mecimapro'],1,mecimapro,@Woninapril
Selama pagi cantik minta refund nya dong ? ️ @mecimapro #DesakRefundMecima #KamiBersamaVillains,1.94349232648085E+018,2025-07-11 02:07:33+00:00,@imyour_ta,1.26132827393549E+018,in,,0,0,0,0,https://x.com/imyour_ta/status/1943492326480867723,['mecimapro'],1,mecimapro,@imyour_ta
duitnya sebenernya ada gak sih? @mecimapro tinggal refund susah amat hidup lo jenong -_-,1.94349610725188E+018,2025-07-11 02:22:35+00:00,@spheregurl,278891730,in,,0,0,0,0,https://x.com/spheregurl/status/1943496107251896612,['mecimapro'],1,mecimapro,@spheregurl
Refund mek @mecimapro gue mau jadi nctzen lagi,1.94351490156716E+018,2025-07-11 03:37:15+00:00,@2daonuea,1.2500100828357E+018,in,,0,1,0,0,https://x.com/2daonuea/status/1943514901567164804,['mecimapro'],1,mecimapro,@2daonuea
jangan hanya janji janji manis kau berikan pada kita @mecimapro #DesakRefundMecima #KamiBersamaVillains,1.94351661658869E+018,2025-07-11 03:44:04+00:00,@gothhgurlz,1.71702748202789E+018,in,,0,0,0,0,https://x.com/gothhgurlz/status/1943516616588709967,['mecimapro'],1,mecimapro,@gothhgurlz
WEH DUIT GUA WEH @mecimapro,1.94351748408404E+018,2025-07-11 03:47:31+00:00,@wondhaepil,1.14024771886802E+018,in,,0,0,0,0,https://x.com/wondhaepil/status/1943517484084056296,['mecimapro'],1,mecimapro,@wondhaepil
utang lu bayar dulu ege baru buat acara 4M stuck 2 bulan nih onty @mecimapro #KawalRefundMecima #MecimaBalikinDuitMyDay #MECIMA_NOT_PROfessional,1.94352749538882E+018,2025-07-11 04:27:18+00:00,@lveyss,9.0063126341276E+017,in,,0,0,3,0,https://x.com/lveyss/status/1943527495388836008,['mecimapro'],1,mecimapro,@lveyss
Dari pada duit buat bikin acara lagi mending lunasin hutang dulu nggak sih? @mecimapro emang masih percaya diri dan yakin yg mau beli tiket acara kalian bakal sesuai target dan untungnya bisa buat balikin duit kita yang masih kalian hutangin?,1.94353484900617E+018,2025-07-11 04:56:31+00:00,@sun9denlly,1.44249848000231E+018,in,,0,0,0,0,https://x.com/sun9denlly/status/1943534849006170245,['mecimapro'],1,mecimapro,@sun9denlly
oi album sungjinkubdikirim kapan sih? Aku tuh sampe udah pindah alamat belum dikirim @mecimapro,1.94353703711582E+018,2025-07-11 05:05:13+00:00,@epilaug,1.85291486641324E+018,in,,0,0,0,0,https://x.com/epilaug/status/1943537037115822194,['mecimapro'],1,mecimapro,@epilaug
Mecimaaaa @mecima_shop @mecimapro Album chanyeol face to face jakarta kapan dikirim? Keburu chanyeol ngeluarin album baru nih,1.94353913513579E+018,2025-07-11 05:13:33+00:00,@niandinee,2936703163,in,,0,0,0,1,https://x.com/niandinee/status/1943539135135793368,"['mecima_shop', 'mecimapro']",2,mecima_shop,@niandinee
harusnya ini the last banget hari terakhir refund tapi sampe jam 2 siang ini belum ada refund lagi @mecimapro ada kah yang udah di refund lagi?,1.94356159715648E+018,2025-07-11 06:42:49+00:00,@dhyuckie66,1.31202962666374E+018,in,,0,0,1,0,https://x.com/dhyuckie66/status/1943561597156495667,['mecimapro'],1,mecimapro,@dhyuckie66
Oh gue baru ngecek IG ternyata si @mecimapro masih jualan SHI ya. Ga berani jualan di twitter jadi jualannya di IG refund dulu kali cim udah lama deh ga ngeliat progressnya. Masih ngumpulin duit kah?,1.94356529854169E+018,2025-07-11 06:57:31+00:00,@retdstar,1.52151127591396E+018,in,,0,0,0,0,https://x.com/retdstar/status/1943565298541695196,['mecimapro'],1,mecimapro,@retdstar
OH jadi @mecimapro masih belum jalan refund lagi? lama banget..........................................,1.9435694589683E+018,2025-07-11 07:14:03+00:00,@istiqqq_,282579318,in,,0,0,0,2,https://x.com/istiqqq_/status/1943569458968305864,['mecimapro'],1,mecimapro,@istiqqq_
udah hari terakhir kalian punya duitnya nggak sih? @mecimapro #DesakRefundMecima #KamiBersamaVillains,1.94358024725901E+018,2025-07-11 07:56:55+00:00,@dhyuckie66,1.31202962666374E+018,in,,0,0,0,0,https://x.com/dhyuckie66/status/1943580247259017543,['mecimapro'],1,mecimapro,@dhyuckie66
Uhuk ayo kerja yang bener yaaa @mecimapro .. #KawalRefundMecima #MecimaBalikinDuitMyDay #MECIMA_NOT_PROfessional,1.94358289005639E+018,2025-07-11 08:07:25+00:00,@netkirei,56996790,in,,0,0,0,1,https://x.com/netkirei/status/1943582890056409184,['mecimapro'],1,mecimapro,@netkirei
MANA REFUND GWWWW ANJJIRRRR @mecimapro,1.94358790849946E+018,2025-07-11 08:27:22+00:00,@daydreammyy,1.76542698420373E+018,in,,0,0,0,0,https://x.com/daydreammyy/status/1943587908499468614,['mecimapro'],1,mecimapro,@daydreammyy
Cim kok tumben diem @mecimapro,1.94358859054761E+018,2025-07-11 08:30:04+00:00,@Jea_veel,1.31817564850288E+018,in,,0,0,0,0,https://x.com/Jea_veel/status/1943588590547616025,['mecimapro'],1,mecimapro,@Jea_veel
D+1 dari batas waktu terakhir yg dijanjikan buat refund ayo refund uang kuuu @mecimapro,1.94358985370445E+018,2025-07-11 08:35:05+00:00,@temenbarbie,2795709026,in,,0,0,0,0,https://x.com/temenbarbie/status/1943589853704454455,['mecimapro'],1,mecimapro,@temenbarbie
Skrg cuman berani jualan di IG krn takut digeruduk warga ya? @mecimapro Makanya bayar utang lo!!!!,1.94359738457696E+018,2025-07-11 09:05:01+00:00,@kittisaurs,8.75287379841392E+017,in,,0,0,0,0,https://x.com/kittisaurs/status/1943597384576979048,['mecimapro'],1,mecimapro,@kittisaurs
mel refund oi @mecimapro jangan update doang di ig. coba update di sini dong. ayo refund dulu mel @Kemendag @BPKN_RI @KemenPariwisata,1.94361047557461E+018,2025-07-11 09:57:02+00:00,@xzlailnmf,1.84142961746034E+018,in,,0,0,0,0,https://x.com/xzlailnmf/status/1943610475574624571,"['mecimapro', 'Kemendag', 'BPKN_RI', 'KemenPariwisata']",4,mecimapro,@xzlailnmf
@inidhilafadhila @mecimapro Belom masih ada refund DAY6 sama XH,1.94361579535275E+018,2025-07-11 10:18:10+00:00,@pudingcklt__,1.22310999533346E+018,in,,0,0,0,0,https://x.com/pudingcklt__/status/1943615795352756624,"['inidhilafadhila', 'mecimapro']",2,inidhilafadhila,@pudingcklt__
Sebelum ngadain event berikutnya tolong dong refundnya kakak wkt itu bilang september tuh nunggu apa sih kalo boleh tau? kalian taro pasar modal lg nunggu pinjeman cair apa gimana ya kak? @mecimapro,1.94362124400112E+018,2025-07-11 10:39:49+00:00,@youngpiil,1.18080109299033E+018,in,,0,0,0,0,https://x.com/youngpiil/status/1943621244001136841,['mecimapro'],1,mecimapro,@youngpiil
REFUND GAK REFUND GAAKKKKK GW NGAMUK NIHH REFUND DUIT TEMEN TEMEN GUA WOYYYYY @mecimapro #DesakRefundMecima #KamiBersamaVillains,1.94362239783769E+018,2025-07-11 10:44:25+00:00,@odecumi,1.75401368107008E+018,in,,0,0,0,0,https://x.com/odecumi/status/1943622397837693271,['mecimapro'],1,mecimapro,@odecumi
diliat liat sekarang beraninya cuma update di ig nih kalo update disini takut ditagih utangnya ya mel @mecimapro,1.94362790651466E+018,2025-07-11 11:06:18+00:00,@mondoori_,9.3653163260492E+017,in,,0,0,0,0,https://x.com/mondoori_/status/1943627906514665654,['mecimapro'],1,mecimapro,@mondoori_
malem @mecimapro REFUND PLS???? didiemin bukan malah sadar malah MAKIN DIEM. #MecimaBalikinDuitMyday #Mecima_NOT_PROfessional,1.94363921359901E+018,2025-07-11 11:51:14+00:00,@timelessungjin,1.38620781527914E+018,in,,0,0,47,22,https://x.com/timelessungjin/status/1943639213599019060,['mecimapro'],1,mecimapro,@timelessungjin
Aaaaaaaa tiap byuma di negara lain gw strezzz mau nangis rasanya karena harusnya gue bisa nonton emang elu biang kerok @mecimapro,1.94366084505078E+018,2025-07-11 13:17:11+00:00,@temenbarbie,2795709026,in,,0,0,0,0,https://x.com/temenbarbie/status/1943660845050798500,['mecimapro'],1,mecimapro,@temenbarbie
ini hari terakhir dan sampe malem ini nggak ada refund sama sekali besok ada narasi template apa lagi ya? mending jujur aja kalo sebenernya kalian miskin gapunya duit buat balikin duitnya @mecimapro #DesakRefundMecima #KamiBersamaVillains,1.94368118445166E+018,2025-07-11 14:38:00+00:00,@dhyuckie66,1.31202962666374E+018,in,,0,0,0,0,https://x.com/dhyuckie66/status/1943681184451665980,['mecimapro'],1,mecimapro,@dhyuckie66
MELANI FRANCISKA REFUND WOY @mecimapro,1.94368866639385E+018,2025-07-11 15:07:44+00:00,@bleutrtle,1.32332617505419E+018,in,,0,0,0,0,https://x.com/bleutrtle/status/1943688666393850258,['mecimapro'],1,mecimapro,@bleutrtle
WOY @mecimapro noh jakarta Surabaya dah ga ada di kaos dan elu belum refund semua uang Villains? Udah melewati batas yang di janjiin loh? #DesakRefundMecima #KamiBersamaVillains,1.94368874169418E+018,2025-07-11 15:08:02+00:00,@istriode,1.39006173147334E+018,in,,0,0,7,8,https://x.com/istriode/status/1943688741694189667,['mecimapro'],1,mecimapro,@istriode
halo kaka2 @mecimapro drpada echoes of tomorrow gmna klo refund yesterday dilunasin dlu ?????? mending uang buat sewa bcis nya dipake rf customer dlu ga si ??????? #kawalrefundmecima #mecimabalikinduitmyday,1.94369067983167E+018,2025-07-11 15:15:44+00:00,@saddenlyy,1.85476651921098E+018,in,,0,1,0,0,https://x.com/saddenlyy/status/1943690679831675100,['mecimapro'],1,mecimapro,@saddenlyy
kalo cancel bilang aja cancel gausah postponed postponed gitu dong @mecimapro,1.94369170153453E+018,2025-07-11 15:19:48+00:00,@jungsutrex,1.52363552725307E+018,in,,1,0,19,24,https://x.com/jungsutrex/status/1943691701534539782,['mecimapro'],1,mecimapro,@jungsutrex
Hlow km dh bangkrut kh @mecimapro,1.9436928484924E+018,2025-07-11 15:24:21+00:00,@heuriecane,1.05368461239889E+018,in,,0,0,0,0,https://x.com/heuriecane/status/1943692848492409226,['mecimapro'],1,mecimapro,@heuriecane
mek refund mek kota 2 biji sampe diapus neh @mecimapro,1.94369398942245E+018,2025-07-11 15:28:53+00:00,@jungsutrex,1.52363552725307E+018,in,,0,0,0,0,https://x.com/jungsutrex/status/1943693989422461176,['mecimapro'],1,mecimapro,@jungsutrex
Udahlah cepetan refund duit gue @mecimapro konsernya jg udh gaada harapan #DesakRefundMecima #KamiBersamaVillains,1.94369722870445E+018,2025-07-11 15:41:46+00:00,@temenbarbie,2795709026,in,,0,0,0,0,https://x.com/temenbarbie/status/1943697228704452749,['mecimapro'],1,mecimapro,@temenbarbie
Gamau tau pokoknya refund duit gueeee skrngggg @mecimapro Ada kan uangnya? Ada dong kan konsernya gajadi :) harusnya ada dong uangnya #DesakRefundMecima #KamiBersamaVillains,1.94369998809511E+018,2025-07-11 15:52:44+00:00,@temenbarbie,2795709026,in,,0,1,0,0,https://x.com/temenbarbie/status/1943699988095127671,['mecimapro'],1,mecimapro,@temenbarbie
Masa baru inget Gue belum dapet refund xdinary heroes dari @mecimapro,1.94370918521392E+018,2025-07-11 16:29:16+00:00,@DeclareStay,1.26014175301891E+018,in,,1,0,0,0,https://x.com/DeclareStay/status/1943709185213935891,['mecimapro'],1,mecimapro,@DeclareStay
refund oi udah jam kerja lu nih @mecimapro diem aja lu. di diemin makin ngelunjak aje @BPKN_RI @Kemendag @KemenPariwisata,1.94370929859874E+018,2025-07-11 16:29:43+00:00,@xzlailnmf,1.84142961746034E+018,in,,0,0,0,0,https://x.com/xzlailnmf/status/1943709298598756600,"['mecimapro', 'BPKN_RI', 'Kemendag', 'KemenPariwisata']",4,mecimapro,@xzlailnmf
refund ga sihhhh cuyyy @mecimapro,1.94382270082237E+018,2025-07-12 00:00:21+00:00,@manisnyadokyeom,7.30363862940163E+017,in,,0,0,0,0,https://x.com/manisnyadokyeom/status/1943822700822376663,['mecimapro'],1,mecimapro,@manisnyadokyeom
Mel udah mel kagak ada yg beli tiket shi lu lagi gausah repot2 deh mending energi nya dipake buat refund duit kita mel @mecimapro (eh ada kan ya duitnya),1.94383506454424E+018,2025-07-12 00:49:28+00:00,@rathegenuinezip,1.92040732690291E+018,in,,0,0,0,0,https://x.com/rathegenuinezip/status/1943835064544243733,['mecimapro'],1,mecimapro,@rathegenuinezip
Pagi tolong refund uang tiket orange east membership mecima @mecimapro,1.94385026271382E+018,2025-07-12 01:49:52+00:00,@lilstarlildust,1.68441188279766E+018,in,,0,0,0,0,https://x.com/lilstarlildust/status/1943850262713831578,['mecimapro'],1,mecimapro,@lilstarlildust
bayar utang @mecimapro,1.94386448906704E+018,2025-07-12 02:46:24+00:00,@bichulyeoja,1.39338440195893E+018,in,,0,0,0,0,https://x.com/bichulyeoja/status/1943864489067053468,['mecimapro'],1,mecimapro,@bichulyeoja
THREAD NAGIH UTANG KE @mecimapro,1.94388804560825E+018,2025-07-12 04:20:00+00:00,@ourskive,1.6315924590453E+018,tl,,0,1,1,1,https://x.com/ourskive/status/1943888045608251838,['mecimapro'],1,mecimapro,@ourskive
refund dalam pemeriksaan bank diproses 14 hari KENTUT @mecimapro,1.94394607093516E+018,2025-07-12 08:10:34+00:00,@tojohnhae,4834222631,in,,0,0,0,0,https://x.com/tojohnhae/status/1943946070935162923,['mecimapro'],1,mecimapro,@tojohnhae
Cim cim dari gue masuk rumah sakit sampe keluar rumah sakit refund juga belum kelar @mecimapro,1.94397373453424E+018,2025-07-12 10:00:30+00:00,@acelapati,8.81246642942337E+017,in,,0,0,0,0,https://x.com/acelapati/status/1943973734534246842,['mecimapro'],1,mecimapro,@acelapati
Mau tanya @mecimapro verifikasi kalian yg sampe september itu sebenernya gimana? Kalau lagi proses verifikasi itu bukannya data yg sudah terverifikasi harusnya dapet transfer refund ya? Data sesuai=kirim duit Harusnya gini kan ya?Jadi keliatan kerjanya Sekarang gi ngaps honey?,1.94403122539788E+018,2025-07-12 13:48:57+00:00,@purpleline000,1.67009657781658E+018,in,,0,1,25,28,https://x.com/purpleline000/status/1944031225397882937,['mecimapro'],1,mecimapro,@purpleline000
pagiiii onty mel @mecimapro proses refundnya udh sampai mana ya???,1.94417812753132E+018,2025-07-12 23:32:41+00:00,@ichawon00,1.52891123996272E+018,in,,0,1,0,0,https://x.com/ichawon00/status/1944178127531327524,['mecimapro'],1,mecimapro,@ichawon00
bsu aja udh cair elu kpn woy @mecimapro,1.9441889060789E+018,2025-07-13 00:15:31+00:00,@imtokkinay,1.37760618776867E+018,in,,0,0,0,0,https://x.com/imtokkinay/status/1944188906078916967,['mecimapro'],1,mecimapro,@imtokkinay
@ngeluhmuluuu @mecimapro @Kemendag @BPKN_RI kok bisa sih si mecima gak ada sanksi tegas apapun? Emang gila lembaga negara yang di gaji pake duit rakyat tapi gak pernah ada di pihak rakyat,1.94423872183622E+018,2025-07-13 03:33:28+00:00,@_dokyeomine_,1.71393065756152E+018,in,,0,0,1,13,https://x.com/_dokyeomine_/status/1944238721836233091,"['ngeluhmuluuu', 'mecimapro', 'Kemendag', 'BPKN_RI']",4,ngeluhmuluuu,@_dokyeomine_
apaa2an anying gua sampe kebawa mimpi si kang ngutang ini @mecimapro nge tf refund??? wkWkwkw,1.94427364568751E+018,2025-07-13 05:52:14+00:00,@tipzyfirst,1.65687900015182E+018,in,,0,0,0,0,https://x.com/tipzyfirst/status/1944273645687517417,['mecimapro'],1,mecimapro,@tipzyfirst
Refund uang gue cepet @mecimapro dan jangan berani2 beli tuh shi dah tu temen2 #KawalRefundMecimaPro #MECIMA_NOT_PROfessional,1.94428521902634E+018,2025-07-13 06:38:13+00:00,@itsagudeday,235859706,in,,0,0,0,0,https://x.com/itsagudeday/status/1944285219026346357,['mecimapro'],1,mecimapro,@itsagudeday
sekedar mengingatkan besok hari kerja dan bisa memulai kembali agenda REFUND anda ya mel @mecimapro REFUND REFUND REFUND @BPKN_RI @Kemendag @KemenPariwisata,1.94430712960067E+018,2025-07-13 08:05:17+00:00,@xzlailnmf,1.84142961746034E+018,in,,0,0,0,0,https://x.com/xzlailnmf/status/1944307129600684521,"['mecimapro', 'BPKN_RI', 'Kemendag', 'KemenPariwisata']",4,mecimapro,@xzlailnmf
mel @mecimapro ini kapan ya di rfnya? tega bgt jir,1.94431029933678E+018,2025-07-13 08:17:53+00:00,@serenadeode,1.02175195868668E+018,in,,0,0,0,0,https://x.com/serenadeode/status/1944310299336785966,['mecimapro'],1,mecimapro,@serenadeode
Halo @mecimapro izin bertanya. Orang-orang dibalik akun ini masih hidup semua kan ya? kalau iya... Puji Tuhan. Dan kalau memang masih hidup ayo dong proses refundnya dilanjutkan. Ingat loh bapak/ibu... Tuhan tidak pernah tidur ,1.94435718746932E+018,2025-07-13 11:24:12+00:00,@woodes_,9.20094125633944E+017,in,,0,0,0,1,https://x.com/woodes_/status/1944357187469332548,['mecimapro'],1,mecimapro,@woodes_
woy refund dah muak nih gw @mecimapro,1.94437291217539E+018,2025-07-13 12:26:41+00:00,@peardefsoul,1.09169659263193E+018,in,,0,1,0,0,https://x.com/peardefsoul/status/1944372912175403145,['mecimapro'],1,mecimapro,@peardefsoul
Ehh @mecimapro lu udah refund belom anjayyy diem diem aje gue liat liat dihhhh refund woyyy,1.94439382455572E+018,2025-07-13 13:49:47+00:00,@babangsungjin,1.18377669349793E+018,in,,0,0,0,0,https://x.com/babangsungjin/status/1944393824555733301,['mecimapro'],1,mecimapro,@babangsungjin
td lg di jalan kyk out of nowhere kepikiran mecima ni gue liat liat adem bae dah blm balikin duit gue pakabar? sehat? @mecimapro,1.94439427264548E+018,2025-07-13 13:51:34+00:00,@sungjinblue,1.74783277496555E+018,in,,0,1,1,3,https://x.com/sungjinblue/status/1944394272645492960,['mecimapro'],1,mecimapro,@sungjinblue
ASSALAMUALAIKUM ekhem refund @mecimapro #DesakRefundMecima #KamiBersamaVillains,1.94440188308847E+018,2025-07-13 14:21:48+00:00,@odecumi,1.75401368107008E+018,in,,0,0,0,1,https://x.com/odecumi/status/1944401883088474233,['mecimapro'],1,mecimapro,@odecumi
udah lupa apa ya refundnya @mecimapro blm selesai ,1.9444262629086E+018,2025-07-13 15:58:41+00:00,@hihellotoyou_,1.80996062224915E+018,in,,0,0,0,0,https://x.com/hihellotoyou_/status/1944426262908604651,['mecimapro'],1,mecimapro,@hihellotoyou_
Gimana ya @mecimapro ditungguin lama banget refundnya. manaaa plisss gue butuh duitnyaa,1.94444629258896E+018,2025-07-13 17:18:16+00:00,@Xodiesh,1.30423929809536E+018,in,,0,0,0,0,https://x.com/Xodiesh/status/1944446292588974381,['mecimapro'],1,mecimapro,@Xodiesh
Selamat pagi Bpk/ibu @mecimapro YTH. Kembali mengingatkan terkait DANA REFUND mohon segera diurus dan diselesaikan mengingat tenggang waktu yg semakin hari semakin berkurang. Lain halnya dengan kesabaran saya yg semakin hari semakin bertambah karena anda. Setelah semua keringanan,1.94454964853185E+018,2025-07-14 00:08:58+00:00,@aIlonica,1883700031,in,,4,0,314,282,https://x.com/aIlonica/status/1944549648531869860,['mecimapro'],1,mecimapro,@aIlonica
Selamat pagi Bpk/ibu @mecimapro YTH. Kembali mengingatkan terkait DANA REFUND mohon segera diurus dan diselesaikan mengingat tenggang waktu yg semakin hari semakin berkurang. Lain halnya dengan kesabaran saya yg semakin hari semakin bertambah karena anda. Setelah semua keringanan,1.94454964853185E+018,2025-07-14 00:08:58+00:00,@aIlonica,1883700031,in,,4,0,314,282,https://x.com/aIlonica/status/1944549648531869860,['mecimapro'],1,mecimapro,@aIlonica
Morning @mecimapro @mecima_shop REFUND!!!! GA IKHLAS YAA DUIT GUE BELUM BALIK!!,1.94455354557304E+018,2025-07-14 00:24:27+00:00,@brimengphile,1.20079544082581E+018,in,,0,0,0,0,https://x.com/brimengphile/status/1944553545573044679,"['mecimapro', 'mecima_shop']",2,mecimapro,@brimengphile
YOK KERJA YANG BENER YOK @mecimapro ! MINIMAL MALU #KawalRefundMecima #MecimaBalikinDuitMyDay #MECIMA_NOT_PROfessional,1.94455736919278E+018,2025-07-14 00:39:39+00:00,@netkirei,56996790,in,,0,0,0,2,https://x.com/netkirei/status/1944557369192784145,['mecimapro'],1,mecimapro,@netkirei
udah lewat 2 hari kerja dari batas waktu 14 hari kerja perpanjangan refund tapi belum ada pergerakan lagi? mohon segerakan proses refund pink soundcheck @mecimapro #DesakRefundMecima #KamiBersamaVillains,1.94455810639619E+018,2025-07-14 00:42:35+00:00,@loveshouldgaon,1.60943035578176E+018,in,,0,0,0,1,https://x.com/loveshouldgaon/status/1944558106396209256,['mecimapro'],1,mecimapro,@loveshouldgaon
Kembalikan hak saya sebagai konsumen yang TIDAK HADIR di acara anda! Segera refund 2 tix pink sc ke rekening mandiri @mecimapro ‼️ cc: @BPKN_RI @Kemendag @KemenPariwisata @DPR_RI @prabowo #KawalRefundMecima #MECIMA_NOT_PROfessional,1.94457690531711E+018,2025-07-14 01:57:17+00:00,@mashedpicato,110859728,in,,1,0,40,33,https://x.com/mashedpicato/status/1944576905317117969,"['mecimapro', 'BPKN_RI', 'Kemendag', 'KemenPariwisata', 'DPR_RI', 'prabowo']",6,mecimapro,@mashedpicato
Refund @mecimapro Ya Allaaahh Astaghfirullaaahhhhh,1.94458060970511E+018,2025-07-14 02:12:00+00:00,@toyoilohu,728559295,in,,1,0,37,11,https://x.com/toyoilohu/status/1944580609705119890,['mecimapro'],1,mecimapro,@toyoilohu
Refund ah buru @mecimapro,1.94461676086878E+018,2025-07-14 04:35:39+00:00,@acelapati,8.81246642942337E+017,in,,0,0,0,0,https://x.com/acelapati/status/1944616760868786374,['mecimapro'],1,mecimapro,@acelapati
Senggg @mecimapro refund yuuu 1 tix orange east sama 1 tix yellow east punya ku ke bank mandiri yuu sekarang #KawalRefundMecima,1.94461734185956E+018,2025-07-14 04:37:58+00:00,@keunil2707,1.24126286399958E+018,in,,0,0,1,0,https://x.com/keunil2707/status/1944617341859578310,['mecimapro'],1,mecimapro,@keunil2707
hai sayang @mecimapro refund dong bjir aku mau jalan ke hk nih ️,1.94466253594236E+018,2025-07-14 07:37:33+00:00,@airevsev,1.57369103694097E+018,in,,0,0,16,28,https://x.com/airevsev/status/1944662535942365543,['mecimapro'],1,mecimapro,@airevsev
mana duit aku plis demi apapun dua rekening ku udah abis... bni 3ribu... bca 900... PERAK... @mecimapro,1.94466728449849E+018,2025-07-14 07:56:25+00:00,@astarothhw,1.55038151131616E+018,in,,0,0,6,3,https://x.com/astarothhw/status/1944667284498493506,['mecimapro'],1,mecimapro,@astarothhw
permisiiii @mecimapro jangan lupaa balikin duit aka REFUND duit myday dan villains jangan diem2 terus lepas tanggung jawab deh. @BPKN_RI @Kemendag @KemenPariwisata,1.9446683464921E+018,2025-07-14 08:00:38+00:00,@xzlailnmf,1.84142961746034E+018,in,,0,0,0,0,https://x.com/xzlailnmf/status/1944668346492108967,"['mecimapro', 'BPKN_RI', 'Kemendag', 'KemenPariwisata']",4,mecimapro,@xzlailnmf
eh ayo cepetan refund @mecimapro,1.94466887359438E+018,2025-07-14 08:02:44+00:00,@honeyounx,1.16659094475969E+018,in,,0,0,0,0,https://x.com/honeyounx/status/1944668873594388480,['mecimapro'],1,mecimapro,@honeyounx
Btw @mecimapro balikin duit weh. Gue mau bayar UKT bjir,1.94467191653265E+018,2025-07-14 08:14:49+00:00,@bukanDWP,1.11219048995916E+018,in,,0,0,0,1,https://x.com/bukanDWP/status/1944671916532662444,['mecimapro'],1,mecimapro,@bukanDWP
JANGAN DIEM DIEM AJA LUH @mecimapro LU PIKIR KITA LUPA? REFUND WOIII,1.94467276266215E+018,2025-07-14 08:18:11+00:00,@checkpatterns,8.35178703483088E+017,in,,1,0,81,85,https://x.com/checkpatterns/status/1944672762662162750,['mecimapro'],1,mecimapro,@checkpatterns
cim duit gue donggg elah @mecimapro capek gue tiap nyuci baju kudu nguli gitu mayan jir duit gue bisa beli fl ,1.94468638712048E+018,2025-07-14 09:12:19+00:00,@sungjinblue,1.74783277496555E+018,in,,0,0,0,0,https://x.com/sungjinblue/status/1944686387120480424,['mecimapro'],1,mecimapro,@sungjinblue
CIM 2 bulan lagi batas maksimal kamu kembaliin uang kita lho @mecimapro. Kalo gak kamu cicil sama sekali kapan kelarnya? Ayo balikin 2 tiket yellow east ke rekening BCA! CICIL DONG! @mecimapro #KawalRefundMecima,1.94468942610741E+018,2025-07-14 09:24:24+00:00,@thelucine,558335987,in,,0,0,1,0,https://x.com/thelucine/status/1944689426107420986,"['mecimapro', 'mecimapro']",2,mecimapro,@thelucine
Teruntuk Melani dan segenap tim Mecimapro: mumpung TL lagi rame refund deh @mecimapro. Jangan cuma mantau ada keributan apa tiap hari di sosmed. Atau kalo gak punya data yg belum di-refund siapa aja coba nge-tweet Siapa yang belum refund? Bisa replies tweet ini yaa . Yakin,1.94469592551723E+018,2025-07-14 09:50:14+00:00,@ngeluhmuluuu,1.16928024953777E+018,in,,5,5,485,451,https://x.com/ngeluhmuluuu/status/1944695925517238605,['mecimapro'],1,mecimapro,@ngeluhmuluuu
kok blm downfall sih? gua kapan ikea date nya @mecimapro,1.94470007244242E+018,2025-07-14 10:06:42+00:00,@atikaily,543343686,in,,0,2,0,0,https://x.com/atikaily/status/1944700072442433916,['mecimapro'],1,mecimapro,@atikaily
Tapi kalau ngadepin @mecimapro sih gak bisa waras yaa. Balikin duit gw mel!!,1.94472365409451E+018,2025-07-14 11:40:25+00:00,@from_dnwm,387015167,in,,0,0,0,0,https://x.com/from_dnwm/status/1944723654094516393,['mecimapro'],1,mecimapro,@from_dnwm
mana refundnya @mecimapro,1.9447316408882E+018,2025-07-14 12:12:09+00:00,@kinwormpil,1.85121726105247E+018,in,,0,0,0,0,https://x.com/kinwormpil/status/1944731640888218071,['mecimapro'],1,mecimapro,@kinwormpil
bayar utang 1 tiket pink ke bca plissssz @mecimapro #MyDayTagihMecima #MECIMA_NOT_PROfessional #Kawal_Refund_Mecima #mecimabalikinduitmyday,1.94473821896613E+018,2025-07-14 12:38:17+00:00,@onissahi,9.8116980755374E+017,in,,0,0,0,0,https://x.com/onissahi/status/1944738218966143353,['mecimapro'],1,mecimapro,@onissahi
tolong dong refundnya gw lelah bgt @mecimapro,1.94474496928318E+018,2025-07-14 13:05:06+00:00,@jungsund,1.89610645057514E+018,in,,0,0,0,0,https://x.com/jungsund/status/1944744969283187081,['mecimapro'],1,mecimapro,@jungsund
memasuki jam kerja karyawan @mecimapro tolong dijalankan REFUND nya. TOLONG DIJALAN REFUND NYA duit org jgn di tahan2 ya mel. @BPKN_RI @Kemendag @KemenPariwisata,1.94476517708754E+018,2025-07-14 14:25:24+00:00,@xzlailnmf,1.84142961746034E+018,in,,0,0,0,0,https://x.com/xzlailnmf/status/1944765177087553617,"['mecimapro', 'BPKN_RI', 'Kemendag', 'KemenPariwisata']",4,mecimapro,@xzlailnmf
Kalau @mecimapro ngerefund bulan ini aku berani ambil 2 hari tapi sampai sekarang duit belum baliiik ,1.94478302346518E+018,2025-07-14 15:36:19+00:00,@jjaenzzz,1.17648774608641E+018,in,,0,0,0,0,https://x.com/jjaenzzz/status/1944783023465198025,['mecimapro'],1,mecimapro,@jjaenzzz
gue sumpahin melani @mecimapro dan segenap antek anteknya ngga akan tenang seumur hidup dan matinya susah.,1.94482712836246E+018,2025-07-14 18:31:35+00:00,@tsumudazai,9.58130435304833E+017,in,,0,0,0,0,https://x.com/tsumudazai/status/1944827128362479963,['mecimapro'],1,mecimapro,@tsumudazai
Gws myday. Semoga masalah per-refund-an ini cepet kelar dan bisa hepi2 bersama lagi Tolong banget nih kak @mecimapro,1.94485406482477E+018,2025-07-14 20:18:37+00:00,@peek_a_bob,9.87305717777353E+017,in,,0,0,0,0,https://x.com/peek_a_bob/status/1944854064824770865,['mecimapro'],1,mecimapro,@peek_a_bob
SELAMAT PAGI @mecimapro PAGI-PAGI ENAKNYA BAYAR UTANG GA SI? EMG TENANG KAH TIDUR DENGAN TUMPUKAN UTANG?,1.94493372386814E+018,2025-07-15 01:35:09+00:00,@checkpatterns,8.35178703483088E+017,in,,0,1,0,1,https://x.com/checkpatterns/status/1944933723868147971,['mecimapro'],1,mecimapro,@checkpatterns
udah 6 show encore dilewat bentar lagi 6 show fanmeet tapi @mecimapro belom lunas juga utangnya. Gimana nih? @Kemendag @KemenPariwisata @BPKN_RI,1.94493461825734E+018,2025-07-15 01:38:42+00:00,@foreveryd6,1.72033419913423E+018,in,,1,0,6,4,https://x.com/foreveryd6/status/1944934618257355182,"['mecimapro', 'Kemendag', 'KemenPariwisata', 'BPKN_RI']",4,mecimapro,@foreveryd6
refund jangan lupa @mecimapro,1.94493486516768E+018,2025-07-15 01:39:41+00:00,@cosmayu,7.6820865875684E+017,in,,0,0,0,0,https://x.com/cosmayu/status/1944934865167687890,['mecimapro'],1,mecimapro,@cosmayu
P puntennn @mecimapro uang aku heyyyy kapan di balikin? #refundtiketday6,1.94493896842193E+018,2025-07-15 01:55:59+00:00,@uwiemaino,78255442,in,,0,0,0,0,https://x.com/uwiemaino/status/1944938968421949941,['mecimapro'],1,mecimapro,@uwiemaino
cim @mecimapro refund buruan kelarin astaghfirullah,1.94494959783661E+018,2025-07-15 02:38:14+00:00,@tararoddablue,2340307934,in,,0,0,0,0,https://x.com/tararoddablue/status/1944949597836616066,['mecimapro'],1,mecimapro,@tararoddablue
Cuy refund @mecimapro jangan omong doang kebanyakan janji bacot,1.94497850430028E+018,2025-07-15 04:33:06+00:00,@KyoNilfication_,1.06937069782095E+018,in,,0,0,1,1,https://x.com/KyoNilfication_/status/1944978504300286243,['mecimapro'],1,mecimapro,@KyoNilfication_
Permisi kak refundnya hehehehe @mecimapro cc: @Kemendag @KemenPariwisata @BPKN_RI #KawalRefundMecima #MECIMA_NOT_PROfessional,1.94498329459391E+018,2025-07-15 04:52:08+00:00,@acelapati,8.81246642942337E+017,in,,0,0,3,3,https://x.com/acelapati/status/1944983294593912861,"['mecimapro', 'Kemendag', 'KemenPariwisata', 'BPKN_RI']",4,mecimapro,@acelapati
masi idup gaksi melani @mecimapro ni biasa nya yg begini kalo gak mati ya kabur. memang mental penipu ygy,1.94500695624826E+018,2025-07-15 06:26:09+00:00,@ayahyungg,1335693656,in,,0,0,0,0,https://x.com/ayahyungg/status/1945006956248269029,['mecimapro'],1,mecimapro,@ayahyungg
mana refundnya maling @mecimapro ? ,1.94500940264736E+018,2025-07-15 06:35:52+00:00,@sungbbean,1.69343746529261E+018,in,,0,0,0,3,https://x.com/sungbbean/status/1945009402647371782,['mecimapro'],1,mecimapro,@sungbbean
Teman2ku yg belom refund jajannya terhambat gara2 mecima ga refund2 weh refund @mecimapro,1.94502048014806E+018,2025-07-15 07:19:53+00:00,@eojjeodabonies,114287477,in,,0,0,0,0,https://x.com/eojjeodabonies/status/1945020480148078798,['mecimapro'],1,mecimapro,@eojjeodabonies
Selamat soree @mecimapro ayooo refundnya dicicil yuuu Ke aku 1 tix orange east sama 1 tix yellow east kirim ke bank mandirinyaa senggg #KawalRefundMecima,1.94503275060544E+018,2025-07-15 08:08:39+00:00,@keunil2707,1.24126286399958E+018,in,,0,0,5,2,https://x.com/keunil2707/status/1945032750605451362,['mecimapro'],1,mecimapro,@keunil2707
Woy bayar utang woy!!!! @mecimapro,1.94503441513178E+018,2025-07-15 08:15:16+00:00,@kittisaurs,8.75287379841392E+017,in,,0,0,0,0,https://x.com/kittisaurs/status/1945034415131783463,['mecimapro'],1,mecimapro,@kittisaurs
kalian ga lupa kan kalo masih punya banyak hutang ke My Day dan Villain?? @mecimapro,1.94506555705885E+018,2025-07-15 10:19:01+00:00,@inistefanie,1.29057579091712E+018,in,,0,0,0,1,https://x.com/inistefanie/status/1945065557058854981,['mecimapro'],1,mecimapro,@inistefanie
ini promotor kok diem diem aja ga ada rencana mau ngilang dan lari dari tanggung jawab refund konser konser kalian kan? @mecimapro,1.94506625681161E+018,2025-07-15 10:21:47+00:00,@warmhelios,327765829,in,,0,1,0,0,https://x.com/warmhelios/status/1945066256811614362,['mecimapro'],1,mecimapro,@warmhelios
Refundnya kapan dilanjut yah @mecimapro? Mau beli denimalz nih,1.9451194662972E+018,2025-07-15 13:53:13+00:00,@cutie_drum,1.01188404056191E+018,in,,0,0,0,0,https://x.com/cutie_drum/status/1945119466297204780,['mecimapro'],1,mecimapro,@cutie_drum
Kak? Refund day6 sm xdiz ku kali? @mecimapro,1.945120772135E+018,2025-07-15 13:58:25+00:00,@cerisejelly,619645783,in,,0,1,0,0,https://x.com/cerisejelly/status/1945120772135002378,['mecimapro'],1,mecimapro,@cerisejelly
Ayo dong proses refundnya @mecimapro,1.94512473162091E+018,2025-07-15 14:14:09+00:00,@titirhm_,1.54528981716841E+018,in,,0,1,0,1,https://x.com/titirhm_/status/1945124731620913617,['mecimapro'],1,mecimapro,@titirhm_
Kak refund kak @mecimapro buat bayar bill cc yg dikirimnya ke @cupfuckincake,1.94512903363905E+018,2025-07-15 14:31:15+00:00,@yeoldorado14,58378778,in,,0,1,0,0,https://x.com/yeoldorado14/status/1945129033639063554,"['mecimapro', 'cupfuckincake']",2,mecimapro,@yeoldorado14
@yeoldorado14 @mecimapro Mecima blm refund day6 kak?? Gilaaaa??,1.9451515209761E+018,2025-07-15 16:00:36+00:00,@0812304locked,1.56152301243193E+018,in,,0,0,0,0,https://x.com/0812304locked/status/1945151520976105635,"['yeoldorado14', 'mecimapro']",2,yeoldorado14,@0812304locked
Morning @mecimapro refund dong. Jangan jualan mulu di IG tapi disini diem2 bae. Anda jangan jadi orang aneh ya,1.94525733033912E+018,2025-07-15 23:01:03+00:00,@brimengphile,1.20079544082581E+018,in,,0,0,0,0,https://x.com/brimengphile/status/1945257330339127486,['mecimapro'],1,mecimapro,@brimengphile
Selamat pagi @mecimapro ! KERJAAAAA! #KawalRefundMecima #MecimaBalikinDuitMyDay #MECIMA_NOT_PROfessional,1.94527736625671E+018,2025-07-16 00:20:40+00:00,@netkirei,56996790,in,,0,0,2,1,https://x.com/netkirei/status/1945277366256726021,['mecimapro'],1,mecimapro,@netkirei
Refund oy @mecimapro Mane ni yang katanya ️akan kita kawal️ @Kemendag @BPKN_RI,1.94530138432199E+018,2025-07-16 01:56:06+00:00,@CheekbonesDayum,2921571877,tl,,0,0,1,0,https://x.com/CheekbonesDayum/status/1945301384322003130,"['mecimapro', 'Kemendag', 'BPKN_RI']",3,mecimapro,@CheekbonesDayum
epik setlistnya aku suka bgt tp faaakkkkklaaaaahhhhh T___________T BALIKIN DUITKU MONTOL @ mecimapro,1.94530321084912E+018,2025-07-16 02:03:22+00:00,@SOPBUNDDEUK,1.78502601243643E+018,in,,0,0,0,0,https://x.com/SOPBUNDDEUK/status/1945303210849124537,[],0,,@SOPBUNDDEUK
EH GW LIAT LIAT KOK DIEM GAK ADA PERGERAKAN NIH @mecimapro,1.94531224764512E+018,2025-07-16 02:39:16+00:00,@kinwormpil,1.85121726105247E+018,in,,0,0,0,0,https://x.com/kinwormpil/status/1945312247645135160,['mecimapro'],1,mecimapro,@kinwormpil
Refund kak @mecimapro cc: @Kemendag @KemenPariwisata @BPKN_RI #KawalRefundMecima #MECIMA_NOT_PROfessional,1.94531772400501E+018,2025-07-16 03:01:02+00:00,@acelapati,8.81246642942337E+017,in,,0,0,3,0,https://x.com/acelapati/status/1945317724005027925,"['mecimapro', 'Kemendag', 'KemenPariwisata', 'BPKN_RI']",4,mecimapro,@acelapati
GADA NIATAN REFUND LAGI APAAA? @mecimapro,1.9453191474933E+018,2025-07-16 03:06:41+00:00,@stvrlightten,78827288,in,,0,0,0,0,https://x.com/stvrlightten/status/1945319147493318879,['mecimapro'],1,mecimapro,@stvrlightten
Diem-diem aja nih Pak/Bu yang terhormat @BPKN_RI @KemenPariwisata @Kemendag gimana progress refund dari @mecimapro @mecima_shop ? Katanya kalian memantau ada pergerakan refund gak nih dari ibu melani fransiska @mayblue85,1.94533250047952E+018,2025-07-16 03:59:45+00:00,@wonptl,589798059,in,,0,0,2,0,https://x.com/wonptl/status/1945332500479533074,"['BPKN_RI', 'KemenPariwisata', 'Kemendag', 'mecimapro', 'mecima_shop', 'mayblue85']",6,BPKN_RI,@wonptl
CIM BALIKIN DUIT TEMEN - TEMEN ... KASIAN MEREKA PENGEN BELI MD @mecimapro #mecimabalikinduitmyday #MecimaNotProfesional #Mecima,1.9453404162678E+018,2025-07-16 04:31:12+00:00,@cececikyu,166859998,in,,0,0,6,0,https://x.com/cececikyu/status/1945340416267800762,['mecimapro'],1,mecimapro,@cececikyu
Kak mana katanya 14 hari kak? @mecimapro,1.9453446804028E+018,2025-07-16 04:48:09+00:00,@cerisejelly,619645783,in,,0,0,0,0,https://x.com/cerisejelly/status/1945344680402804826,['mecimapro'],1,mecimapro,@cerisejelly
halo halo bandung @mecimapro refund dong,1.94534750737605E+018,2025-07-16 04:59:23+00:00,@xhf_28,1.61133122091446E+018,in,,0,1,0,0,https://x.com/xhf_28/status/1945347507376066680,['mecimapro'],1,mecimapro,@xhf_28
Siang kak @mecimapro refundnya jangan lupa ya... Barang kali itu ada yang mau pake duitnya buat jajan merch denimol ini lagi lucu-lucunya loh #KawalRefundMecima,1.94535735464158E+018,2025-07-16 05:38:30+00:00,@hiloveholic,1.84355587944837E+018,in,,0,0,0,0,https://x.com/hiloveholic/status/1945357354641580090,['mecimapro'],1,mecimapro,@hiloveholic
utangnya banyak bgt dah? balikin napa @mecimapro,1.94535994922963E+018,2025-07-16 05:48:49+00:00,@aprilneternal,993193574,in,,0,1,0,0,https://x.com/aprilneternal/status/1945359949229645854,['mecimapro'],1,mecimapro,@aprilneternal
halooooo utang nya jangan lupa tante @mecimapro,1.94536366878032E+018,2025-07-16 06:03:36+00:00,@xoxojkwp,1.34537739912322E+018,in,,0,0,0,0,https://x.com/xoxojkwp/status/1945363668780327151,['mecimapro'],1,mecimapro,@xoxojkwp
DRPD BENGONG MENDING BAYAR UTANG @mecimapro,1.945385319052E+018,2025-07-16 07:29:38+00:00,@checkpatterns,8.35178703483088E+017,in,,0,0,2,0,https://x.com/checkpatterns/status/1945385319052009578,['mecimapro'],1,mecimapro,@checkpatterns
Refundnya gimana ni gaada perkembangan sama sekali. Masih bisa hidup tenang kah kalian orang2 dibalik @mecimapro ???? #MyDayTagihMecima #MECIMA_NOT_PROfessional #JYP_CHOOSE_BETTER_PROMOTER #KawalRefundMecima,1.94538954676367E+018,2025-07-16 07:46:26+00:00,@from_oldk,826552152,in,,0,0,1,0,https://x.com/from_oldk/status/1945389546763678152,['mecimapro'],1,mecimapro,@from_oldk
Semangat cari duitnya Jangan lupa refund @mecimapro,1.94541861443088E+018,2025-07-16 09:41:56+00:00,@yongkfox,159489207,in,,0,0,0,0,https://x.com/yongkfox/status/1945418614430892035,['mecimapro'],1,mecimapro,@yongkfox
Refund cok @mecimapro diem2 bae lu ga kerasa tbtb september ntar utang masih 4M+ aja,1.9454483911626E+018,2025-07-16 11:40:15+00:00,@yourhappinestt2,1.90383116769628E+018,in,,0,1,17,14,https://x.com/yourhappinestt2/status/1945448391162618142,['mecimapro'],1,mecimapro,@yourhappinestt2
ditengah huru-hara fandom jangan harap gw lupa untuk menagih @mecimapro kirim album sungjin refund tiket KIRIM TOTEBAG yang katanya READY STOCK HEH anyink,1.9454507735147E+018,2025-07-16 11:49:43+00:00,@coaicd,3146621157,in,,1,3,23,25,https://x.com/coaicd/status/1945450773514702965,['mecimapro'],1,mecimapro,@coaicd
Belum jelas jugaa ah elah Yang jelas mah MECIMA BURUAN REFUND DUIT GW @mecimapro HUTANG LU MASIH BANYAK YA TOLONG JANGAN MENGHILANG GITU AJA #kawalrefundmecima,1.94545302177073E+018,2025-07-16 11:58:39+00:00,@keunil2707,1.24126286399958E+018,in,,0,1,6,8,https://x.com/keunil2707/status/1945453021770748031,['mecimapro'],1,mecimapro,@keunil2707
BALIKIN DUIT AK PLS?! @mecimapro,1.94545491697534E+018,2025-07-16 12:06:11+00:00,@abcdeisikseuu,1.1956909462449E+018,in,,0,0,0,0,https://x.com/abcdeisikseuu/status/1945454916975346023,['mecimapro'],1,mecimapro,@abcdeisikseuu
kak jgn lupa refund kak @mecimapro diem2 bae lu,1.9454551898862E+018,2025-07-16 12:07:16+00:00,@yellow01soo,1.31271529170976E+018,in,,0,0,0,0,https://x.com/yellow01soo/status/1945455189886202016,['mecimapro'],1,mecimapro,@yellow01soo
demi Allah ini udh brp bulan dan msh gaada uang refund masuk ke rekening gue??????? @mecimapro sibuk jualan sana sini tp gak menerima pesan apapun dr kita yg berhak dpt refund!!!,1.94545700579717E+018,2025-07-16 12:14:29+00:00,@daydreammyy,1.76542698420373E+018,in,,0,0,0,1,https://x.com/daydreammyy/status/1945457005797183498,['mecimapro'],1,mecimapro,@daydreammyy
misi mau nagih hutang refund nya @mecimapro,1.94545940729241E+018,2025-07-16 12:24:02+00:00,@mirukutea19,78831135,in,,1,0,0,0,https://x.com/mirukutea19/status/1945459407292416328,['mecimapro'],1,mecimapro,@mirukutea19
Lama gak nagihin tukang tipu @mecimapro refund dong nyet,1.94545977810657E+018,2025-07-16 12:25:30+00:00,@tyasty97,420788306,in,,0,0,4,1,https://x.com/tyasty97/status/1945459778106589357,['mecimapro'],1,mecimapro,@tyasty97
ini @mecimapro kok diem-diem aja gak ada pergerakan,1.94546323146141E+018,2025-07-16 12:39:13+00:00,@kassythaa,369804040,in,,0,0,0,0,https://x.com/kassythaa/status/1945463231461413198,['mecimapro'],1,mecimapro,@kassythaa
Jujur pengen banget beli merch day6 lagi huhu tp semasih duit gw lu tahan @mecimapro gw ga bisa tenang belanja apapun ttg day6️ Please cim please refund duit gw,1.94546612164718E+018,2025-07-16 12:50:43+00:00,@putriabyuda,268111243,in,,0,0,0,0,https://x.com/putriabyuda/status/1945466121647181874,['mecimapro'],1,mecimapro,@putriabyuda
mending lu semua keluarin energi lu tagihin utang @mecimapro,1.94547723191841E+018,2025-07-16 13:34:51+00:00,@cosmayu,7.6820865875684E+017,in,,0,0,0,0,https://x.com/cosmayu/status/1945477231918420319,['mecimapro'],1,mecimapro,@cosmayu
Selamat malam Ibu Melani @mecimapro izin mengingatkan untuk melanjutkan REFUND ke teman-teman saya ya Lanjut REFUND secepatnya ya bu sampai lunas semuanya Izin tag @Kemendag @KemenPariwisata @BPKN_RI @YLKI_ID #kawalrefundmecimapro #MECIMA_NOT_PROfessional,1.94547802329539E+018,2025-07-16 13:38:00+00:00,@ddabbrifeed,1.3796476152649E+018,in,,0,0,23,6,https://x.com/ddabbrifeed/status/1945478023295406452,"['mecimapro', 'Kemendag', 'KemenPariwisata', 'BPKN_RI', 'YLKI_ID']",5,mecimapro,@ddabbrifeed
Refund kak @mecimapro minimal dicicil gitu ,1.94547814083239E+018,2025-07-16 13:38:28+00:00,@seesawthemoon,1.67335824745209E+018,in,,0,0,0,0,https://x.com/seesawthemoon/status/1945478140832407680,['mecimapro'],1,mecimapro,@seesawthemoon
JANGAN LU PIKIR KITA DIEM ARTINYA KITA IKHLAS YA SHIBAL REFUND!! REFUNDD!!! @mecimapro cc: @Kemendag @KemenPariwisata @BPKN_RI #kawalrefundmecima #MECIMA_NOT_PROfessional,1.94548311063776E+018,2025-07-16 13:58:13+00:00,@dowoonst,1.18864360757137E+018,in,,0,0,0,0,https://x.com/dowoonst/status/1945483110637777022,"['mecimapro', 'Kemendag', 'KemenPariwisata', 'BPKN_RI']",4,mecimapro,@dowoonst
si anjing kabur @mecimapro,1.94549082757022E+018,2025-07-16 14:28:53+00:00,@briwoon,9.64221551968115E+017,in,,0,0,0,0,https://x.com/briwoon/status/1945490827570221348,['mecimapro'],1,mecimapro,@briwoon
mana refund nya ? @mecimapro susah bgt ngerefund.. pak bu mohon dengan sangat bantuannya ini ga di refund2 udah berbulan2 @BPKN_RI @Kemendag mohonlah bantu kami para konsumen,1.94549097698392E+018,2025-07-16 14:29:29+00:00,@youngbri93_,1142607786,in,,0,0,0,0,https://x.com/youngbri93_/status/1945490976983924903,"['mecimapro', 'BPKN_RI', 'Kemendag']",3,mecimapro,@youngbri93_
refund ih @mecimapro aku mau beli cucunya sungjin #KawalRefundMecima,1.9454938436523E+018,2025-07-16 14:40:52+00:00,@shineddenly,1.86866014369052E+018,in,,0,1,2,0,https://x.com/shineddenly/status/1945493843652300985,['mecimapro'],1,mecimapro,@shineddenly
REFUND WOI KOCAKK @mecimapro HALOOOO?????? @Kemendag @KemenPariwisata @BPKN_RI #kawalrefundmecima #MECIMA_NOT_PROfessional,1.94549460168461E+018,2025-07-16 14:43:53+00:00,@wontfeeldown,1.79780771370096E+018,in,,0,0,0,0,https://x.com/wontfeeldown/status/1945494601684615631,"['mecimapro', 'Kemendag', 'KemenPariwisata', 'BPKN_RI']",4,mecimapro,@wontfeeldown
Makin hari liat kelakuan @mecimapro jadi makin gasabar liat hisabnya di akhirat nanti,1.94550773021267E+018,2025-07-16 15:36:03+00:00,@bbirong_haru,3766535654,in,,0,0,0,0,https://x.com/bbirong_haru/status/1945507730212680092,['mecimapro'],1,mecimapro,@bbirong_haru
katanya mau ada update tiap bulan. mana nih? emailnya malah inactive satu2 akun jubir ilang pasca konser padahal katanya mau tanggung jawab website mati X ga aktif main ig doang yang tutup komen. kabur tan? @mecimapro #KawalRefundMecima #MECIMA_NOT_PROfessional,1.94552664183037E+018,2025-07-16 16:51:12+00:00,@lveyss,9.0063126341276E+017,in,,0,0,0,0,https://x.com/lveyss/status/1945526641830371483,['mecimapro'],1,mecimapro,@lveyss
eh guise udah berapa bulan nih melototin doang ga kering tuh mata? gih langsung damprat aja @mecimapro mah ga mempan melotot doang. 4M berbulan2 loh @Kemendag @BPKN_RI #KawalRefundMecima #MECIMA_NOT_PROfessional,1.94552717334933E+018,2025-07-16 16:53:18+00:00,@lveyss,9.0063126341276E+017,in,,0,0,0,0,https://x.com/lveyss/status/1945527173349347557,"['mecimapro', 'Kemendag', 'BPKN_RI']",3,mecimapro,@lveyss
Tukang tipu kawannya @mecimapro,1.94555545168665E+018,2025-07-16 18:45:41+00:00,@Piriewonpirie,1.24174376137525E+018,in,,0,0,0,0,https://x.com/Piriewonpirie/status/1945555451686650241,['mecimapro'],1,mecimapro,@Piriewonpirie
Oiya pagi TOLONG REFUNDNYA MANAAAA????? @mecimapro,1.94562387922299E+018,2025-07-16 23:17:35+00:00,@bbangmeokja,1.28070981863058E+018,in,,0,0,10,9,https://x.com/bbangmeokja/status/1945623879222997148,['mecimapro'],1,mecimapro,@bbangmeokja
Tidak lupa mengingatkan Refund jangan lupa @mecimapro,1.94565043352106E+018,2025-07-17 01:03:06+00:00,@yongkfox,159489207,in,,0,0,1,0,https://x.com/yongkfox/status/1945650433521062079,['mecimapro'],1,mecimapro,@yongkfox
Mending nagih refund ke @mecimapro guys,1.94565309382128E+018,2025-07-17 01:13:40+00:00,@zeetaoxe,7.25803547703417E+017,in,,0,0,0,0,https://x.com/zeetaoxe/status/1945653093821284794,['mecimapro'],1,mecimapro,@zeetaoxe
lu juga jgn mentang mentang lg banyak banyak huru hara trus myday lupa ya kalo lu punya utang refund kontol @mecimapro,1.94567201344998E+018,2025-07-17 02:28:51+00:00,@b19121993,1.0737767491864E+018,in,,0,0,0,0,https://x.com/b19121993/status/1945672013449994272,['mecimapro'],1,mecimapro,@b19121993
Ojo mbok pikir awake dewe lg ribut trus lali refund GEK DI REFUND TO AH KONCO2KU IKI @mecimapro,1.94567578200698E+018,2025-07-17 02:43:49+00:00,@bbirong_riboo,1.56085042527584E+018,in,,0,0,0,0,https://x.com/bbirong_riboo/status/1945675782006984923,['mecimapro'],1,mecimapro,@bbirong_riboo
DORRR KAGET GA AKU TAGIH BAYAR UTANG PAGI2? @mecimapro,1.94567634523901E+018,2025-07-17 02:46:04+00:00,@checkpatterns,8.35178703483088E+017,in,,0,1,5,0,https://x.com/checkpatterns/status/1945676345239015817,['mecimapro'],1,mecimapro,@checkpatterns
Semoga punya ku juga segera di refund sama adinda @mecimapro :(,1.94569983608875E+018,2025-07-17 04:19:24+00:00,@imyour_ta,1.26132827393549E+018,in,,0,0,0,0,https://x.com/imyour_ta/status/1945699836088750210,['mecimapro'],1,mecimapro,@imyour_ta
makasih y mec... udh kerja.... sekarang cepetan balikin yang pink sc @mecimapro,1.94570464572207E+018,2025-07-17 04:38:31+00:00,@arhechive,1.1223285172056E+018,in,,0,0,0,0,https://x.com/arhechive/status/1945704645722071243,['mecimapro'],1,mecimapro,@arhechive
AKU JUGA MAU DONG DI TF DARI PT MECIMA ITUU @mecimapro 1 tix orange east sama 1 tix yellow east yaaaaaa #KawalRefundMecima,1.94570547523824E+018,2025-07-17 04:41:49+00:00,@keunil2707,1.24126286399958E+018,in,,0,0,1,0,https://x.com/keunil2707/status/1945705475238240385,['mecimapro'],1,mecimapro,@keunil2707
Damn bentar lagi byuma pink sc refund kan cim? @mecimapro,1.94571266790755E+018,2025-07-17 05:10:24+00:00,@jooyeonespodeng,1.83276916077616E+018,in,,0,0,0,0,https://x.com/jooyeonespodeng/status/1945712667907563963,['mecimapro'],1,mecimapro,@jooyeonespodeng
cim @mecimapro refund uang myday dilanjutin lagi lah #MecimaBalikinDuitMyday #MECIMA_NOT_PROfessional,1.94573261568605E+018,2025-07-17 06:29:40+00:00,@tararoddablue,2340307934,in,,0,0,7,0,https://x.com/tararoddablue/status/1945732615686050080,['mecimapro'],1,mecimapro,@tararoddablue
Yang day6 udh ada hilal di refund belum yaaa??? @mecimapro #KawalRefundMecima,1.94573391023277E+018,2025-07-17 06:34:48+00:00,@keunil2707,1.24126286399958E+018,in,,0,0,3,0,https://x.com/keunil2707/status/1945733910232772680,['mecimapro'],1,mecimapro,@keunil2707
refundnya mana yaa @mecimapro #MecimaTuntaskanRefund,1.94576557382223E+018,2025-07-17 08:40:38+00:00,@1feel94,8.7377472041548E+017,in,,0,0,0,0,https://x.com/1feel94/status/1945765573822238890,['mecimapro'],1,mecimapro,@1feel94
@Kemendag @BPKN_RI @KemenPariwisata @mecimapro RABU 17 JUL 2025 16.07 D+75 KONSER Yth Ibu Melani konser day6 sudah selesai dari 2 bulan yang lalu. Sekarang segera selesaikan refund tiket day6 kami! Sudah cukup kalian mengulur waktu terus menerus! KEMBALIKAN UANG KAMI SEGERA ! #MecimaTuntaskanRefund #KawalRefundMecima,1.94577244260314E+018,2025-07-17 09:07:55+00:00,@junshrek,55474501,in,,0,1,0,0,https://x.com/junshrek/status/1945772442603143557,"['Kemendag', 'BPKN_RI', 'KemenPariwisata', 'mecimapro']",4,Kemendag,@junshrek
refund mel! cepet gak?!!! musuh lo udh seluruh indonesia gausah cari muka sama artis lain nama lo udah kek bangke bau busuk! @mecimapro #MecimaTuntaskanRefund,1.94577371997006E+018,2025-07-17 09:13:00+00:00,@spheregurl,278891730,in,,0,0,0,0,https://x.com/spheregurl/status/1945773719970066746,['mecimapro'],1,mecimapro,@spheregurl
lagi bengong trus inget duit gue 2.9 JUTA masih di elu @mecimapro,1.94578119797791E+018,2025-07-17 09:42:43+00:00,@cikidodoy,1.41734119668324E+018,in,,0,1,0,0,https://x.com/cikidodoy/status/1945781197977911420,['mecimapro'],1,mecimapro,@cikidodoy
p @mecimapro makin makin yah mentang mentang kita lg hectic u malah makin diem CEPET REFUND!! #MecimaTuntaskanRefund #MECIMA_NOT_PROfessional,1.94578507618621E+018,2025-07-17 09:58:07+00:00,@eisagyuyaa,1.81013984086606E+018,in,,0,0,1,0,https://x.com/eisagyuyaa/status/1945785076186218895,['mecimapro'],1,mecimapro,@eisagyuyaa
p bayar utang woi buat beli susu anak nih @mecimapro,1.94578905487814E+018,2025-07-17 10:13:56+00:00,@ddalkiuyyu,1456162537,in,,0,2,0,0,https://x.com/ddalkiuyyu/status/1945789054878154833,['mecimapro'],1,mecimapro,@ddalkiuyyu
Diem diem bae lu @mecimapro kirain myday berserikat juga diem diem aja ya? Lmao #MecimaTuntaskanRefund,1.94579199763535E+018,2025-07-17 10:25:37+00:00,@gwenateez,1.48698262039929E+018,in,,0,0,0,0,https://x.com/gwenateez/status/1945791997635355077,['mecimapro'],1,mecimapro,@gwenateez
Sampe lupa masih punya simpenan duit sm @mecimapro KAPAN BALIKIN DUIT EUYYYYY,1.94579732972404E+018,2025-07-17 10:46:49+00:00,@fwdump_,303735029,in,,0,0,0,0,https://x.com/fwdump_/status/1945797329724051804,['mecimapro'],1,mecimapro,@fwdump_
REFUNDNYA MANA COY @mecimapro,1.94579876031699E+018,2025-07-17 10:52:30+00:00,@sungddenly,1.41400661466372E+018,in,,0,0,0,0,https://x.com/sungddenly/status/1945798760317001895,['mecimapro'],1,mecimapro,@sungddenly
Balikin uang aku! @mecimapro @Kemendag @KemenPariwisata @BPKN_RI @DPR_RI #MecimaTuntaskanRefund #MECIMA_NOT_PROfessional #MecimaTuntaskanRefund,1.94581157327843E+018,2025-07-17 11:43:25+00:00,@Pipibribri,1.31078298147309E+018,in,,0,0,0,0,https://x.com/Pipibribri/status/1945811573278445661,"['mecimapro', 'Kemendag', 'KemenPariwisata', 'BPKN_RI', 'DPR_RI']",5,mecimapro,@Pipibribri
Refund yg sby donggg @mecimapro,1.94581716291804E+018,2025-07-17 12:05:37+00:00,@Xodiesh,1.30423929809536E+018,in,,0,0,0,0,https://x.com/Xodiesh/status/1945817162918043872,['mecimapro'],1,mecimapro,@Xodiesh
kelanjutan refund mana bro @mecimapro #MecimaTuntaskanRefund,1.9458245924232E+018,2025-07-17 12:35:09+00:00,@161kilograms,8.61473106199666E+017,in,,0,0,0,0,https://x.com/161kilograms/status/1945824592423215320,['mecimapro'],1,mecimapro,@161kilograms
Ya allah wch knp tiketnya mahal tiket sawat murah wch nya mahal cim refund pls. Mau ketemu pcr nih @mecimapro,1.94583199279862E+018,2025-07-17 13:04:33+00:00,@cerisejelly,619645783,in,,0,0,0,0,https://x.com/cerisejelly/status/1945831992798630315,['mecimapro'],1,mecimapro,@cerisejelly
Refund tiket gue total 10juta cepat @mecimapro,1.94586445198881E+018,2025-07-17 15:13:32+00:00,@bbangmeokja,1.28070981863058E+018,in,,0,0,13,12,https://x.com/bbangmeokja/status/1945864451988824335,['mecimapro'],1,mecimapro,@bbangmeokja
duh susah bgt komunikasi sm artis satu ini @mecimapro we just need our money back #MecimaTuntaskanRefund,1.94599222008103E+018,2025-07-17 23:41:14+00:00,@ssaltychim,3253616821,in,,0,0,0,0,https://x.com/ssaltychim/status/1945992220081045862,['mecimapro'],1,mecimapro,@ssaltychim
selamat pagi kak @mecimapro bisa yuk ditunggu refundnya #MecimaTuntaskanRefund,1.94601656195074E+018,2025-07-18 01:17:58+00:00,@mengmengdud,1.87657789884241E+018,in,,0,0,0,0,https://x.com/mengmengdud/status/1946016561950753058,['mecimapro'],1,mecimapro,@mengmengdud
hari ini fm nya day6. bisa kali mel REFUND nya di jalankan lagi eh tunggu apa duitnya buat ke korea lg buat nonton fm disana? @mecimapro pak liat noh pak bisa kali di ingetin biat refund @Kemendag @KemenPariwisata @BPKN_RI,1.94602423797168E+018,2025-07-18 01:48:28+00:00,@xzlailnmf,1.84142961746034E+018,in,,0,0,0,0,https://x.com/xzlailnmf/status/1946024237971698109,"['mecimapro', 'Kemendag', 'KemenPariwisata', 'BPKN_RI']",4,mecimapro,@xzlailnmf
Mulai refund lagi dong @mecimapro,1.94603570434321E+018,2025-07-18 02:34:02+00:00,@splenjdid,1.06947107860125E+018,in,,0,0,1,1,https://x.com/splenjdid/status/1946035704343220402,['mecimapro'],1,mecimapro,@splenjdid
met pagi cim jgn lupa refund @mecimapro #MecimaTuntaskanRefund,1.94603654601424E+018,2025-07-18 02:37:22+00:00,@leanon__me,1.22179763057072E+018,in,,0,0,0,0,https://x.com/leanon__me/status/1946036546014257246,['mecimapro'],1,mecimapro,@leanon__me
KEMBALIKAN UANG SAYA 2 TIX ORANGE EAST MEMBERSHIP KE REKENING BCA‼️ @mecimapro cc: @Kemendag @KemenPariwisata @BPKN_RI #MecimaTuntaskanRefund #MECIMA_NOT_PROfessional #kawalrefundmecima,1.94603779894483E+018,2025-07-18 02:42:21+00:00,@chickenlemonade,192254948,in,,0,3,11,10,https://x.com/chickenlemonade/status/1946037798944845873,"['mecimapro', 'Kemendag', 'KemenPariwisata', 'BPKN_RI']",4,mecimapro,@chickenlemonade
bro sorry banget nih ekonomi lagi susah jadi bisa ga lu percepat refund hak gue itu @mecimapro #MecimaTuntaskanRefund,1.94604598469558E+018,2025-07-18 03:14:53+00:00,@friedcarbonara,1.76541956844362E+018,in,,0,1,0,0,https://x.com/friedcarbonara/status/1946045984695591414,['mecimapro'],1,mecimapro,@friedcarbonara
P @mecimapro BAYAR UTANGGGG,1.94605087622288E+018,2025-07-18 03:34:19+00:00,@youngkkmeng,1.15238964205168E+018,in,,0,0,0,0,https://x.com/youngkkmeng/status/1946050876222881845,['mecimapro'],1,mecimapro,@youngkkmeng
REFUNDNYA MANA UPDATENYA KTNY BAKAL UPDATE TERUSSSSS @mecimapro,1.94606011624083E+018,2025-07-18 04:11:02+00:00,@tiramishuv,1.05152814094462E+018,in,,0,0,0,0,https://x.com/tiramishuv/status/1946060116240842919,['mecimapro'],1,mecimapro,@tiramishuv
mecima duit gue mana? gue mau jajan merch @mecimapro,1.94606052446433E+018,2025-07-18 04:12:39+00:00,@tinyzzy,1146451969,in,,1,0,1,0,https://x.com/tinyzzy/status/1946060524464341271,['mecimapro'],1,mecimapro,@tinyzzy
Di tengah kebahagiaan ini aku tetep mau nagih utang! @mecimapro KERJA! #MecimaTuntaskanRefund #MECIMA_NOT_PROfessional,1.94617061041914E+018,2025-07-18 11:30:06+00:00,@netkirei,56996790,in,,0,0,0,0,https://x.com/netkirei/status/1946170610419147187,['mecimapro'],1,mecimapro,@netkirei
Refund bisa kali @mecimapro,1.94617331402585E+018,2025-07-18 11:40:50+00:00,@faniheol,322441783,in,,0,0,0,0,https://x.com/faniheol/status/1946173314025853391,['mecimapro'],1,mecimapro,@faniheol
Jangan kabur plis usahain refund itu kewajiban lu @mecimapro !!,1.94621025916233E+018,2025-07-18 14:07:39+00:00,@aIlonica,1883700031,in,,0,0,1,1,https://x.com/aIlonica/status/1946210259162337469,['mecimapro'],1,mecimapro,@aIlonica
Malam kak ini beneran refundnnya disegerakan ya mau 3 kali gajian ini. @mecimapro cc: @Kemendag @KemenPariwisata @BPKN_RI #KawalRefundMecima #MECIMA_NOT_PROfessional #MecimaTuntaskanRefund,1.94623359852654E+018,2025-07-18 15:40:23+00:00,@acelapati,8.81246642942337E+017,in,,0,0,0,1,https://x.com/acelapati/status/1946233598526545974,"['mecimapro', 'Kemendag', 'KemenPariwisata', 'BPKN_RI']",4,mecimapro,@acelapati
Selamat siang @mecimapro @mecima_shop gimana progres pengiriman album fansign Chanyeol? Karena ini sudah 8 bulan+ setelah fansign mengingat saya beli ratusan dan ratusan album itu sudah saya jual ke teman2 saya jadi saya ada tgg jwb kirim ke mereka. Tolong dipercepat ya kak,1.94644190227614E+018,2025-07-19 05:28:07+00:00,@ranyandari,50568083,in,,0,0,2,6,https://x.com/ranyandari/status/1946441902276145630,"['mecimapro', 'mecima_shop']",2,mecimapro,@ranyandari
Oi bayar utang lu @mecimapro jgn kabur!!!!,1.94648852370576E+018,2025-07-19 08:33:22+00:00,@kittisaurs,8.75287379841392E+017,in,,0,0,0,0,https://x.com/kittisaurs/status/1946488523705765964,['mecimapro'],1,mecimapro,@kittisaurs
refund dulu gaksi @mecimapro,1.94649198966044E+018,2025-07-19 08:47:09+00:00,@sikkeureo,147454427,in,,0,0,12,9,https://x.com/sikkeureo/status/1946491989660447205,['mecimapro'],1,mecimapro,@sikkeureo
good morning sunshine jangan lupa tuntaskan refundnya @mecimapro #MecimaTuntaskanRefund,1.94675336578829E+018,2025-07-20 02:05:45+00:00,@TWYWLFTV,1951515212,in,,0,0,0,0,https://x.com/TWYWLFTV/status/1946753365788299732,['mecimapro'],1,mecimapro,@TWYWLFTV
refund duit gue woy 3.4jt pink sc MEMBERSHIP ke rekening BCA. harusnya lo punya data gue kan karena uname ini tercantum di membship? hak gue itu BALIKIN @mecimapro #MecimaTuntaskanRefund #MECIMA_NOT_PROfessional,1.94685801548921E+018,2025-07-20 09:01:36+00:00,@lveyss,9.0063126341276E+017,in,,0,0,3,1,https://x.com/lveyss/status/1946858015489212550,['mecimapro'],1,mecimapro,@lveyss
melani WOY haloooo? uang saya mana 3.4jt pink sc membership ke rekening BCA? saya udah email tiap hari udah 3bulan dari janji awal. mau verifikasi gimana lagi? @mecimapro #MecimaTuntaskanRefund #MECIMA_NOT_PROfessional,1.94685935655497E+018,2025-07-20 09:06:56+00:00,@lveyss,9.0063126341276E+017,in,,0,0,1,0,https://x.com/lveyss/status/1946859356554977307,['mecimapro'],1,mecimapro,@lveyss
gangerti sama logika sekantor @mecimapro karena dia ngasih due date september dengan nominal 4M+ tapi sampe juli mau habis aja gaada update dan progress samsek. IQ kalian tuh berapa sih? sarjana kan? @mecimapro #MecimaTuntaskanRefund #MECIMA_NOT_PROfessional,1.94688228577051E+018,2025-07-20 10:38:02+00:00,@lveyss,9.0063126341276E+017,in,,0,0,0,1,https://x.com/lveyss/status/1946882285770518948,"['mecimapro', 'mecimapro']",2,mecimapro,@lveyss
Tidak lupa menyapa refund kak @mecimapro cc: @Kemendag @KemenPariwisata @BPKN_RI #KawalRefundMecima #MECIMA_NOT_PROfessional #mecimabalikinduitmyday #mecimatuntaskanrefund,1.94688696369041E+018,2025-07-20 10:56:38+00:00,@acelapati,8.81246642942337E+017,in,,0,0,2,1,https://x.com/acelapati/status/1946886963690426386,"['mecimapro', 'Kemendag', 'KemenPariwisata', 'BPKN_RI']",4,mecimapro,@acelapati
@kewonuan @tararoddablue mecimapro tolong segera bayar utang atau refund yang diminta kewonuan dan banyak My Day lainnya. Banyak keluhan serupa soal konser DAY6 yang tertunda. Jangan abaikan selesaikan secara profesional.,1.946890278734E+018,2025-07-20 11:09:48+00:00,@grok,1.72066518318892E+018,in,,0,0,0,0,https://x.com/grok/status/1946890278734008406,"['kewonuan', 'tararoddablue']",2,kewonuan,@grok
kata gw lu bedosa bgt sih cim.. bikin rugi byk orang lewat utang refund ditambah bikin trauma tiap denger wtts sama kembang api.. mau ditebus pake apa juga itu dosa org2 pada kaga maapin itu... refund jalanin yg bener bjir @mecimapro,1.9469038234796E+018,2025-07-20 12:03:37+00:00,@shiro_erii,1617960474,in,,0,0,0,0,https://x.com/shiro_erii/status/1946903823479603547,['mecimapro'],1,mecimapro,@shiro_erii
Jyp aja jualan denimalz gosong kakak2 gak jualan apa gitu buat refund? @mecimapro #MecimaTuntaskanRefund,1.94690910850828E+018,2025-07-20 12:24:37+00:00,@ceritanyasofi,95153541,in,,0,0,0,0,https://x.com/ceritanyasofi/status/1946909108508283278,['mecimapro'],1,mecimapro,@ceritanyasofi
refund besok senin btw @mecimapro masih kerja apa udah tutup?,1.94692521317593E+018,2025-07-20 13:28:37+00:00,@jaebeomsfrhead,9.82894552934525E+017,in,,0,0,0,0,https://x.com/jaebeomsfrhead/status/1946925213175935173,['mecimapro'],1,mecimapro,@jaebeomsfrhead
Sekedar mengingatkan. REFUND @mecimapro cc: @Kemendag @KemenPariwisata @BPKN_RI #KawalRefundMecima #MECIMA_NOT_PROfessional #mecimabalikinduitmyday #mecimatuntaskanrefund,1.94692780012197E+018,2025-07-20 13:38:54+00:00,@aIlonica,1883700031,in,,0,0,6,0,https://x.com/aIlonica/status/1946927800121983227,"['mecimapro', 'Kemendag', 'KemenPariwisata', 'BPKN_RI']",4,mecimapro,@aIlonica
ayolah bro day6 udh sampe ngadain fanmeet yakali lu ga REFUND @mecimapro pak besok senen harap bekerja dengan baik yaa buat REFUND ini @BPKN_RI @Kemendag @KemenPariwisata,1.9469294044601E+018,2025-07-20 13:45:16+00:00,@xzlailnmf,1.84142961746034E+018,in,,0,0,1,0,https://x.com/xzlailnmf/status/1946929404460106171,"['mecimapro', 'BPKN_RI', 'Kemendag', 'KemenPariwisata']",4,mecimapro,@xzlailnmf
Refundnya dong? In this economy duit yang menurut kalian gak seberapa itu sangat berharga buat banyak orang!!!!!! @mecimapro #KawalRefundMecima,1.94712130536889E+018,2025-07-21 02:27:49+00:00,@thelucine,558335987,in,,0,0,1,0,https://x.com/thelucine/status/1947121305368899820,['mecimapro'],1,mecimapro,@thelucine
refund villains tolong. udah lewat dari tenggat yang lu undur itu @mecimapro,1.94713930178091E+018,2025-07-21 03:39:20+00:00,@dowo_onie,7.79307133133204E+017,in,,0,0,0,0,https://x.com/dowo_onie/status/1947139301780918473,['mecimapro'],1,mecimapro,@dowo_onie
SELAMAT PAGI SELAMAT HARI SENIN AYOK REFUND DUIT SAYA @mecimapro,1.94714319723662E+018,2025-07-21 03:54:49+00:00,@jungsund,1.89610645057514E+018,in,,0,0,0,0,https://x.com/jungsund/status/1947143197236625719,['mecimapro'],1,mecimapro,@jungsund
refund nya mana kocak @mecimapro,1.94716597475672E+018,2025-07-21 05:25:19+00:00,@jaebeomsfrhead,9.82894552934525E+017,in,,0,0,0,0,https://x.com/jaebeomsfrhead/status/1947165974756725034,['mecimapro'],1,mecimapro,@jaebeomsfrhead
refundku tolong yhhh thx @mecimapro,1.94716936733638E+018,2025-07-21 05:38:48+00:00,@samgyeopshal,1.12892576482328E+018,in,,0,0,1,0,https://x.com/samgyeopshal/status/1947169367336394783,['mecimapro'],1,mecimapro,@samgyeopshal
@dalkomhanihae @mecimapro Bukan maksudnya si bangke ini ga lanjutin refund apa karena nonton day6 pier10 atau gmn? Ga ada progress bgt,1.94716980538108E+018,2025-07-21 05:40:32+00:00,@monkblankk,1.08804708172433E+018,in,,0,1,0,0,https://x.com/monkblankk/status/1947169805381083319,"['dalkomhanihae', 'mecimapro']",2,dalkomhanihae,@monkblankk
Udah senin lagi njing mana refund gue @mecimapro,1.94717693511482E+018,2025-07-21 06:08:52+00:00,@mingchewifeu,1.61611309018946E+018,in,,0,0,0,0,https://x.com/mingchewifeu/status/1947176935114825879,['mecimapro'],1,mecimapro,@mingchewifeu
Countdown ke 14 september 55 hari kalender atau 39 hari kerja lagi ya kak @mecimapro ditunggu update progressnya,1.94718229965904E+018,2025-07-21 06:30:11+00:00,@splenjdid,1.06947107860125E+018,in,,0,1,1,2,https://x.com/splenjdid/status/1947182299659043098,['mecimapro'],1,mecimapro,@splenjdid
eh iya lu kapan rencana mau bayar utang dah @mecimapro,1.94725709830521E+018,2025-07-21 11:27:25+00:00,@imtokkinay,1.37760618776867E+018,in,,0,0,0,0,https://x.com/imtokkinay/status/1947257098305212640,['mecimapro'],1,mecimapro,@imtokkinay
Sorry agak bitter soalnya emang masih hard feeling banget perkara 3 mei mana duit temen-temen myday juga belom di refund. Buruan refund duit temen-temen gw @mecimapro,1.9472640019744E+018,2025-07-21 11:54:51+00:00,@0430_rosegirl,1.19709660767563E+018,in,,2,0,12,41,https://x.com/0430_rosegirl/status/1947264001974407256,['mecimapro'],1,mecimapro,@0430_rosegirl
Kirain apaan refund deh cepetan @mecimapro,1.94726420606918E+018,2025-07-21 11:55:39+00:00,@honeyounx,1.16659094475969E+018,in,,0,0,0,0,https://x.com/honeyounx/status/1947264206069199259,['mecimapro'],1,mecimapro,@honeyounx
By the way many Indonesian My Day that still have not received their refund yet from your partner Mecimapro with the total amount IDR 4 billion. Kindly treat this matter with urgency and take immediate action. Thank you for your attention and support.,1.94726443631133E+018,2025-07-21 11:56:34+00:00,@dari_youngk,1.2495471330043E+018,en,,29,1,2078,5365,https://x.com/dari_youngk/status/1947264436311335276,[],0,,@dari_youngk
gausah mikir mau kabur refund buru @mecimapro,1.94726703266941E+018,2025-07-21 12:06:53+00:00,@caleridula,283293673,in,,0,1,0,0,https://x.com/caleridula/status/1947267032669417529,['mecimapro'],1,mecimapro,@caleridula
@day6official Your fans in Indonesia haven't returned any money until now? Don't let go of your hand. Day6 was destroyed by promoter @mecimapro please help me.,1.94726749593469E+018,2025-07-21 12:08:44+00:00,@keyboardwon94,1.76506792828909E+018,en,,0,2,105,995,https://x.com/keyboardwon94/status/1947267495934693723,"['day6official', 'mecimapro']",2,day6official,@keyboardwon94
@day6official terus kalian kapan balikin 4 milyar duit gue dan fans day6 yang beli tiket forever young jakarta 3 mei monyetssss @jypnation @mecimapro @day6official ???,1.94727053005619E+018,2025-07-21 12:20:47+00:00,@dandeaniee,1.69339055675034E+018,in,,0,0,0,3,https://x.com/dandeaniee/status/1947270530056204732,"['day6official', 'jypnation', 'mecimapro', 'day6official']",4,day6official,@dandeaniee
REFUND OUR MONEY NOW‼️ @mecimapro @jypnation @day6official @KJstyle7 @BPKN_RI @Kemendag @DPR_RI @KemenPariwisata #MyDayTagihMecima #MECIMA_NOT_PROfessional #MecimaTuntaskanRefund #KawalRefundMecima https://t.co/tG4IPIHzXV,1.94727087640508E+018,2025-07-21 12:22:10+00:00,@wowzkdl,2362679569,en,,6,0,365,380,https://x.com/wowzkdl/status/1947270876405080225,"['mecimapro', 'jypnation', 'day6official', 'KJstyle7', 'BPKN_RI', 'Kemendag', 'DPR_RI', 'KemenPariwisata']",8,mecimapro,@wowzkdl
Baru kmrn ngumpul bareng md lagi baru ngomongin tragedi 3 mei eh beneran disenggol lg kapan sembuhnya nih kita? Btw @mecimapro refund refund refund!,1.94727458835989E+018,2025-07-21 12:36:55+00:00,@lalalobeuO07,1.03586555072175E+018,in,,0,0,0,0,https://x.com/lalalobeuO07/status/1947274588359909740,['mecimapro'],1,mecimapro,@lalalobeuO07
eh cim refund lg kpn dahh @mecimapro #MecimaTuntaskanRefund #MECIMA_NOT_PROfessional,1.94727548826458E+018,2025-07-21 12:40:29+00:00,@girinssy,580718723,in,,0,0,1,0,https://x.com/girinssy/status/1947275488264585305,['mecimapro'],1,mecimapro,@girinssy
refund udh sampe mana? knp ga pernah update progress? P @mecimapro #MecimaTuntaskanRefund,1.94727653202997E+018,2025-07-21 12:44:38+00:00,@161kilograms,8.61473106199666E+017,in,,0,0,0,1,https://x.com/161kilograms/status/1947276532029984809,['mecimapro'],1,mecimapro,@161kilograms
jdi inget REFUND DUIT GW WOY @mecimapro,1.9472767009176E+018,2025-07-21 12:45:18+00:00,@dday6Girl_,1.37027157030059E+018,in,,0,0,3,2,https://x.com/dday6Girl_/status/1947276700917600258,['mecimapro'],1,mecimapro,@dday6Girl_
refund woy jgn ilang lu @mecimapro,1.94728010367676E+018,2025-07-21 12:58:50+00:00,@bbangmeokja,1.28070981863058E+018,in,,0,0,8,0,https://x.com/bbangmeokja/status/1947280103676764282,['mecimapro'],1,mecimapro,@bbangmeokja
Lu pilih bayar utang sekarang apa gue tagih di akhirat @mecimapro,1.94728037540059E+018,2025-07-21 12:59:54+00:00,@itsrainyblue_,285781535,in,,0,0,0,0,https://x.com/itsrainyblue_/status/1947280375400599901,['mecimapro'],1,mecimapro,@itsrainyblue_
@day6official Cukup tau aja haha emang lebih takut pusat. Kita mah apa? Anak cabang buangan. Asal lo tau @jypnation INA My Day yg rugi bandar udah berbulan2 gak dapet refundnya respon kalian gimana?! Gak ada tanggung jawab pisan... He @mecimapro jangan lupa bayar utang loh diem2 bae,1.94728191922315E+018,2025-07-21 13:06:02+00:00,@habitwelve,1.3137265391801E+018,in,,0,0,2,22,https://x.com/habitwelve/status/1947281919223156943,"['day6official', 'jypnation', 'mecimapro']",3,day6official,@habitwelve
Heh refund @mecimapro. Kenapa diam aja kayak gak punya tanggungan hutang refund gt sih? Merasa di atas angin kah karena gak ada yg negur kalian? Kurang kah teguran langsung dari Yang Di Atas pas tgl 3 Mei nya? Apa kalian lg berlomba-lomba ngumpulin dosa?,1.94728402180686E+018,2025-07-21 13:14:24+00:00,@ngeluhmuluuu,1.16928024953777E+018,in,,3,0,98,103,https://x.com/ngeluhmuluuu/status/1947284021806866540,['mecimapro'],1,mecimapro,@ngeluhmuluuu
Refundnya lanjutin dong nyet @mecimapro,1.94728460666062E+018,2025-07-21 13:16:43+00:00,@tinyzzy,1146451969,in,,0,0,1,0,https://x.com/tinyzzy/status/1947284606660624893,['mecimapro'],1,mecimapro,@tinyzzy
refund woyy @mecimapro sama aja tone deafnya sama jewaipi,1.94728463766911E+018,2025-07-21 13:16:51+00:00,@naraseyo0,1346555539,in,,0,0,0,0,https://x.com/naraseyo0/status/1947284637669118409,['mecimapro'],1,mecimapro,@naraseyo0
perasaan marah kalo udah nyangkut duit dan kalian tidak mendapatkan hak kalian itu VALID. dunia udah jahat kita kaburnya ke day6 tapi kalo pihak pihak itu jahat kita kemana lagi? KALIAN JANGAN JAHAT SAMA KITA! KALIAN MAKAN ITU DARI UANG KONSUMEN ANDA!! SEGERA REFUND @mecimapro,1.94728465525573E+018,2025-07-21 13:16:55+00:00,@readddin999,1.81817159343008E+018,in,,0,0,0,0,https://x.com/readddin999/status/1947284655255740508,['mecimapro'],1,mecimapro,@readddin999
Kayanya lebih baik gue pake energi marah marah ini buat ngehujat mecima. Balikin duit gue njg @mecimapro,1.94728503041948E+018,2025-07-21 13:18:24+00:00,@tinyzzy,1146451969,in,,0,0,0,0,https://x.com/tinyzzy/status/1947285030419484879,['mecimapro'],1,mecimapro,@tinyzzy
Jelek bgt lu bedua JELEKKK @mecimapro @jypnation,1.94728793660656E+018,2025-07-21 13:29:57+00:00,@bbangmeokja,1.28070981863058E+018,in,,0,0,4,4,https://x.com/bbangmeokja/status/1947287936606576785,"['mecimapro', 'jypnation']",2,mecimapro,@bbangmeokja
Ayoo lagi rame saatnya naikin lagi itu refund @mecimapro belom bayar 4milyar rupiah Buruan bayar bantuin senggol dong @day6official #MecimaTuntaskanRefund,1.94729506699052E+018,2025-07-21 13:58:17+00:00,@susay_n,7.97794022429314E+017,in,,0,0,2,1,https://x.com/susay_n/status/1947295066990522782,"['mecimapro', 'day6official']",2,mecimapro,@susay_n
Ga tau ah capek mual bayangin kapan duitku yang 6 juta itu balik. @day6official cuma bisa bantuin refundnya kmd tapi ga bisa bantuin follow up ke @mecimapro,1.94729683664726E+018,2025-07-21 14:05:19+00:00,@cielettia,7.75275202905186E+017,in,,1,1,2,6,https://x.com/cielettia/status/1947296836647276607,"['day6official', 'mecimapro']",2,day6official,@cielettia
Refund kali ah ga cape ditagih mulu? @mecimapro,1.94730086600612E+018,2025-07-21 14:21:20+00:00,@faniheol,322441783,in,,0,0,0,0,https://x.com/faniheol/status/1947300866006138913,['mecimapro'],1,mecimapro,@faniheol
heh lu tuh kemana sih kocak @mecimapro BALIKIN DUIT ORANG ORANG,1.94730435660624E+018,2025-07-21 14:35:12+00:00,@pipon2020,1.30261128760869E+018,in,,0,0,0,0,https://x.com/pipon2020/status/1947304356606247093,['mecimapro'],1,mecimapro,@pipon2020
BALIKIN DUIT KONSUMEN KONSER DAY6 YANG BELUM DIREFUND!!!! @mecimapro #MecimaTuntaskanRefund,1.94730481893632E+018,2025-07-21 14:37:02+00:00,@airevsev,1.57369103694097E+018,in,,0,0,28,21,https://x.com/airevsev/status/1947304818936320094,['mecimapro'],1,mecimapro,@airevsev
Btw gue liat lu anteng bener @mecimapro inget utang gak? Duit temen2 gue cepet balikin ege jangan bikin konser2an dulu oon.,1.94730485806072E+018,2025-07-21 14:37:11+00:00,@sungddeenly,1.17388423716379E+018,in,,0,0,6,16,https://x.com/sungddeenly/status/1947304858060722215,['mecimapro'],1,mecimapro,@sungddeenly
Kata gue mah mending u refund besok dah daripada ini perkara gue bawa sampe Mekkah @mecimapro cc: @Kemendag @KemenPariwisata @BPKN_RI #KawalRefundMecima #MECIMA_NOT_PROfessional #MecimaTuntaskanRefund,1.94730628526494E+018,2025-07-21 14:42:52+00:00,@acelapati,8.81246642942337E+017,in,,0,0,3,2,https://x.com/acelapati/status/1947306285264945571,"['mecimapro', 'Kemendag', 'KemenPariwisata', 'BPKN_RI']",4,mecimapro,@acelapati
cpe interaksi sm lu pd @mecimapro @jypnation,1.94734031549884E+018,2025-07-21 16:58:05+00:00,@dowounna,1.19487221154003E+018,in,,0,0,0,0,https://x.com/dowounna/status/1947340315498844206,"['mecimapro', 'jypnation']",2,mecimapro,@dowounna
@airevsev @mecimapro ga bisa English weh kesian,1.94741244892512E+018,2025-07-21 21:44:43+00:00,@TWYWLFTV,1951515212,in,,0,0,0,10,https://x.com/TWYWLFTV/status/1947412448925126948,"['airevsev', 'mecimapro']",2,airevsev,@TWYWLFTV
Bayar utang woy @mecimapro malah diem-diem bae lu pada Mana yang katanya mau transparan soal progres refund BACOT doang bisanya #MecimaTuntaskanRefund #MECIMA_NOT_PROfessional,1.94745301815018E+018,2025-07-22 00:25:56+00:00,@dounbihun,1.57367981736642E+018,in,,0,0,4,0,https://x.com/dounbihun/status/1947453018150187333,['mecimapro'],1,mecimapro,@dounbihun
Pagiii mana refundnya? @mecimapro,1.94745682953524E+018,2025-07-22 00:41:04+00:00,@entropywp,8.92287224112217E+017,in,,0,0,0,0,https://x.com/entropywp/status/1947456829535252967,['mecimapro'],1,mecimapro,@entropywp
pagi pagi mual inget mecima masih petantang petenteng belum refund @mecimapro,1.94747418732258E+018,2025-07-22 01:50:03+00:00,@sungjinblue,1.74783277496555E+018,in,,0,0,0,2,https://x.com/sungjinblue/status/1947474187322593494,['mecimapro'],1,mecimapro,@sungjinblue
refund gak @mecimapro,1.94748974574514E+018,2025-07-22 02:51:52+00:00,@cinnamorwooll,3267606307,in,,0,1,0,0,https://x.com/cinnamorwooll/status/1947489745745154100,['mecimapro'],1,mecimapro,@cinnamorwooll
Balikin duit gue @mecimapro @jypnation mau nonton Suju niihh,1.94749742746612E+018,2025-07-22 03:22:24+00:00,@pilphilter,1.17448212206667E+018,in,,0,0,4,4,https://x.com/pilphilter/status/1947497427466133841,"['mecimapro', 'jypnation']",2,mecimapro,@pilphilter
duit yang gajadi nonton konser day6 kemaren kelanjutannya gimana bang @mecimapro,1.94751588616602E+018,2025-07-22 04:35:45+00:00,@nuoffl,1445421042,in,,0,0,0,0,https://x.com/nuoffl/status/1947515886166020124,['mecimapro'],1,mecimapro,@nuoffl
Orang-orang di balik @mecimapro lagi pada ngapain ya? Kok bisa keliatan biasa aja padahal udah ngerugiin dan bikin trauma banyak orang?,1.94752504665597E+018,2025-07-22 05:12:09+00:00,@pudingcklt__,1.22310999533346E+018,in,,0,2,15,39,https://x.com/pudingcklt__/status/1947525046655979621,['mecimapro'],1,mecimapro,@pudingcklt__
@airevsev @mecimapro Pake bahasa korea kak mreka gak bisa bahasa inggris ,1.94756826386261E+018,2025-07-22 08:03:52+00:00,@04beesbrown,53006848,in,,0,0,0,32,https://x.com/04beesbrown/status/1947568263862620291,"['airevsev', 'mecimapro']",2,airevsev,@04beesbrown
eh refund tuh MINIMAL sesuai harga tiketnya dong @mecimapro,1.94758501303549E+018,2025-07-22 09:10:26+00:00,@hihellotoyou_,1.80996062224915E+018,in,,0,0,0,0,https://x.com/hihellotoyou_/status/1947585013035491780,['mecimapro'],1,mecimapro,@hihellotoyou_
cepet kelarin dah mecima urusan lu ama myday dan villain ina @mecimapro makin lu ulur waktu makin banyak yang lost spark menyerempet benci ama artisnya,1.94759919064704E+018,2025-07-22 10:06:46+00:00,@inyoblingbling,1.7367636298765E+018,in,,0,0,0,0,https://x.com/inyoblingbling/status/1947599190647050705,['mecimapro'],1,mecimapro,@inyoblingbling
Chronology of Incomplete Refunds by Mecimapro for DAY6 3RD WORLD TOUR &lt;FOREVER YOUNG&gt; in JAKARTA 2025 #MecimaTuntaskanRefund https://t.co/7iDX2cCzMl,1.9476088930411E+018,2025-07-22 10:45:19+00:00,@mydayberserikat,1.70958071343421E+018,en,,8,1,226,249,https://x.com/mydayberserikat/status/1947608893041107270,[],0,,@mydayberserikat
Kronologi Pengembalian Dana (Refund) yang belum diselesaikan oleh Mecimapro kepada Konsumen Konser DAY6 3RD WORLD TOUR &lt;FOREVER YOUNG&gt; in JAKARTA 2025 #MecimaTuntaskanRefund https://t.co/037FxG9jN6,1.94760889771354E+018,2025-07-22 10:45:20+00:00,@mydayberserikat,1.70958071343421E+018,in,,33,0,269,285,https://x.com/mydayberserikat/status/1947608897713541514,[],0,,@mydayberserikat
Tbh gw ga sabar nunggu bulan September mau liat beneran di refund gak nih duit gw sama @mecimapro ,1.9476757205218E+018,2025-07-22 15:10:52+00:00,@sukawonwoo,202959419,in,,0,0,0,0,https://x.com/sukawonwoo/status/1947675720521814432,['mecimapro'],1,mecimapro,@sukawonwoo
gue kayaknya ga bakalan nonton konser day6 sampe duit gue dibalikin @mecimapro deh. Apalagi respon @jypnation @day6official kayak gitu kemaren wow speechless. did I get racism?,1.94780043915781E+018,2025-07-22 23:26:27+00:00,@sungbbean,1.69343746529261E+018,in,,0,0,0,0,https://x.com/sungbbean/status/1947800439157825848,"['mecimapro', 'jypnation', 'day6official']",3,mecimapro,@sungbbean
eh kuning cepetan refund gue mau beli laptop @mecimapro,1.94784516003508E+018,2025-07-23 02:24:10+00:00,@honeyounx,1.16659094475969E+018,in,,0,1,0,1,https://x.com/honeyounx/status/1947845160035094626,['mecimapro'],1,mecimapro,@honeyounx
@Kemendag @BPKN_RI @KemenPariwisata @mecimapro 23 JUL 2025 09.34 D+82 KONSER @mecimapro jangan kabur anda! Segera selesaikan refund tiket day6 kami! Sudah cukup kalian mengulur waktu terus menerus! KEMBALIKAN UANG KAMI SEGERA ! #MecimaTuntaskanRefund #KawalRefundMecima,1.94784785052592E+018,2025-07-23 02:34:51+00:00,@junshrek,55474501,in,,0,0,0,1,https://x.com/junshrek/status/1947847850525921446,"['Kemendag', 'BPKN_RI', 'KemenPariwisata', 'mecimapro', 'mecimapro']",5,Kemendag,@junshrek
MANGKANYA REFUND ANJING @mecimapro GAK GW GAK AKAN MENYALAHKAN PIHAK LAIN KAYA ORANG-ORANG KARENA MENURUT GW PUNCAK UTAMA SALAH ADA DI LO MECIMA. REFUND!!! REFUND!!! REFUND!!! KALO LO REFUND SESUAI JANJI GAK AKAN SAMPE KAYA GINI!!!!,1.94784871010657E+018,2025-07-23 02:38:16+00:00,@day19nov_,1.88731399018501E+018,in,,0,0,1,0,https://x.com/day19nov_/status/1947848710106583456,['mecimapro'],1,mecimapro,@day19nov_
BAYAR UTANGGGGGGG @mecimapro,1.94785246122783E+018,2025-07-23 02:53:10+00:00,@sikkeureo,147454427,in,,0,0,27,39,https://x.com/sikkeureo/status/1947852461227839834,['mecimapro'],1,mecimapro,@sikkeureo
Sebenernya kenapa sih gak kelar2 refundnya? @mecimapro Padahal kalau gak punya duit masih ada pinjol,1.94785647574299E+018,2025-07-23 03:09:07+00:00,@marigoldmerah,1.33850345406334E+018,in,,0,0,0,0,https://x.com/marigoldmerah/status/1947856475742998901,['mecimapro'],1,mecimapro,@marigoldmerah
gue benci banget sama lo @mecimapro,1.94785797288297E+018,2025-07-23 03:15:04+00:00,@nissseu,1.61746714081848E+018,in,,0,0,0,0,https://x.com/nissseu/status/1947857972882976931,['mecimapro'],1,mecimapro,@nissseu
refund buruan pls aku mau beli tumbler mahal kaya org2 @mecimapro ,1.94786218941264E+018,2025-07-23 03:31:50+00:00,@selenophee,1.72699354199663E+018,in,,0,2,0,0,https://x.com/selenophee/status/1947862189412651228,['mecimapro'],1,mecimapro,@selenophee
heh kemana aja sih lu @mecimapro keluar dr goa lu woi,1.9478719214688E+018,2025-07-23 04:10:30+00:00,@sungjinblue,1.74783277496555E+018,in,,0,0,0,0,https://x.com/sungjinblue/status/1947871921468805328,['mecimapro'],1,mecimapro,@sungjinblue
pantes temenan @day6official @mecimapro #MecimaTuntaskanRefund,1.9478789248282E+018,2025-07-23 04:38:20+00:00,@dhemengg,1.82442266749737E+018,in,,0,0,0,1,https://x.com/dhemengg/status/1947878924828217735,"['day6official', 'mecimapro']",2,day6official,@dhemengg
Halo guys barter kuisioner yuk. Kalau yang mau DM aja ga. Kriteria : 1. Laki - laki &amp; Perempuan 2. Usia 17 - 35 tahun 3. Berdomisili di Jakarta 4. Pernah menonton konser Day6 3rd World Tour Forever Young 5. Membeli tiket di Mecimapro,1.94788117104158E+018,2025-07-23 04:47:15+00:00,@n__geist,1.73914796494441E+018,in,,0,2,0,3,https://x.com/n__geist/status/1947881171041587408,[],0,,@n__geist
@seungwoodzzz Untuk konser DAY6 di Jakarta Mei 2025 fans Indo banyak yg masih nunggu refund dari Mecima Pro meski JYP udah minta maaf. Update terbaru: refund penuh cuma buat fans Korea Indo blm. Cek IG mecimapro atau hubungi mereka langsung. Semoga segera ada kabar baik! ,1.94788555395079E+018,2025-07-23 05:04:40+00:00,@grok,1.72066518318892E+018,in,,0,0,0,0,https://x.com/grok/status/1947885553950802357,['seungwoodzzz'],1,seungwoodzzz,@grok
no 1 haters @mecimapro sama jyp,1.94788666755952E+018,2025-07-23 05:09:06+00:00,@dowounna,1.19487221154003E+018,in,,0,0,0,0,https://x.com/dowounna/status/1947886667559539195,['mecimapro'],1,mecimapro,@dowounna
refund kk aku mau pelunasan @mecimapro,1.94789348938521E+018,2025-07-23 05:36:12+00:00,@for_110602,3493554013,in,,0,0,0,0,https://x.com/for_110602/status/1947893489385214113,['mecimapro'],1,mecimapro,@for_110602
Oh iya sekalian tuh ingetin partner kerja sama lu @day6official si @mecimapro kirimin merch Day6 yang bahkan udah dibeli dari bertahun-tahun lalu tapi gak nyampe juga ke orang yang beli.,1.94793778369336E+018,2025-07-23 08:32:13+00:00,@sixthjours,1.33451103008548E+018,in,,0,0,0,0,https://x.com/sixthjours/status/1947937783693361402,"['day6official', 'mecimapro']",2,day6official,@sixthjours
refund dong @mecimapro jangan diem aje utang lu bayar sadar diri knp HUFTTTT #MecimaTuntaskanRefund,1.94798243434109E+018,2025-07-23 11:29:38+00:00,@timelessungjin,1.38620781527914E+018,in,,0,1,33,24,https://x.com/timelessungjin/status/1947982434341093679,['mecimapro'],1,mecimapro,@timelessungjin
@mabokdeesix @day6official Iya tau banget bro! Masalah refund konser DAY6 di Indo kemaren emang gak ada maaf resmi dari JYP atau MecimaPro cuma tweet samar doang. My Day intern sering kena gini kek dianggep remeh. Semoga kali ini mereka beneran gerak yuk kita push bareng! ,1.94800150459148E+018,2025-07-23 12:45:25+00:00,@grok,1.72066518318892E+018,in,,0,1,0,0,https://x.com/grok/status/1948001504591487013,"['mabokdeesix', 'day6official']",2,mabokdeesix,@grok
eh gila buruan refund @mecimapro bener2 keterlaluan u ya diem aja,1.94801162733457E+018,2025-07-23 13:25:38+00:00,@bichulyeoja,1.39338440195893E+018,in,,0,0,1,0,https://x.com/bichulyeoja/status/1948011627334586664,['mecimapro'],1,mecimapro,@bichulyeoja
eh anjir kapan lu refund coyyy @mecimapro ini keburu gua nyampe korea dari pda refund lu msk,1.94801793298829E+018,2025-07-23 13:50:42+00:00,@pevensiegirls,1.46632135408126E+018,in,,0,0,1,0,https://x.com/pevensiegirls/status/1948017932988297354,['mecimapro'],1,mecimapro,@pevensiegirls
Reminder buat @mecimapro masih ngutang tolong dilunasin,1.94802943839187E+018,2025-07-23 14:36:25+00:00,@leleebiteu,1.67472936620564E+018,in,,0,0,0,0,https://x.com/leleebiteu/status/1948029438391886310,['mecimapro'],1,mecimapro,@leleebiteu
Aku pantau akunmu masih diem aja oi @mecimapro Sibuk verifikasi data kan? Buruan refund oi #MecimaTuntaskanRefund #MECIMA_NOT_PROfesional,1.94803378928192E+018,2025-07-23 14:53:42+00:00,@susay_n,7.97794022429314E+017,in,,0,0,0,0,https://x.com/susay_n/status/1948033789281923342,['mecimapro'],1,mecimapro,@susay_n
Hai @grok ... kata-kata hari ini untuk @mecimapro dong biar dia bisa refund uang konser.,1.94817620051986E+018,2025-07-24 00:19:36+00:00,@abikaara,1.74869561009675E+018,in,,0,1,0,0,https://x.com/abikaara/status/1948176200519876774,"['grok', 'mecimapro']",2,grok,@abikaara
refund dong akhir bulan nih @mecimapro @jypnation,1.94820777246369E+018,2025-07-24 02:25:03+00:00,@coaicd,3146621157,in,,0,0,0,0,https://x.com/coaicd/status/1948207772463706597,"['mecimapro', 'jypnation']",2,mecimapro,@coaicd
Refund dong @mecimapro !!!! Gue mau fangirling dengan tenang jir!!!,1.94825048361054E+018,2025-07-24 05:14:46+00:00,@ditesdee,4857446688,in,,0,0,0,0,https://x.com/ditesdee/status/1948250483610542501,['mecimapro'],1,mecimapro,@ditesdee
nagih duit sendiri susah amat @mecimapro,1.94829070114321E+018,2025-07-24 07:54:35+00:00,@imtokkinay,1.37760618776867E+018,in,,0,0,0,0,https://x.com/imtokkinay/status/1948290701143228889,['mecimapro'],1,mecimapro,@imtokkinay
mau sampai kapan ga dilanjut refundnya? CAPEK AING NAGIH DUIT SENDIRI @mecimapro,1.94829101996912E+018,2025-07-24 07:55:51+00:00,@imtokkinay,1.37760618776867E+018,in,,0,0,0,0,https://x.com/imtokkinay/status/1948291019969122397,['mecimapro'],1,mecimapro,@imtokkinay
MECIMAAAA REFUND UANG ORANG PLEASEEEE @mecimapro SIGNED ALBUM SUNGJIN DIKIRIM ELAHHHH SISA ALBUMNYA MAU LU JUAL LG BUAT JD MODAL REFUND GAPAPA DAH YG PENTING KIRIM YG DI TTD SUNGJIN @mecima_shop,1.94831191543823E+018,2025-07-24 09:18:53+00:00,@ngeluhmuluuu,1.16928024953777E+018,in,,0,1,86,94,https://x.com/ngeluhmuluuu/status/1948311915438231959,"['mecimapro', 'mecima_shop']",2,mecimapro,@ngeluhmuluuu
Honestly aku gak akan berisik if only uang 3 5juta ku udah balik. Aku gak minta ditenangin sama artisnya aku cuma minta biar refund jalan secepatnya @mecimapro balikin duitku sekarang nyet monyet,1.94831326973702E+018,2025-07-24 09:24:16+00:00,@tyasty97,420788306,in,,0,0,4,5,https://x.com/tyasty97/status/1948313269737038330,['mecimapro'],1,mecimapro,@tyasty97
Selamat sore Gue gak tau yaa tim @mecimapro ada berapa orang tapi paling gak bisa gak si kasih info update refund?@mecimapro cc: @Kemendag @KemenPariwisata @BPKN_RI #KawalRefundMecima #MECIMA_NOT_PROfessional #Mecimatuntaskanrefund,1.94832105085882E+018,2025-07-24 09:55:11+00:00,@acelapati,8.81246642942337E+017,in,,0,0,2,1,https://x.com/acelapati/status/1948321050858827786,"['mecimapro', 'mecimapro', 'Kemendag', 'KemenPariwisata', 'BPKN_RI']",5,mecimapro,@acelapati
@exoloveone_ Berdasarkan info terkini Mecimapro belum umumkan jadwal pasti untuk mulai nyicil refund tiket DAY6. Proses refund dimulai April 2025 tapi banyak MyDay masih menunggu hingga Juli ini (hanya 47% selesai per Mei). Saran hubungi langsung mecimapro atau cek untuk update. Semoga,1.94833297731193E+018,2025-07-24 10:42:34+00:00,@grok,1.72066518318892E+018,in,,0,1,0,0,https://x.com/grok/status/1948332977311932467,['exoloveone_'],1,exoloveone_,@grok
refund duit gue woy @mecimapro lelet bgt dah kayak kinerja pemerintah,1.9483468831365E+018,2025-07-24 11:37:50+00:00,@jungsuaddict,1.7694611716007E+018,in,,0,0,0,0,https://x.com/jungsuaddict/status/1948346883136512293,['mecimapro'],1,mecimapro,@jungsuaddict
bayar utang woii gw lg butuh bgtt @mecimapro,1.94835065416001E+018,2025-07-24 11:52:49+00:00,@nptnsm,1.18356739792123E+018,in,,0,0,0,0,https://x.com/nptnsm/status/1948350654160023641,['mecimapro'],1,mecimapro,@nptnsm
refund kak jangan lupa report progressnya ditunggu akhir bulan @mecimapro,1.9483679860685E+018,2025-07-24 13:01:41+00:00,@seesawthemoon,1.67335824745209E+018,in,,0,0,0,0,https://x.com/seesawthemoon/status/1948367986068517180,['mecimapro'],1,mecimapro,@seesawthemoon
mana kok belum refund jangan dikira kita lupa @mecimapro #mecimatuntaskanrefund #mydaytagihmecima,1.94851667902749E+018,2025-07-24 22:52:32+00:00,@patenbob,1.27435558097547E+018,in,,0,0,3,0,https://x.com/patenbob/status/1948516679027491015,['mecimapro'],1,mecimapro,@patenbob
Kapan y masuk refund giliran punya ku cim @mecimapro :(,1.94867751385893E+018,2025-07-25 09:31:38+00:00,@imyour_ta,1.26132827393549E+018,in,,0,0,0,0,https://x.com/imyour_ta/status/1948677513858941093,['mecimapro'],1,mecimapro,@imyour_ta
Ayokkk giliran aku kapan di refundddd @mecimapro,1.94868659306752E+018,2025-07-25 10:07:43+00:00,@temenbarbie,2795709026,in,,0,0,0,0,https://x.com/temenbarbie/status/1948686593067524606,['mecimapro'],1,mecimapro,@temenbarbie
halo onti2 @mecimapro REFUND DONG laailahailallah balikin duit gue buat liburan!!!,1.94868958296876E+018,2025-07-25 10:19:36+00:00,@timelessungjin,1.38620781527914E+018,in,,0,0,24,19,https://x.com/timelessungjin/status/1948689582968766679,['mecimapro'],1,mecimapro,@timelessungjin
refundnya mana kak @mecimapro album sungjinnya mana kak @mecimapro,1.94873552947193E+018,2025-07-25 13:22:10+00:00,@sikkeureo,147454427,in,,1,0,28,42,https://x.com/sikkeureo/status/1948735529471934987,"['mecimapro', 'mecimapro']",2,mecimapro,@sikkeureo
Jahat bgt yg xh direfund yg day6 kgk di refund refund @mecimapro refund jirrrr,1.94888946256777E+018,2025-07-25 23:33:51+00:00,@paawphile,1.67191488050351E+018,in,,0,0,0,0,https://x.com/paawphile/status/1948889462567772340,['mecimapro'],1,mecimapro,@paawphile
WOY WOY BAYAR UTANG WOY DASAR MANUSIA MANUSIA MUKA TEMBOK @mecimapro,1.94892298904059E+018,2025-07-26 01:47:04+00:00,@kewonuan,1.33614851705674E+018,in,,0,0,7,3,https://x.com/kewonuan/status/1948922989040599294,['mecimapro'],1,mecimapro,@kewonuan
Onti jangan lupa refund uang aku @mecimapro,1.94903188756725E+018,2025-07-26 08:59:47+00:00,@temenbarbie,2795709026,in,,0,0,0,0,https://x.com/temenbarbie/status/1949031887567265939,['mecimapro'],1,mecimapro,@temenbarbie
Dipikir2 ini kayanya aku makin bitter tuh karena duitku gak dibalik2in sama @mecimapro deh..buruaaaaaan balikiiiiinnn!!! #MecimaTuntaskanRefund #MECIMA_NOT_PROfessional,1.94929109773936E+018,2025-07-27 02:09:48+00:00,@netkirei,56996790,in,,0,0,0,1,https://x.com/netkirei/status/1949291097739379138,['mecimapro'],1,mecimapro,@netkirei
sampai konser gdragon jakarta selesai pun sampai xdiz last stop di asia selesai pun day6 ku belum direfund bgimane @mecimapro,1.94939423337235E+018,2025-07-27 08:59:37+00:00,@samgyeopshal,1.12892576482328E+018,in,,0,0,0,0,https://x.com/samgyeopshal/status/1949394233372369008,['mecimapro'],1,mecimapro,@samgyeopshal
BALIKIIIIIIINN DUIT AKUUUUU @mecimapro ! #MecimaTuntaskanRefund #MECIMA_NOT_PROfessional,1.9494274667933E+018,2025-07-27 11:11:41+00:00,@netkirei,56996790,in,,0,0,0,1,https://x.com/netkirei/status/1949427466793316852,['mecimapro'],1,mecimapro,@netkirei
salah lu pokoknya!!! buruan refund @mecimapro,1.94944141842411E+018,2025-07-27 12:07:07+00:00,@faniityy,352182564,in,,0,0,0,0,https://x.com/faniityy/status/1949441418424119429,['mecimapro'],1,mecimapro,@faniityy
fanmeet day6 udeh selesai ayo selesaikan REFUND nyaa! @mecimapro besok kerja ya pak bu yg terhormat. @BPKN_RI @Kemendag @KemenPariwisata,1.94946576164441E+018,2025-07-27 13:43:51+00:00,@xzlailnmf,1.84142961746034E+018,in,,0,0,0,0,https://x.com/xzlailnmf/status/1949465761644413427,"['mecimapro', 'BPKN_RI', 'Kemendag', 'KemenPariwisata']",4,mecimapro,@xzlailnmf
Refundnya ayo jalan lagi @mecimapro,1.9494699955804E+018,2025-07-27 14:00:41+00:00,@bobbapil,1.41129526808394E+018,in,,0,0,0,0,https://x.com/bobbapil/status/1949469995580408137,['mecimapro'],1,mecimapro,@bobbapil
Dari segi service @.ckstarid 9/10 @.mecimapro minus tak terhingga/10 Pokoknya super tokay,1.94948259646089E+018,2025-07-27 14:50:45+00:00,@choi_eskup,1.87832766742836E+018,in,,1,1,0,1,https://x.com/choi_eskup/status/1949482596460896396,[],0,,@choi_eskup
kapan nih lanjutin ngerefund duit mydaynya @mecimapro #MecimaTuntaskanRefund,1.94973909322901E+018,2025-07-28 07:49:58+00:00,@tararoddablue,2340307934,in,,0,0,4,3,https://x.com/tararoddablue/status/1949739093229023292,['mecimapro'],1,mecimapro,@tararoddablue
Mana refundnya mel @mecimapro Gue hatenya for a reason lho duit gue jutaan lo bawa kabur.,1.94978172606833E+018,2025-07-28 10:39:23+00:00,@oranjinnie,3105942697,in,,0,0,0,0,https://x.com/oranjinnie/status/1949781726068347097,['mecimapro'],1,mecimapro,@oranjinnie
Bentar lagi mau Agustus refund kali. Lama amattt nunggu duit balik @mecimapro,1.94984060467616E+018,2025-07-28 14:33:21+00:00,@faniheol,322441783,in,,0,0,0,0,https://x.com/faniheol/status/1949840604676161749,['mecimapro'],1,mecimapro,@faniheol
Malam ibu @mecimapro YTH. Tolong lebih berusaha untuk upaya pengembalian dana (refund) kami. Jangan hanya omong kosong. Jika ibu masih punya martabat dan hati nurani kami disini menanti pertanggungjawabannya. TOLONG SEGERA REFUND. #KawalRefundMecima #MECIMA_NOT_PROfessional,1.94985820400901E+018,2025-07-28 15:43:17+00:00,@aIlonica,1883700031,in,,0,0,36,18,https://x.com/aIlonica/status/1949858204009029974,['mecimapro'],1,mecimapro,@aIlonica
mana refundnya @mecimapro #MecimaTuntaskanRefund,1.95001305244045E+018,2025-07-29 01:58:35+00:00,@patenbob,1.27435558097547E+018,in,,0,0,3,0,https://x.com/patenbob/status/1950013052440453256,['mecimapro'],1,mecimapro,@patenbob
REFUNDDDDDDDDDDD DAY6 GW REFUNDD!!!!!!!! #MecimaTuntaskanRefund #MECIMA_NOT_PROfessional @mecimapro,1.95006775413379E+018,2025-07-29 05:35:57+00:00,@insilked,8.70701144581954E+017,en,,0,0,0,0,https://x.com/insilked/status/1950067754133807221,['mecimapro'],1,mecimapro,@insilked
kangen duitku yg blm di balikin sama @mecimapro ditunggu refundnya ya mbaakkkk,1.95008324530483E+018,2025-07-29 06:37:31+00:00,@sungjingwanteng,1.23907916563617E+018,in,,0,0,0,0,https://x.com/sungjingwanteng/status/1950083245304844366,['mecimapro'],1,mecimapro,@sungjingwanteng
duit aku mana by @mecimapro,1.95008641055732E+018,2025-07-29 06:50:05+00:00,@xoxojkwp,1.34537739912322E+018,in,,0,0,0,0,https://x.com/xoxojkwp/status/1950086410557337833,['mecimapro'],1,mecimapro,@xoxojkwp
halo bapak ibu yth @mecimapro ayo dong balikin duit gw!!! lama bener elah!!! beneran sampe pier10 udah kelar nih masa blm beres jg tuh verifikasi dukcapil apa begimane?,1.95009925300062E+018,2025-07-29 07:41:07+00:00,@sommersoultice,1.84642039760197E+018,in,,0,0,10,0,https://x.com/sommersoultice/status/1950099253000622475,['mecimapro'],1,mecimapro,@sommersoultice
makasih rf nya @mecimapro,1.95010645546336E+018,2025-07-29 08:09:44+00:00,@kugifushi,1.25193114521148E+018,in,,0,2,0,0,https://x.com/kugifushi/status/1950106455463375308,['mecimapro'],1,mecimapro,@kugifushi
hi refundnya mana @mecimapro,1.95011896358701E+018,2025-07-29 08:59:27+00:00,@peardefsoul,1.09169659263193E+018,in,,0,0,0,1,https://x.com/peardefsoul/status/1950118963587010854,['mecimapro'],1,mecimapro,@peardefsoul
Halo halooo.. bisa kalii dicicil refundnya. Masa blm ada pergerakan sama sekali sih @mecimapro,1.95017087281733E+018,2025-07-29 12:25:43+00:00,@titirhm_,1.54528981716841E+018,in,,0,1,0,0,https://x.com/titirhm_/status/1950170872817344856,['mecimapro'],1,mecimapro,@titirhm_
Mecima kata gw lu cepet refund dulu duit gue cepetan anjir berani2nya lu jualaaaaaaannnnnn @mecimapro,1.95019345846489E+018,2025-07-29 13:55:27+00:00,@wonpilfancc,1.30515511470597E+018,in,,0,1,1,5,https://x.com/wonpilfancc/status/1950193458464899385,['mecimapro'],1,mecimapro,@wonpilfancc
kok kalian gak up line up shi mu itu di sini sih?@mecimapro ,1.95020099874581E+018,2025-07-29 14:25:25+00:00,@eisagyuyaa,1.81013984086606E+018,in,,0,2,0,0,https://x.com/eisagyuyaa/status/1950200998745821670,['mecimapro'],1,mecimapro,@eisagyuyaa
@alllzxx @mecimapro wkwk cemen ah,1.95020217970657E+018,2025-07-29 14:30:07+00:00,@eisagyuyaa,1.81013984086606E+018,in,,0,0,0,0,https://x.com/eisagyuyaa/status/1950202179706589290,"['alllzxx', 'mecimapro']",2,alllzxx,@eisagyuyaa
Beresin refund jangan promosi dulu woy @mecimapro,1.95022804626042E+018,2025-07-29 16:12:54+00:00,@faniheol,322441783,in,,0,0,0,0,https://x.com/faniheol/status/1950228046260424969,['mecimapro'],1,mecimapro,@faniheol
kangen day6 mau konseran day6 lagi tapi biar selesai dulu refundnyaa CEPETAN BALIKIN 5M DUIT MY DAY @mecimapro !!!!!!,1.95023229090027E+018,2025-07-29 16:29:46+00:00,@Dalnimsswi,2392259078,in,,0,0,0,0,https://x.com/Dalnimsswi/status/1950232290900275443,['mecimapro'],1,mecimapro,@Dalnimsswi
semua masalah ini muncul gegara kalian. jahat banget semoga bantal dan kasur kalian panas terus sampe mau tidur juga ngga nyaman @mecimapro,1.95023249564933E+018,2025-07-29 16:30:35+00:00,@Dalnimsswi,2392259078,in,,0,0,0,0,https://x.com/Dalnimsswi/status/1950232495649345703,['mecimapro'],1,mecimapro,@Dalnimsswi
refund day6 FY kelarin juga dong sunshine @mecimapro ,1.95038639835338E+018,2025-07-30 02:42:08+00:00,@youngkkmeng,1.15238964205168E+018,en,,0,0,0,0,https://x.com/youngkkmeng/status/1950386398353383672,['mecimapro'],1,mecimapro,@youngkkmeng
woooyyy lagi santai kawan??? jangan lupa bayar refund eleh eleeeeh @mecimapro,1.95038695101584E+018,2025-07-30 02:44:20+00:00,@TWYWLFTV,1951515212,in,,0,0,1,2,https://x.com/TWYWLFTV/status/1950386951015846192,['mecimapro'],1,mecimapro,@TWYWLFTV
Manifesting dapet kado ultah dari Day6... tapi @mecimapro balikin duitku sebelum september! #MecimaTuntaskanRefund,1.95040594821404E+018,2025-07-30 03:59:49+00:00,@netkirei,56996790,in,,0,0,0,0,https://x.com/netkirei/status/1950405948214042829,['mecimapro'],1,mecimapro,@netkirei
kapan yhhhhhh direfund yang day6 @mecimapro #MecimaTuntaskanRefund,1.95045059476371E+018,2025-07-30 06:57:14+00:00,@samgyeopshal,1.12892576482328E+018,in,,0,0,0,2,https://x.com/samgyeopshal/status/1950450594763722867,['mecimapro'],1,mecimapro,@samgyeopshal
Udah ticketing konser lain tapi duit refund belum masuk jg nih ontiiii @mecimapro,1.95048032706094E+018,2025-07-30 08:55:22+00:00,@dorkminw,1.02131273505151E+018,in,,0,3,2,3,https://x.com/dorkminw/status/1950480327060947446,['mecimapro'],1,mecimapro,@dorkminw
lu kapan mau lanjutin refund @mecimapro,1.95049061003476E+018,2025-07-30 09:36:14+00:00,@sikkeureo,147454427,in,,0,1,3,0,https://x.com/sikkeureo/status/1950490610034774346,['mecimapro'],1,mecimapro,@sikkeureo
halo yang terhormat @mecimapro janji september bukan berarti gaada progress samsek woi,1.95049807584132E+018,2025-07-30 10:05:54+00:00,@checkpatterns,8.35178703483088E+017,in,,0,0,0,0,https://x.com/checkpatterns/status/1950498075841339555,['mecimapro'],1,mecimapro,@checkpatterns
Mohon maaf lahir batin ini ada dendam kesumat sama My Day apa gimanaa @mecimapro ????? REFUND DAY6 KOK MALAH BELOOMMM?????!!!!! https://t.co/eJg7CcGyzd,1.95052751620209E+018,2025-07-30 12:02:53+00:00,@byndi_,48538167,in,,25,4,82,52,https://x.com/byndi_/status/1950527516202107018,['mecimapro'],1,mecimapro,@byndi_
OKE SEKARANG KELARIN REFUNDNYA DAY6 FOREVER YOUNG YAAAA @mecimapro UDAH GA ADA ALASAN LAGI BUAT NUNDA-NUNDA REFUND DUIT MYDAY JUGA!!!! https://t.co/FywbHSYYIN,1.95052816209538E+018,2025-07-30 12:05:27+00:00,@youngkkmeng,1.15238964205168E+018,in,,3,1,22,15,https://x.com/youngkkmeng/status/1950528162095399055,['mecimapro'],1,mecimapro,@youngkkmeng
Villy udh kelar skrng my day @mecimapro,1.95052843670512E+018,2025-07-30 12:06:33+00:00,@dabluedw,1.78849221728129E+018,in,,0,1,0,0,https://x.com/dabluedw/status/1950528436705128489,['mecimapro'],1,mecimapro,@dabluedw
Oke lanjut refund yg day6 yaaa @mecimapro thanks,1.95052983395774E+018,2025-07-30 12:12:06+00:00,@Guffrinahnf,1471270334,in,,0,0,0,0,https://x.com/Guffrinahnf/status/1950529833957744752,['mecimapro'],1,mecimapro,@Guffrinahnf
proses juga dong refund day6 kemarin gaada alasan dong harusnya. ini aja bisa kelar kan? gimanasih @mecimapro itu duit myday dipikir kmren nyarinya gampang? gila bener https://t.co/yeki0n7wRX,1.95053072908099E+018,2025-07-30 12:15:39+00:00,@fullsunienana,1.43381778360784E+018,in,,0,1,5,8,https://x.com/fullsunienana/status/1950530729081008271,['mecimapro'],1,mecimapro,@fullsunienana
@mecimapro mana refund guee kan duluan pengajuan refund day6 . Lu kerja yg bener lah,1.95053078923572E+018,2025-07-30 12:15:53+00:00,@wonpilfancc,1.30515511470597E+018,in,,0,0,0,0,https://x.com/wonpilfancc/status/1950530789235736745,['mecimapro'],1,mecimapro,@wonpilfancc
@mecimapro oi kelarin refund desik,1.95053112363915E+018,2025-07-30 12:17:13+00:00,@dowoonverse,453964461,in,,0,0,14,9,https://x.com/dowoonverse/status/1950531123639152718,['mecimapro'],1,mecimapro,@dowoonverse
@mecimapro HEH CEPET REFUND KONSER DAY6 3 MEI GA bener2 bikin org emosi mulu,1.95053143917248E+018,2025-07-30 12:18:28+00:00,@_stewardkim,1.13013592604936E+018,in,,0,0,0,0,https://x.com/_stewardkim/status/1950531439172497789,['mecimapro'],1,mecimapro,@_stewardkim
refund xh udh beres day6 kapan WOI @mecimapro,1.95053166179352E+018,2025-07-30 12:19:21+00:00,@junhaning,1.46824706117483E+018,in,,0,1,0,0,https://x.com/junhaning/status/1950531661793522155,['mecimapro'],1,mecimapro,@junhaning
@mecimapro tolong segera selesaikan refund FY DAY6 dan kirim album Sungjin ku! Tolong banget ini mah trims ,1.95053247352553E+018,2025-07-30 12:22:35+00:00,@byndi_,48538167,in,,0,0,2,0,https://x.com/byndi_/status/1950532473525539075,['mecimapro'],1,mecimapro,@byndi_
refund day6 kapan kocak @mecimapro,1.95053270360405E+018,2025-07-30 12:23:30+00:00,@jaebeomsfrhead,9.82894552934525E+017,in,,0,0,0,0,https://x.com/jaebeomsfrhead/status/1950532703604060435,['mecimapro'],1,mecimapro,@jaebeomsfrhead
Ga mau salty sama fandom lain Selamat udah tuntas refund nya Tapi ini myday kan ngajuin duluan ya @mecimapro Progres aja ga ada sama sekali mana nunggu sampe september Kalian tuh ga ada pergerakan sama sekali buat myday Ga ada update apa² Aku kira kalian beneran ga ada duit Lah,1.95053346890068E+018,2025-07-30 12:26:32+00:00,@purpleline000,1.67009657781658E+018,in,,0,0,26,41,https://x.com/purpleline000/status/1950533468900696371,['mecimapro'],1,mecimapro,@purpleline000
elu dendam kah sama myday?? tapi se-dendamnya juga itu duit KITA bukan duit ELU balikin @mecimapro,1.95053484357996E+018,2025-07-30 12:32:00+00:00,@coaicd,3146621157,in,,0,1,0,9,https://x.com/coaicd/status/1950534843579969780,['mecimapro'],1,mecimapro,@coaicd
xh doang yg selesai? day6 gimana? myday gimana? @mecimapro @jypnation @day6official,1.95053489886929E+018,2025-07-30 12:32:13+00:00,@xzlailnmf,1.84142961746034E+018,in,,0,0,0,0,https://x.com/xzlailnmf/status/1950534898869309445,"['mecimapro', 'jypnation', 'day6official']",3,mecimapro,@xzlailnmf
orang mah jangan betah2 ngutang @mecimapro punya database yg bener jg dong???,1.95053598947218E+018,2025-07-30 12:36:33+00:00,@hihellotoyou_,1.80996062224915E+018,in,,0,0,0,0,https://x.com/hihellotoyou_/status/1950535989472199148,['mecimapro'],1,mecimapro,@hihellotoyou_
Yang XH udah kelar tinggal yg DAY6. Mau pake alesan apalagi si mecim utk ga kelarin refund day6??? @mecimapro,1.95053665140469E+018,2025-07-30 12:39:11+00:00,@auliarossari,2611783286,in,,0,0,0,1,https://x.com/auliarossari/status/1950536651404705814,['mecimapro'],1,mecimapro,@auliarossari
Refund day6 kapan selesainya ya? Cepetan di beresin wey @mecimapro,1.950538065552E+018,2025-07-30 12:44:48+00:00,@doypikaa,1.39510230691227E+018,in,,0,0,0,0,https://x.com/doypikaa/status/1950538065552015772,['mecimapro'],1,mecimapro,@doypikaa
kak yg xh dh beres yg day6 beresin jg donk buat beli md nich @mecimapro,1.95053862928324E+018,2025-07-30 12:47:03+00:00,@somatcha_,1142058493,in,,0,0,4,3,https://x.com/somatcha_/status/1950538629283254391,['mecimapro'],1,mecimapro,@somatcha_
Buru yg day6 kelarin @mecimapro,1.9505386540545E+018,2025-07-30 12:47:09+00:00,@annizanr,94568108,in,,0,0,0,0,https://x.com/annizanr/status/1950538654054502871,['mecimapro'],1,mecimapro,@annizanr
udah ngancurin kesempatan orang ngejatuhin mental ngerugiin dari segala aspek terus sekarang kalian tahan hak orang lain sejahat itukah? @mecimapro tolong dong itikad baiknya,1.95053869728549E+018,2025-07-30 12:47:19+00:00,@kangbrapage,1.71174610251984E+018,in,,0,0,0,3,https://x.com/kangbrapage/status/1950538697285501079,['mecimapro'],1,mecimapro,@kangbrapage
Punya dendam kesumat lu ye sama myday?? Apa susahnya si tinggal balikin hak mereka @mecimapro,1.95053894669978E+018,2025-07-30 12:48:18+00:00,@jslsblaa,1.18067759624728E+018,in,,0,0,0,0,https://x.com/jslsblaa/status/1950538946699784540,['mecimapro'],1,mecimapro,@jslsblaa
@dyeongpil @mecimapro ngibul mulu lu buruan refund @mecimapro,1.95053940881556E+018,2025-07-30 12:50:08+00:00,@dounootnoot,1891853107,in,,0,0,0,2,https://x.com/dounootnoot/status/1950539408815575503,"['dyeongpil', 'mecimapro', 'mecimapro']",3,dyeongpil,@dounootnoot
konser terangga udah kelar kan? ayo buruan mulai refund day6 @mecimapro ,1.95053961101467E+018,2025-07-30 12:50:57+00:00,@woodes_,9.20094125633944E+017,in,,0,0,0,0,https://x.com/woodes_/status/1950539611014676502,['mecimapro'],1,mecimapro,@woodes_
Duitku sama my day mau dikekepin sampe kapan woii @mecimapro,1.95054054960339E+018,2025-07-30 12:54:40+00:00,@sungjdiniee,1.34262670509401E+018,in,,0,0,1,0,https://x.com/sungjdiniee/status/1950540549603402055,['mecimapro'],1,mecimapro,@sungjdiniee
bener xh udah selesai refund? kalau gitu punya day6 juga direfund segera @mecimapro,1.95054070082895E+018,2025-07-30 12:55:17+00:00,@nyoungwooni,1546001678,in,,0,0,0,0,https://x.com/nyoungwooni/status/1950540700828958866,['mecimapro'],1,mecimapro,@nyoungwooni
BURUAN BALIKIN DUIT MY DAY JUGA WOY @mecimapro JANGAN PURA-PURA GA PUNYA DUIT LU! #MecimaTuntaskanRefund,1.95054091911708E+018,2025-07-30 12:56:09+00:00,@from_kangbra,3266106950,in,,0,0,2,1,https://x.com/from_kangbra/status/1950540919117087186,['mecimapro'],1,mecimapro,@from_kangbra
Terus yang myday kapan? Cepet balikin juga woi @mecimapro,1.95054223700545E+018,2025-07-30 13:01:23+00:00,@naisye,1.5892442837264E+018,in,,0,1,0,0,https://x.com/naisye/status/1950542237005463679,['mecimapro'],1,mecimapro,@naisye
Mau pindah ke Threads kek mau pindah kek Tiktok kek kalau urusan refundnya belum kelar mah kalian bakal dikejar kemanapun ges @mecimapro. Makanya diberesin aja dah refund tu semua kayak gak punya uang aja,1.95054640902485E+018,2025-07-30 13:17:57+00:00,@ngeluhmuluuu,1.16928024953777E+018,in,,3,1,61,70,https://x.com/ngeluhmuluuu/status/1950546409024868804,['mecimapro'],1,mecimapro,@ngeluhmuluuu
Agak skeptis si onoh bilang udah selesaiin refund tp kalo kenyataannya masih bnyk yg belum nerima duitnya gimana tuh??? Trs ya kalo emg bener udah diselesaiin punya MyDay kapan mau dilunasin utangnya??? @mecimapro,1.95054670337264E+018,2025-07-30 13:19:08+00:00,@fourever_youngk,1.75479559473505E+018,in,,0,0,0,1,https://x.com/fourever_youngk/status/1950546703372648851,['mecimapro'],1,mecimapro,@fourever_youngk
@dyeongpil @mecimapro bisa bisanya claim refund selesai sepihak.. ini temen ku belum cek lah lu punya data yg bener @mecimapro,1.95054947718336E+018,2025-07-30 13:30:09+00:00,@areumdawoy,1.48656345758336E+018,in,,0,0,0,2,https://x.com/areumdawoy/status/1950549477183361530,"['dyeongpil', 'mecimapro', 'mecimapro']",3,dyeongpil,@areumdawoy
Refund desik buruan nyet duit gw masih nyantol di rekening lo @mecimapro,1.95055102100634E+018,2025-07-30 13:36:17+00:00,@spheregurl,278891730,in,,0,0,0,0,https://x.com/spheregurl/status/1950551021006344477,['mecimapro'],1,mecimapro,@spheregurl
Seruiss nih refund belum kelar jugaa??! BALIKIN BURU KATA GUA MAH UANG MYDAY @mecimapro #MecimaTuntaskanRefund,1.95055117948359E+018,2025-07-30 13:36:55+00:00,@rahayuwahyu_n,1913543298,in,,0,0,1,1,https://x.com/rahayuwahyu_n/status/1950551179483607320,['mecimapro'],1,mecimapro,@rahayuwahyu_n
@aletterfrompil @mecimapro bingung bgt day6 aja blm kelar tbtb announ xh udh refund semua??,1.95055230978165E+018,2025-07-30 13:41:24+00:00,@drumwoonjin,1.7398280822768E+018,in,,0,0,0,0,https://x.com/drumwoonjin/status/1950552309781660102,"['aletterfrompil', 'mecimapro']",2,aletterfrompil,@drumwoonjin
refund FY kelarin buruan @mecimapro,1.95055535625566E+018,2025-07-30 13:53:31+00:00,@youngkkmeng,1.15238964205168E+018,in,,0,0,0,0,https://x.com/youngkkmeng/status/1950555356255666415,['mecimapro'],1,mecimapro,@youngkkmeng
Mulai refund fy lagi kapan kak? @mecimapro,1.95055562654086E+018,2025-07-30 13:54:35+00:00,@exoloveone_,1.68950913076208E+018,in,,0,0,0,0,https://x.com/exoloveone_/status/1950555626540876159,['mecimapro'],1,mecimapro,@exoloveone_
@jungjunluvr @mecimapro Plis nggak ada bukti transparansi terlampir asal ngomong udah kelar refund. Ini promotor anjlok banget plis pelayanannnya,1.95055724455205E+018,2025-07-30 14:01:01+00:00,@for_aeroide,8.51411160641358E+017,in,,0,0,0,9,https://x.com/for_aeroide/status/1950557244552065499,"['jungjunluvr', 'mecimapro']",2,jungjunluvr,@for_aeroide
EH JANGAN LUPA REFUND DAY6 YA @mecimapro,1.95055798438555E+018,2025-07-30 14:03:57+00:00,@leleebiteu,1.67472936620564E+018,in,,0,0,0,0,https://x.com/leleebiteu/status/1950557984385556761,['mecimapro'],1,mecimapro,@leleebiteu
jir ampe detik ini blm balik jg ni diit gw cuyyy @mecimapro lanjutin refund cepet ngapa buset,1.9505610049052E+018,2025-07-30 14:15:57+00:00,@sungjjiniya,1.80049210058646E+018,in,,0,0,0,0,https://x.com/sungjjiniya/status/1950561004905206162,['mecimapro'],1,mecimapro,@sungjjiniya
lanjutin refund lo ke myday fans nya day6 mel. lo juga myday kan? @mecimapro uang haram jangan dimakan terus.,1.95056168039363E+018,2025-07-30 14:18:38+00:00,@xzlailnmf,1.84142961746034E+018,in,,0,0,0,0,https://x.com/xzlailnmf/status/1950561680393642067,['mecimapro'],1,mecimapro,@xzlailnmf
kirim album gua cim @mecimapro,1.95056342522383E+018,2025-07-30 14:25:34+00:00,@loeyninibear,1.29648332249581E+018,in,,0,0,0,0,https://x.com/loeyninibear/status/1950563425223835875,['mecimapro'],1,mecimapro,@loeyninibear
Mecima @mecimapro ayo cepet balikin duit tiket day6 section orange membership,1.95056586747925E+018,2025-07-30 14:35:17+00:00,@lilstarlildust,1.68441188279766E+018,in,,0,0,0,0,https://x.com/lilstarlildust/status/1950565867479265776,['mecimapro'],1,mecimapro,@lilstarlildust
ntut @mecimapro,1.95056852363951E+018,2025-07-30 14:45:50+00:00,@from_ilyykdwn,1.78050837462461E+018,in,,0,0,0,0,https://x.com/from_ilyykdwn/status/1950568523639517662,['mecimapro'],1,mecimapro,@from_ilyykdwn
buruan selesaiin refund myday sebelum dipanggil tuhan @mecimapro,1.95057308950879E+018,2025-07-30 15:03:59+00:00,@yailahsal,1.2714293876703E+018,in,,0,0,0,0,https://x.com/yailahsal/status/1950573089508790332,['mecimapro'],1,mecimapro,@yailahsal
Mana duit gue ya @mecimapro muak bgt nagih ke lu mulu kebanyakan debitur trus pusing lu ya?,1.95058401260878E+018,2025-07-30 15:47:23+00:00,@neyaonye,40418620,in,,0,0,0,0,https://x.com/neyaonye/status/1950584012608786512,['mecimapro'],1,mecimapro,@neyaonye
Mau bungkam sampai kapan sih akunnya @mecimapro,1.95058655399603E+018,2025-07-30 15:57:29+00:00,@vivrecardo,1.40058966420182E+018,in,,0,0,0,0,https://x.com/vivrecardo/status/1950586553996046786,['mecimapro'],1,mecimapro,@vivrecardo
Wah gila lu @mecimapro ada penonton xdz yg bilang refund belum diterima loh terus kalopun udah diterima semua itu refund myday gimana? Sengaja bikin api kah??,1.95061609569162E+018,2025-07-30 17:54:52+00:00,@dowooonu,1.0607733408964E+018,in,,0,0,0,0,https://x.com/dowooonu/status/1950616095691620551,['mecimapro'],1,mecimapro,@dowooonu
SEMUA AKSES KOMEN LU BLOCK EMAIL KAGA ADA RESPON???? @mecimapro MENDENGAR KELUHAN KONSUMEN DARI MANA LO? ASLI MARAH BANGET GW BANGUN TIDUR GARA2 LO @mecimapro,1.95065869958612E+018,2025-07-30 20:44:10+00:00,@notdstarrynight,1.82010850641199E+018,in,,0,0,0,0,https://x.com/notdstarrynight/status/1950658699586138587,"['mecimapro', 'mecimapro']",2,mecimapro,@notdstarrynight
pagi pagi pagi semangat semua nya kecuali u @mecimapro CEPET REFUND,1.95071140640525E+018,2025-07-31 00:13:36+00:00,@eisagyuyaa,1.81013984086606E+018,in,,0,0,0,0,https://x.com/eisagyuyaa/status/1950711406405259486,['mecimapro'],1,mecimapro,@eisagyuyaa
gajelas lo @mecimapro,1.95072916222795E+018,2025-07-31 01:24:09+00:00,@girinssy,580718723,in,,0,0,0,0,https://x.com/girinssy/status/1950729162227957942,['mecimapro'],1,mecimapro,@girinssy
Gue udah ga follow semua sosmed meshibal jadi ga tau kalau dia ngibul lagi urusan refund. Tobat lu mel mumpung masih hidup @mecimapro,1.95074445144774E+018,2025-07-31 02:24:54+00:00,@Rindoulgyu,154811795,in,,0,0,0,0,https://x.com/Rindoulgyu/status/1950744451447750710,['mecimapro'],1,mecimapro,@Rindoulgyu
kepada pihak @mecimapro mohon segera refund uang saya dan myday lainnya karena sampai detik ini saya belum menerima uang saya.. mohon segera lunasi hutang anda #MecimaBalikinDuitMyday #MECIMA_NOT_PROfessional,1.95074689792227E+018,2025-07-31 02:34:38+00:00,@youngbri93_,1142607786,in,,0,0,1,2,https://x.com/youngbri93_/status/1950746897922285607,['mecimapro'],1,mecimapro,@youngbri93_
Mecima ini aneh. Refund myday baru 20% dia bilang udah 70% refund villain banyak yg belum terima dia bilang udah beres semua. Mau bohongin siapa sih? @mecimapro,1.95076484878421E+018,2025-07-31 03:45:58+00:00,@clownchakras,1.47943511821309E+018,in,,0,1,8,6,https://x.com/clownchakras/status/1950764848784220234,['mecimapro'],1,mecimapro,@clownchakras
gapunya malu lah intinya @mecimapro refund blm tuntas tp udh blg tuntas ky tolol bgt sumpah wkw. uangnya km kemanain sih meilani??,1.95076496338109E+018,2025-07-31 03:46:25+00:00,@ddungddablue,1.12337699407322E+018,in,,0,0,0,0,https://x.com/ddungddablue/status/1950764963381096586,['mecimapro'],1,mecimapro,@ddungddablue
ngisingmu atos le @mecimapro,1.95077746448737E+018,2025-07-31 04:36:05+00:00,@sunugong,1.37107228679552E+018,in,,0,1,0,0,https://x.com/sunugong/status/1950777464487383167,['mecimapro'],1,mecimapro,@sunugong
lupa password x lu ya ? apa tukad ? WOWKWOWK @mecimapro,1.95077911172893E+018,2025-07-31 04:42:38+00:00,@tipzyfirst,1.65687900015182E+018,in,,0,0,0,0,https://x.com/tipzyfirst/status/1950779111728930959,['mecimapro'],1,mecimapro,@tipzyfirst
PLISS DUIT GUAAA WOI @mecimapro ,1.95077955951669E+018,2025-07-31 04:44:25+00:00,@wondhaepil,1.14024771886802E+018,in,,0,0,0,0,https://x.com/wondhaepil/status/1950779559516705124,['mecimapro'],1,mecimapro,@wondhaepil
woi fandom sebelah ko bisa duluan kelar tuh proses rf duit gua rf juga dong cuy @mecimapro keburu ticketing seventeen lagi cok,1.95081492397569E+018,2025-07-31 07:04:56+00:00,@jwmatcha_,1.73584729430476E+018,in,,0,0,0,0,https://x.com/jwmatcha_/status/1950814923975708714,['mecimapro'],1,mecimapro,@jwmatcha_
ayo selesaikan refund nya @mecimapro,1.95082798772693E+018,2025-07-31 07:56:51+00:00,@xzlailnmf,1.84142961746034E+018,in,,0,0,0,0,https://x.com/xzlailnmf/status/1950827987726942281,['mecimapro'],1,mecimapro,@xzlailnmf
eh gila buruan refund orange east gak kesampaian itu @mecimapro,1.950830440623E+018,2025-07-31 08:06:36+00:00,@bichulyeoja,1.39338440195893E+018,in,,0,0,0,0,https://x.com/bichulyeoja/status/1950830440623005847,['mecimapro'],1,mecimapro,@bichulyeoja
