full_text,id_str,created_at,username,user_id_str,lang,location,quote_count,reply_count,retweet_count,favorite_count,tweet_url,mentions,mention_count,source,target
Fakta-fakta DAY6 yang Bakal Konser di Tiga Kota di Indonesia https://t.co/H8KAiLzktM #TempoSeleb,1.83850946290008E+018,2024-09-24 09:23:08+00:00,tempodotco,18129942,in,Indonesia,0,0,0,1,https://x.com/tempodotco/status/1838509462900085114,,0,tempodotco,
temen kantor w yang suka day6 dan jarang ngetweet mau ngasih freebies pas konser terus w bilang biasanya nanti yang terima freebies suka ngajak mutualan di twitter terus dia bilang kalo gw kasih LinkedIn gw aja boleh ga? nanti ngobrolnya di LinkedIn ,1.83852528839051E+018,2024-09-24 10:26:01+00:00,bandeusshi,8.45280822189948E+017,in,,762,94,1597,16876,https://x.com/bandeusshi/status/1838525288390512761,,0,bandeusshi,
halooo temen-temen myday kalo masih bingung mau makan apa di konser surabaya nanti bisa cus pesen di aku yaah jangan sampai kelaparan #DAY6_FOREVER_YOUNG_Indonesia #DAY6_FOREVER_YOUNG_Surabaya,1.83857931039713E+018,2024-09-24 14:00:41+00:00,cachoonne,8.77737074174024E+017,in,24,0,0,0,0,https://x.com/cachoonne/status/1838579310397149310,,0,cachoonne,
ini detail dan spesifikasi contoh desainnya yaa form pesan: https://t.co/ynaJqaAett #DAY6 #emoney #DAY6_3RD_WORLDTOUR #DAY6_FOREVER_YOUNG_Indonesia https://t.co/t0MV2gf22F,1.83887415341347E+018,2024-09-25 09:32:17+00:00,madsimad,44855315,in,,0,0,0,0,https://x.com/madsimad/status/1838874153413489100,,0,madsimad,
yang bikin tiket konser DAY6 pantas untuk dibeli: 1. musikalitas DAY6. sensasi nonton penampilan DAY6 secara langsung gak akan tergantikan dengan rekaman video/foto 2. visualnya park sungjin. gak bisa ketangkap kamera soalnya harus liat langsung https://t.co/WxTWoU7Q2g,1.838901364443E+018,2024-09-25 11:20:25+00:00,youngcyow,1.1311974457051E+018,in,,25,5,152,517,https://x.com/youngcyow/status/1838901364443005121,,0,youngcyow,
FREEBIES FOREVER YOUNG SURABAYA by @hi_yeppeosseo Hand Mirror &amp; Pas foto. ️ limited quantity ️ Oct. 16 2024 JAWA POS ARENA SBY Kalau ketemu sapa aja yaa Maafkan gabisa buat template bagus #DAY6_3RD_WORLDTOUR #DAY6_FOREVER_YOUNG_SURABAYA https://t.co/ziiiSwax5k,1.83952648825492E+018,2024-09-27 04:44:26+00:00,hi_yeppeosseo,545770832,in,97's,5,37,190,277,https://x.com/hi_yeppeosseo/status/1839526488254939466,hi_yeppeosseo,1,hi_yeppeosseo,hi_yeppeosseo
Jelang Konser di 3 Kota DAY6 Beri Pantun untuk My Day Indonesia https://t.co/W17K1sp0sK https://t.co/lFU5vT1ucB,1.83993572600964E+018,2024-09-28 07:50:36+00:00,kompascom,23343960,in,Jakarta,1,0,1,2,https://x.com/kompascom/status/1839935726009655768,,0,kompascom,
@asaanamii Hai aku Sungjin dari Day6 yang bentar lagi bakalan konser ke Indonesia di 3kota ,1.83999318206461E+018,2024-09-28 11:38:54+00:00,Harutonih,1.71014362387732E+018,in,Royale Romain — Ziyana — 4NS0S,1,0,0,0,https://x.com/Harutonih/status/1839993182064611431,asaanamii,1,Harutonih,asaanamii
Tiket Konser di Tiga Kota di Indonesia Sold Out Member DAY6 Kasih Gombalan Maut Buat MYDAY https://t.co/rr4QGB3AsB,1.84003274269803E+018,2024-09-28 14:16:06+00:00,VIVAcoid,41730943,in,,0,0,2,1,https://x.com/VIVAcoid/status/1840032742698037661,,0,VIVAcoid,
Hai hai yg dari denpasar adakah yg nonton konsernya day6 di nusa dua oktober nanti?? Sapa tau bisa barengan biar ada temen #day6_forever_young_indonesia #day6_forever_young_bali,1.84030374018593E+018,2024-09-29 08:12:57+00:00,_sDew6,121673361,in,"Denpasar, Bali",0,1,0,1,https://x.com/_sDew6/status/1840303740185940230,,0,_sDew6,
Hi My Day~ Siapa nih yang udah gak sabar untuk nonton konser #DAY6 ️‍️‍ Tungguin info keseruan project kita tanggal 1 oktober ya! #Forever_Us #DAY6_FOREVER_YOUNG_Indonesia,1.84031341983421E+018,2024-09-29 08:51:25+00:00,dfi_official,1.06594522871504E+018,in,Indonesia,0,0,5,6,https://x.com/dfi_official/status/1840313419834216690,,0,dfi_official,
#DAY6_FOREVER_YOUNG_Indonesia Masih ada slot yaa https://t.co/NjOTtY3DqT,1.84033118122692E+018,2024-09-29 10:01:59+00:00,keyboardwon94,1.76506792828909E+018,in,,0,0,0,0,https://x.com/keyboardwon94/status/1840331181226938498,,0,keyboardwon94,
Mbanya baru pertama kali ni ingin buat FREEBIES - DAY6 Forever Young Surabaya (16.10.24) Limited qty What you'll get: 1 keychain random member 1 sachet honey Just say hi ke mba2 berompi ijo. See ya #DAY6_Forever_Young_Surabaya #DAY6_3RD_WORLDTOUR #FOREVER_YOUNG https://t.co/Yv9MJaPQYo,1.84034122338059E+018,2024-09-29 10:41:54+00:00,septianiii,54525049,in,Jakarta,4,7,115,142,https://x.com/septianiii/status/1840341223380590942,,0,septianiii,
Freebies DAY6 3RD WORLD TOUR &lt;FOREVER YOUNG&gt; in SURABAYA By : @Reegyeomie Jawa Pos Arena ⏰ TBA (Agak sorean brgkt nonton balik kerja) Jgn malu Say Hi kalo budeg tepuk aj First come first get Kindly tag me if u get ya RT+Like are apreciated #DAY6_FOREVER_YOUNG_SURABAYA https://t.co/6mPMtuICiK,1.8403567981944E+018,2024-09-29 11:43:47+00:00,Reegyeomie,1.07591785395655E+018,en,,4,8,105,142,https://x.com/Reegyeomie/status/1840356798194417915,Reegyeomie,1,Reegyeomie,Reegyeomie
Masih merinding gegara mau upload laporan blnan td malem disambi jaga eh terpantau ada email @mecimapro Makasih ya kak @hiitsmeadrie @yaamiiyuukii see you soon lah @day6official #DAY6_3RD_WORLDTOUR_INDONESIA #DAY6_FOREVER_YOUNG_INDONESIA #DAY6inSURABAYA2024,1.84057126632514E+018,2024-09-30 01:56:00+00:00,minliand,9.49566706472504E+017,in,Heaven of Earth ,0,2,1,0,https://x.com/minliand/status/1840571266325159969,"mecimapro,hiitsmeadrie,yaamiiyuukii,day6official",4,minliand,mecimapro
Sungguh semenjak problematika ytta kelar &amp; Sungjin balik gue gaada worry samsek fangirling Day6. Even kalaupun mereka gak naik daun kayak sekarang all worries udah ter-eliminate tinggal duduk manis nunggu lagu2 baru &amp; nunggu konser Worry nya tinggal ke rekening gue aja sih ,1.84063195712807E+018,2024-09-30 05:57:10+00:00,nanuneo,2831346234,in,,30,5,114,444,https://x.com/nanuneo/status/1840631957128086002,,0,nanuneo,
Hi Myday Minstradamus akan ngider sekitar venue untuk jualan aneka printilan untuk konser jangan lupa cari kita ya ada freebies lucu buat myday bali. isinya akan kita spill minggu ini #DAY6 #데이식스 #DAY6_3RD_WORLDTOUR #DAY6_FOREVER_YOUNG_INDONESIA #DAY6inBALI #MYDAYBALI https://t.co/WhkvvB6Bny,1.84064557124327E+018,2024-09-30 06:51:16+00:00,cumapecintakpop,1.82736584876143E+018,in,📍Bali,0,0,0,1,https://x.com/cumapecintakpop/status/1840645571243282444,,0,cumapecintakpop,
Kke siap bertemu bapak youngk. #myday please say hi day2 jkt here we comeeeeee #DAY6_FOREVER_YOUNG_Indonesia https://t.co/1PBuzUmCg8,1.84066542652057E+018,2024-09-30 08:10:10+00:00,bbymyday,247686002,in,Indonesia,0,0,0,0,https://x.com/bbymyday/status/1840665426520576473,,0,bbymyday,
halooo temen-temen myday kalau bingung mau makan siang apa di konser surabaya nanti jangan lupa ikutan PO makanan aku yaa cuma 25k aja include makanan + alat makan + air mineral + freebies praktis &amp; anti ribet gak akan lemes deh ketemu ayang #DAY6_FOREVER_YOUNG_Indonesia https://t.co/dRTfdJtAxj,1.84075368272984E+018,2024-09-30 14:00:52+00:00,cachoonne,8.77737074174024E+017,in,24,0,0,0,0,https://x.com/cachoonne/status/1840753682729844813,,0,cachoonne,
Kagak ada yg mau neh mau liat youngk domestic version alias mau pindah ke pink huhu ayo dong ceu ceu #DAY6_FOREVER_YOUNG_Indonesia @DAY6TradingINA,1.84099406147978E+018,2024-10-01 05:56:02+00:00,madedidu,117402549,in,storybrooke,0,0,1,0,https://x.com/madedidu/status/1840994061479788601,DAY6TradingINA,1,madedidu,DAY6TradingINA
Kalian tuh dateng ke konser mau ngehype konsernya atau ngehype fanprojectnya sih?? Tujuan utama buat dateng ke konser day6 tuh liat perform member apa liat fanproject?? ,1.84130005247794E+018,2024-10-02 02:11:56+00:00,sungddeenly,1.17388423716379E+018,in,,63,8,168,479,https://x.com/sungddeenly/status/1841300052477956470,,0,sungddeenly,
Gils.. okt ini wiken gw full of konser. 5okt : citycamp indonesia arena jkt 12-13: online concert SVT Goyang 20 okt: day6 concert di BCIS ancol (kalo hoki free-an dari bos dpt yg tgl 19 bs nonton 2hari) fufufufufu... Uda ky cegils.. lol..,1.84131890692716E+018,2024-10-02 03:26:52+00:00,kakachan_10,79113872,in,Jakarta,0,0,0,0,https://x.com/kakachan_10/status/1841318906927161568,,0,kakachan_10,
Sederet Artis Korea Ini Gelar Konser Serempak di Indonesia pada Oktober 2024 Ada Day6 https://t.co/VybPQyCBIQ,1.84141172453421E+018,2024-10-02 09:35:41+00:00,BeautynesiaID,1.67144189490221E+018,in,,0,0,0,0,https://x.com/BeautynesiaID/status/1841411724534218846,,0,BeautynesiaID,
10 cm ailee 2ne1 taemin day6 udah mau konser di Indonesia. AKMU kapan.... ,1.84141707314003E+018,2024-10-02 09:56:56+00:00,tansky_,172978781,in,,0,0,0,0,https://x.com/tansky_/status/1841417073140048336,,0,tansky_,
Bismillahirrahmanirrahimmmmmm semoga lancar jaya semua semuanyaa day6 bisa enjoy Indonesia Tour dan mydays bisa nikmatin konser to the fullest &lt;33333 See you @day6official &amp; INA mydays!!,1.84143689245963E+018,2024-10-02 11:15:42+00:00,dindhaesica,123826525,in,,0,0,0,0,https://x.com/dindhaesica/status/1841436892459630926,day6official,1,dindhaesica,day6official
halo gais mau tanya QN DAY6 mcp membership section green ada yang belum di email qn nya belum yaa? soalnya temenku belum dapet qn #DAY6_3RD_WORLDTOUR #DAY6_forever_young_indonesia,1.84145785409364E+018,2024-10-02 12:38:59+00:00,blueeemark82,374373999,in,"Jakarta Barat, DKI Jakarta",0,1,0,0,https://x.com/blueeemark82/status/1841457854093656158,,0,blueeemark82,
halooo temen-temen myday kalau masih bingung mau makan siang apa di konser surabaya nanti ikutan PO makanan aku aja yuukk dijamin rasanya enak praktis dan anti ribet jadi kalian bisa have fun deh ketemu ayang #DAY6_FOREVER_YOUNG_Indonesia https://t.co/KPHy6e7YCR,1.84147844192683E+018,2024-10-02 14:00:48+00:00,cachoonne,8.77737074174024E+017,in,24,0,0,0,1,https://x.com/cachoonne/status/1841478441926836268,,0,cachoonne,
Ada ngga yah yang mau ke venue naik motor aja barengan dari daerah cipete atau pondok indah jaksel gitu. Soalnya gua kapok ke bcis naik krl pulangnya ngga sanggup wkwkwk #DAY6_FOREVER_YOUNG_INDONESIA,1.84149998402766E+018,2024-10-02 15:26:24+00:00,kji2088,1.36131205936376E+018,in,,0,0,0,0,https://x.com/kji2088/status/1841499984027668610,,0,kji2088,
 DAY6 Forever Young Freebies Aku akan bagi-bagi Day6 morse code bracelet di Bali and Surabaya stop. Limited quantity. Buat yang dapat/terima semoga suka dan boleh langsung dipakai. Tolong di keep ya jangan dibuang #DAY6_FOREVER_YOUNG_BALI #DAY6_FOREVER_YOUNG_SURABAYA https://t.co/ZiNfd7Cw6l,1.84165782834972E+018,2024-10-03 01:53:37+00:00,krisseyo,1.00605823154895E+018,in,,11,28,157,336,https://x.com/krisseyo/status/1841657828349722657,,0,krisseyo,
Guys... Yg nonton konser Day6 di Bali sapa aja nich mutual aku...?? Bareng yukkk... #day6 #데이식스 #DAY6_3RD_WORLDTOUR #day6inbali #DAY6_FOREVER_YOUNG_Indonesia #DAY6_FOREVER_YOUNG_BALI,1.84168477076773E+018,2024-10-03 03:40:40+00:00,TimeOfOurLife86,1.07357288219695E+018,in,"Bali, Indonesia",0,0,0,0,https://x.com/TimeOfOurLife86/status/1841684770767740987,,0,TimeOfOurLife86,
Pengen buat freebies juga tapi bingung ya Allah... Kek manaaa... Ini tuh first time bgt nonton konser day6 Tulunggggg guys... #day6 #데이식스 #DAY6_3RD_WORLDTOUR #day6inbali #DAY6_FOREVER_YOUNG_Indonesia #DAY6_FOREVER_YOUNG_BALI,1.84168518952281E+018,2024-10-03 03:42:20+00:00,TimeOfOurLife86,1.07357288219695E+018,in,"Bali, Indonesia",0,3,0,0,https://x.com/TimeOfOurLife86/status/1841685189522817536,,0,TimeOfOurLife86,
Day6 abis manggung di malaysia gak balik ke seoul lg kah? Mereka langsung ke indonesia liburan di bali trus lanjut konser 4 hari gitu? Wkwkwk,1.84178090173234E+018,2024-10-03 10:02:40+00:00,dowoondoun,1.41535263695027E+018,in,,0,7,0,8,https://x.com/dowoondoun/status/1841780901732352167,,0,dowoondoun,
Sumpah masih sakit aq sama ini akun penipu Semoga lu cepet MATI MAKAN UANG HARAM REISSYLIA SAFIRA LU NCTZEN SEMOGA LU CEPET KENA KARMA DARI HASIL LU NIPU #DAY6_FOREVER_YOUNG_Indonesia #DAY6 #DAY6_SURABAYA #scammertiket https://t.co/yhWW5HI5ys,1.84181532553871E+018,2024-10-03 12:19:27+00:00,Gie27262562,1.2895109212163E+018,in,,0,0,0,0,https://x.com/Gie27262562/status/1841815325538713866,,0,Gie27262562,
Day6 tuh semacam enjoy ya di indonesia kalo dilihat dr riwayat konser mereka jadi jarang banget buru-buru pulang. Karena biasanya konser mulai sore tuh kalo artisnya ngejar flight malam begitcuuu,1.84185978141984E+018,2024-10-03 15:16:06+00:00,siwsalabim,108815266,in,,0,0,0,0,https://x.com/siwsalabim/status/1841859781419847847,,0,siwsalabim,
안녕! Buat MayDay yang nonton DAY6 3RD WORLD TOUR &lt;FOREVER YOUNG&gt; in Jakarta yang Day 2 sudah di email e-ticket kah? Soalnya aku belum di email jg nih 고마워 #DAY6_FOREVER_YOUNG_Jakarta @mecimapro,1.84187548720085E+018,2024-10-03 16:18:31+00:00,suka__korea,1465621568,in,,0,0,0,0,https://x.com/suka__korea/status/1841875487200862363,mecimapro,1,suka__korea,mecimapro
HELP RT My Day Ada yg mau take over penginapan aku di surabaya D Rainbow Homestay Price : 306k /nego harga lagi boleh sampai jadi 800m dari DBL Arena Surabaya 16-17 oktober 2024. (1 hari) Alasan dijual : aku jadinya nonton di Bali #DAY6 #DAY6_FOREVER_YOUNG_Surabaya,1.84204634985819E+018,2024-10-04 03:37:28+00:00,venteusenuna,89385729,in,"Cianjur, Indonesia",0,1,0,0,https://x.com/venteusenuna/status/1842046349858197994,,0,venteusenuna,
Kalo habit di fandom lama/konser sebelumnya harus barricade qn 1 digit harga mati yo monmap aje di myday culturenya gak gitu. Disini cuma mau nikmatin konser dan karaokean bareng makanya ada kalimat There's no bad seats in Day6's concert ,1.84204706427823E+018,2024-10-04 03:40:18+00:00,sungjiniesm,1.08601647771342E+018,in,21+ selective,31,1,143,528,https://x.com/sungjiniesm/status/1842047064278237518,,0,sungjiniesm,
Itu jg kan yg jadi alasan kenapa banyak nonfans yg pengen ke konser day6. Karena yg mereka lihat konsernya seru myday kompak nyanyi bareng rapi dan tertib dan katanya mau meluapkan beban hidup di konser wkwk caranya gimana biar bisa seru? Ya mari patuhi manner guidenya.,1.84204706787275E+018,2024-10-04 03:40:19+00:00,sungjiniesm,1.08601647771342E+018,in,21+ selective,11,1,40,234,https://x.com/sungjiniesm/status/1842047067872755835,,0,sungjiniesm,
Sama aja guys ternyata tiketing konser DAY6 di Indonesia di Malaysia sama2 se-susah itu emg ,1.84208292412201E+018,2024-10-04 06:02:48+00:00,mykyle_,1.6152152972624E+018,in,BY:D 💚 & My Day 🍀,0,0,0,0,https://x.com/mykyle_/status/1842082924122018040,,0,mykyle_,
cmiiw ya setau ak anak anak jyp klo konser malem itu juga yg mulai sore kmarin karena shi? tp cmiiw ya lmk klo anak jyp ada yg konser sore oiya ini di Indonesia ya ^__^ klo ada yg bilang day6 konser di kl mulai nya sore ini ak lagi ngomongin di Indonesia bukan negara lain,1.84208399408057E+018,2024-10-04 06:07:03+00:00,aynmeow,7.68671326693457E+017,in,"⠈⠛⢻⡏⠀⠀⠀⠀⠀⢹⡟⠛⠁talk about: 아인 & 유신우_x000D_
⠀⠀⣿⠀⠀⢀⣀⡀⠀⠀⣿⠀   ♡🥛my sweetest duo !_x000D_
⠀⠀⠈⠛⠛⠋⠉⠙⠛⠛⠁⠀   𓄲 ☆ pinkish energy 🍭",0,0,0,0,https://x.com/aynmeow/status/1842083994080575697,,0,aynmeow,
@Fullsunsunfwl @starfess Judulnya happy. Yang nyanyi day6 yang seminggu lagi konser 4 hari di Indonesia ,1.84210581986278E+018,2024-10-04 07:33:46+00:00,viaznia,1.44485099501236E+018,in,,0,0,0,1,https://x.com/viaznia/status/1842105819862798742,"Fullsunsunfwl,starfess",2,viaznia,Fullsunsunfwl
TRIP KONSER BOGOR - DAY6 in JAKARTA by @ConcertMateID Bogor Citeureup Sentul Ciawi ↔️ BCIS 170k ️ belum termasuk tiket Ancol (+28k) ️ https://t.co/Me5eYdkiWV 19 Okt: 10 available 20 Okt: 18 available https://t.co/KsmHW1k0R6 #DAY6_FOREVER_YOUNG_Indonesia https://t.co/xuisR3foOq,1.84246292118995E+018,2024-10-05 07:12:46+00:00,eidohlony,1.61134744753998E+018,in,Jjimjilbang,0,0,0,0,https://x.com/eidohlony/status/1842462921189962058,ConcertMateID,1,eidohlony,ConcertMateID
D-14! cuma bisa bismillah aja lah #DAY6_3RD_WORLDTOUR #DAY6_FOREVER_YOUNG_Indonesia https://t.co/pYq0foK2xh,1.84250500910511E+018,2024-10-05 10:00:00+00:00,maarsple,1.33228130957449E+018,in,,0,1,0,0,https://x.com/maarsple/status/1842505009105117543,,0,maarsple,
malam temen-temen siap tau ada yg cari trip Cibubur yuk boleh tanya-tanya dulu PP 185k (included tiket Ancol) (DAY 2) DP 50% Testi cek pin #DAY6_FOREVER_YOUNG_Indonesia,1.84253928015522E+018,2024-10-05 12:16:11+00:00,biru_tripkonser,1.74400591219568E+018,in,"Jakarta Timur, DKI Jakarta",0,1,0,0,https://x.com/biru_tripkonser/status/1842539280155234402,,0,biru_tripkonser,
Sayang sekali venue Day6 yang (harusnya) bisa begini tahun ini di Indonesia cuma di DBL Arena. Ngapaiiiin pada ngadain konser di BCIS sih? ,1.84260430983139E+018,2024-10-05 16:34:36+00:00,sakabmw,80051157,in,,0,1,0,0,https://x.com/sakabmw/status/1842604309831401513,,0,sakabmw,
Myday! Kita ready kipas kerang kayak gini ya ada per member / grup. Bahan stiker premium + laminasi glosi. Bisa cod di venue konser Bali Price 15k/ pcs aja. Jgn lupa ada freebies juga #DAY6 #데이식스 #DAY6_3RD_WORLDTOUR #DAY6_FOREVER_YOUNG_INDONESIA #DAY6inBALI #MYDAYBALI https://t.co/XSrOkDlKb2,1.84260595505967E+018,2024-10-05 16:41:08+00:00,cumapecintakpop,1.82736584876143E+018,in,📍Bali,0,0,0,0,https://x.com/cumapecintakpop/status/1842605955059679338,,0,cumapecintakpop,
MOANA memiliki streamer yg kuat (contohnya di Spotify) kami jg aktif streaming Youtube pasar Kpop jg cukup besar di Indonesia (bisa lihat NCT &amp; SuJu). Seharusnya @BIGHIT_MUSIC bisa belajar dr konser DAY6 di Indo (2 hari di weekend) bahkan diselenggarakan di 3 kota Indonesia https://t.co/LpbZqjOCyv,1.84261005964755E+018,2024-10-05 16:57:26+00:00,hyukais_mine,1.51955439148506E+018,in,00L (she/her),0,1,29,64,https://x.com/hyukais_mine/status/1842610059647562148,BIGHIT_MUSIC,1,hyukais_mine,BIGHIT_MUSIC
YUK SEGERA BOOKING ‼️ SLOT MASIH AVAILABLE #DAY6_3RD_WORLDTOUR #DAY6_FOREVER_YOUNG_Indonesia https://t.co/PY7xPgXVe5,1.84261549201364E+018,2024-10-05 17:19:02+00:00,brushedbyrara,1.84255064898392E+018,in,"Tangerang, Indonesia",0,0,0,0,https://x.com/brushedbyrara/status/1842615492013658293,,0,brushedbyrara,
MANIFESTING YUK BISA YUK KONSER DAY6 DI INDONESIA ARENA PLISSSSSSS,1.84262443724352E+018,2024-10-05 17:54:34+00:00,zweivierachts,1.76066587780315E+018,in,,0,0,0,0,https://x.com/zweivierachts/status/1842624437243527487,,0,zweivierachts,
Yuk custom fanboard utk konser kalian! #ZEROBASEONEINJAKARTA #ZB1INJAKARTA #DAY6inJAKARTA #Day6inBALI #DAY6inSURABAYA #DAY6_FOREVER_YOUNG_INDONESIA #TAEMIN_WORLD_TOUR_IN_JKT #Ephemeral_GazeinJKT,1.84279700412219E+018,2024-10-06 05:20:17+00:00,chamhorangie,9.17967124395708E+017,in,,0,0,0,0,https://x.com/chamhorangie/status/1842797004122190101,,0,chamhorangie,
untuk 5 orang pertama ada free official photocard random yaaa #DAY6 #데이식스 #DAY6_FOREVER_YOUNG_Indonesia https://t.co/tosNEf9sP5,1.84280894519237E+018,2024-10-06 06:07:44+00:00,sellbuybyay,1.41081867011315E+018,in,"BKS, INA",0,0,0,0,https://x.com/sellbuybyay/status/1842808945192382555,,0,sellbuybyay,
 penampakan keychain #Day6 #DAY6_FOREVER_YOUNG_Indonesia #DAY6inJakarta #DAY6inJKT #DAY6inSurabaya #DAY6inSBY https://t.co/JiD87eza3W,1.84283444152335E+018,2024-10-06 07:49:03+00:00,budakduwit,1.31100181860063E+018,in,,0,1,0,0,https://x.com/budakduwit/status/1842834441523351813,,0,budakduwit,
 penampakan pc n sticker set #Day6 #DAY6_FOREVER_YOUNG_Indonesia #DAY6inJakarta #DAY6inJKT #DAY6inSurabaya #DAY6inSBY https://t.co/lrnv8aCmbL,1.8428345386005E+018,2024-10-06 07:49:26+00:00,budakduwit,1.31100181860063E+018,in,,0,0,0,0,https://x.com/budakduwit/status/1842834538600518101,,0,budakduwit,
Manifesting tahun depan day6 konser di indonesia arena xh konser di tendor ,1.84283915257397E+018,2024-10-06 08:07:46+00:00,Keyoungmas,1.25226263257415E+018,in,,0,0,0,0,https://x.com/Keyoungmas/status/1842839152573984786,,0,Keyoungmas,
[HELP RT] Haii MyDay Surabaya Yuuk buat yg mau ikut PO makan di aku bisa isi form dibawah ya Jgn takut kelaperan waktu nonton konser biar semangat sing a long ^^ #DAY6_FOREVER_YOUNG_SURABAYA #DAY6_3RD_WORLDTOUR https://t.co/u9tJWrUenI https://t.co/Xhj7SVEsqg,1.84292200104191E+018,2024-10-06 13:36:59+00:00,dytcul1,1.1763056227086E+018,in,,2,0,1,0,https://x.com/dytcul1/status/1842922001041912263,,0,dytcul1,
haloo myday kalau masih bingung mau makan siang apa di konser surabaya nanti boleh banget yuk cobain rice bowl kami cuma 25k aja udah komplit dapet air mineral juga jadi kalian bisa mam sebelum masuk gate biar gak kelaperan waktu ngonser nanti #DAY6_FOREVER_YOUNG_Indonesia https://t.co/YmQCX9xxuB,1.84292799929933E+018,2024-10-06 14:00:49+00:00,cachoonne,8.77737074174024E+017,in,24,0,0,1,0,https://x.com/cachoonne/status/1842927999299334199,,0,cachoonne,
Siapa tau ada give away tiket day6 huhu.. Mau banget ih #DAY6_FOREVER_YOUNG_Indonesia,1.84296738720705E+018,2024-10-06 16:37:20+00:00,donshawol,173078757,in,INDONESIA,0,0,0,0,https://x.com/donshawol/status/1842967387207069930,,0,donshawol,
temen temen yg cari PO makanan buat sebelum konseran bisa langsung order disini eahhhhh. murah meriah di anter ke venue #DAY6_FOREVER_YOUNG_SURABAYA,1.84313625723865E+018,2024-10-07 03:48:22+00:00,piupiupiu__,9.32890862614232E+017,in,"ɴᴇᴏᴄɪᴛʏ, ᴄᴀʀᴀᴛʟᴀɴᴅ",0,0,1,1,https://x.com/piupiupiu__/status/1843136257238659127,,0,piupiupiu__,
@nonunanaa Maklum banget DAY6 ini musiknya dicintai sama banyak kalangan even bukan My Day ajam antusias sama konser DAY6 di Indonesia Tapi minimal mikir sih tujuannya dateng ke konser DAY6 tapi bawa ls fandom lain apa? Bahkan DK Seventeen aja ga bawa tuh caratbong. Sampe sini paham kan?,1.84324355585236E+018,2024-10-07 10:54:44+00:00,D2gh_arief,196087320,in,Jakarta Capital Region,0,0,5,58,https://x.com/D2gh_arief/status/1843243555852370158,nonunanaa,1,D2gh_arief,nonunanaa
Myday Surabaya ada promo nihh yuukk ikut PO buat tgl 16 Oktober 2024 kita hadir di Jawa Pos Arena (DBL) yaah yg mau mam buat konser lgsg isi form dibawah ^^ https://t.co/u9tJWrUenI #DAY6_FOREVER_YOUNG_SURABAYA #DAY6_3RD_WORLDTOUR https://t.co/UOGhXWfVct,1.84360899409678E+018,2024-10-08 11:06:51+00:00,dytcul1,1.1763056227086E+018,in,,3,0,3,3,https://x.com/dytcul1/status/1843608994096787565,,0,dytcul1,
guyss ada yang cari ots atau ke venue meskipun ga dpt tiket gk pas konser day6 sby??? #DAY6_FOREVER_YOUNG_Indonesia #DAY6_3RD_WORLDTOUR #DAY6,1.84381266569898E+018,2024-10-09 00:36:10+00:00,Taeggart_parkeu,9.98437011055783E+017,in,02z,0,1,0,0,https://x.com/Taeggart_parkeu/status/1843812665698988307,,0,Taeggart_parkeu,
Huhu happy sekali kalau dapet chat gini dari buyerku #DAY6_FOREVER_YOUNG_Indonesia https://t.co/bp3KtnB3v4,1.84384656981012E+018,2024-10-09 02:50:53+00:00,PJHOONIEE_,1.50290825245913E+018,in,,0,0,0,0,https://x.com/PJHOONIEE_/status/1843846569810137269,,0,PJHOONIEE_,
Ada yang mau butterfly confetti For day6 surabaya bali jakarta? #DAY6 #데이식스 #DAY6_3RD_WORLDTOUR #DAY6_FOREVER_YOUNG_INDONESIA #DAY6inBALI #MYDAYBALI https://t.co/yaYjXXw5fV,1.84387872030369E+018,2024-10-09 04:58:39+00:00,niagtyna,9.43780881499528E+017,in,,1,6,0,8,https://x.com/niagtyna/status/1843878720303706466,,0,niagtyna,
 TRIP KONSER BOGOR - DAY6 in JAKARTA by @ConcertMateID Bogor Citeureup Sentul Ciawi ↔️ BCIS ️ https://t.co/Me5eYdkiWV 170k ️ belum termasuk tiket Ancol (+28k) 19 Okt: 7 available 20 Okt: 10 available https://t.co/KsmHW1k0R6 #DAY6_FOREVER_YOUNG_Indonesia https://t.co/dTzUD1GQAQ,1.84391487237298E+018,2024-10-09 07:22:18+00:00,eidohlony,1.61134744753998E+018,in,Jjimjilbang,0,0,0,0,https://x.com/eidohlony/status/1843914872372998236,ConcertMateID,1,eidohlony,ConcertMateID
Sudah siap ketemu DAY6 KLovers? BALI NUSA DUA CONVENTION CENTER 13 OKTOBER 2024 6:30 PM WITA #DAY6 #DAY6_FOREVER_YOUNG_Indonesia #DAY6_FOREVER_YOUNG_Bali #kapanlagikorea #KLK_ps https://t.co/WRhROTDzsJ,1.84391718509127E+018,2024-10-09 07:31:29+00:00,KapanlagiKorea,1.16479621224915E+018,in,Indonesia,0,0,1,2,https://x.com/KapanlagiKorea/status/1843917185091285093,,0,KapanlagiKorea,
Halo My Day sudah gak sabar dong dengan konser spesial dari band pop-rock asal Korea Selatan. Konser bertajuk DAY6 3RD WORLD TOUR &lt;FOREVER YOUNG&gt; ini dipromotori oleh @mecimapro. Konser DAY6 di Indonesia kali ini spesial karena akan digelar di 3 kota yaitu Bali Jakarta dan https://t.co/tLVTTZ3ga2,1.84394774875808E+018,2024-10-09 09:32:56+00:00,tvOneNews,55507370,in,"Pulo Gadung, Indonesia",0,0,0,1,https://x.com/tvOneNews/status/1843947748758081742,mecimapro,1,tvOneNews,mecimapro
[RT &amp; likes appreciated] Freebies 20 pcs snack untuk konser Day6 3rd World Tour Forever Young Jakarta Indonesia (Day 1 Only) BCIS Ancol Jakarta Indonesia Sabtu 19 Oktober 2024 Ucapin Selamat ulang tahun / Happy Birthday ke aku #DAY6_FOREVER_YOUNG_Indonesia https://t.co/zEkaMAHGo5,1.84402914048969E+018,2024-10-09 14:56:22+00:00,alvarizkeun_,1.16367800178919E+018,in,in my dreams,2,0,8,7,https://x.com/alvarizkeun_/status/1844029140489691598,,0,alvarizkeun_,
Freebies akoh buat #DAY6_FOREVER_YOUNG_Bali https://t.co/n9QfOyMiky,1.8443094221281E+018,2024-10-10 09:30:06+00:00,Coupsliips,4104146059,in,CARAT STAY MYDAY,1,6,8,12,https://x.com/Coupsliips/status/1844309422128103754,,0,Coupsliips,
Freebies #DAY6_FOREVER_YOUNG_BALI yg ga seberapa ini udah siap kalo ada orang random tiba2 ngasih ini ke kalian tolong terima yah gais https://t.co/N4mLYz7qJ7,1.84439467785391E+018,2024-10-10 15:08:53+00:00,monstraykidsix,1.04935526833142E+018,in,,2,7,5,15,https://x.com/monstraykidsix/status/1844394677853917694,,0,monstraykidsix,
Siap nikah sama member Day6 #DAY6_FOREVER_YOUNG_Indonesia https://t.co/MdgOiLPCY5,1.84449634432672E+018,2024-10-10 21:52:52+00:00,districtkpop,1.03206269767888E+018,in,"DKI Jakarta, Indonesia",1,1,2,21,https://x.com/districtkpop/status/1844496344326734223,,0,districtkpop,
Mulai Manggung Pekan Ini Simak Setlist DAY6 3rd World Tour: Forever Young: Grup band DAY6 yang beranggotakan Sungjin Young K Wonpil dan Dowoon akan mengunjungi Indonesia untuk konser di tiga kota yaitu Bali Surayaba dan Jakarta. https://t.co/4Tf1utKHnQ https://t.co/d1HiWusLOg,1.8446500002295E+018,2024-10-11 08:03:26+00:00,tvOneNews,55507370,in,"Pulo Gadung, Indonesia",0,0,0,1,https://x.com/tvOneNews/status/1844650000229515640,,0,tvOneNews,
masih ga nyangka day6 bakalan konser 3 kota di indo... BRO THIS IS INDONESIA NO ENGLAND NO USA,1.84466428823091E+018,2024-10-11 09:00:13+00:00,dounloads,1.31659931533107E+018,in,'02,0,0,3,0,https://x.com/dounloads/status/1844664288230928874,,0,dounloads,
Demi menyambut DAY6 ke BALI a.k.a 4 orang tulang punggung My Day aku mau bagiin freebies RT &amp; likes (gak usah follow) Update jam &amp; lokasi pas hari H Tolong tag aku kalo kalian dapet SEE YOU #DAY6_3RD_WORLDTOUR #DAY6_FOREVER_YOUNG_INDONESIA #DAY6_FOREVER_YOUNG_BALI https://t.co/mlEdIqnN9z,1.8446643818898E+018,2024-10-11 09:00:35+00:00,parksungjeanz,1.15239472367328E+018,in,+62 • she/her,4,6,60,69,https://x.com/parksungjeanz/status/1844664381889814642,,0,parksungjeanz,
Temen-temen my day saranku sebaiknya nanti gak usah ngejer atau nunggu day6 di bandara kasian mereka pasti capek dan takutnya mereka jadi gak nyaman. Toh juga nanti kita ketemu sama mereka di konser kan? Tapi kalo mau nunggu please banget well behaved. https://t.co/JTGagB3OBW,1.8446665860888E+018,2024-10-11 09:09:21+00:00,bassistadmirer,1261136755,in,,12,1,81,210,https://x.com/bassistadmirer/status/1844666586088816826,,0,bassistadmirer,
siap-siap mau tur pantura‼️ DAY6 otw Bali buat konser tur Indonesia Bali-Surabaya-Jakarta https://t.co/HcEoAWeD0i,1.84467116661692E+018,2024-10-11 09:27:33+00:00,coppamagz,1078999759,in,Indonesia,9,3,51,212,https://x.com/coppamagz/status/1844671166616924435,,0,coppamagz,
7 Potret DAY6 Berangkat ke Bali Siap Konser di 3 Kota Indonesia! https://t.co/BBvhg9qZGX,1.84467620467227E+018,2024-10-11 09:47:34+00:00,IDNTimesKorea,1.31958195496292E+018,in,,0,0,1,0,https://x.com/IDNTimesKorea/status/1844676204672278681,,0,IDNTimesKorea,
My Day Jangan Sampai Telat Simak Event Timetable Kosner DAY6 Pekan Ini: Grup band pop-rock Korea Selatan DAY6 sudah terlihat di Bandara Incheon menuju Indonesia untuk menggelar konser di tiga kota yaitu Bali Surabaya dan Jakarta. https://t.co/YeeWe4NiUd https://t.co/v8I5pTg3QS,1.84468174430763E+018,2024-10-11 10:09:35+00:00,tvOneNews,55507370,in,"Pulo Gadung, Indonesia",0,0,0,0,https://x.com/tvOneNews/status/1844681744307634389,,0,tvOneNews,
Dipikir-pikir setelah Day6 kelar konser di Indonesia. Aku sebagai rakyat Indonesia juga harus menghadapi realita punya wapres baru~,1.84468203882718E+018,2024-10-11 10:10:45+00:00,Arapath_,1.7355876837692E+018,in,,223,53,520,2048,https://x.com/Arapath_/status/1844682038827188694,,0,Arapath_,
Setelah kelar konser Day6 di Indonesia yg paling di depan mata menghadapi jalanan ke kantor yang bakal buka tutup menjelang pelantikan ,1.84473507022736E+018,2024-10-11 13:41:28+00:00,mrsjopil,1.01238215407496E+018,in,Japan,0,0,0,0,https://x.com/mrsjopil/status/1844735070227378222,,0,mrsjopil,
Edisi jajan &amp; mancing bareng si Raja Ikan Dowoon lurrr skuuyy rabu mingdep ketemu barengan ng Dbl rek #DAY6_FOREVER_YOUNG_Indonesia #DAY6_FOREVER_YOUNG_Surabaya #DAY6_3RD_WORLDTOUR https://t.co/ymjeWMucRx,1.84474305976832E+018,2024-10-11 14:13:13+00:00,ShinYoul_248,230100788,in,🇮🇩,1,0,0,4,https://x.com/ShinYoul_248/status/1844743059768328376,,0,ShinYoul_248,
Bener bener day6 konser di indonesia 5 hari keliling indonesia ini mah,1.84475005354371E+018,2024-10-11 14:41:01+00:00,sherlyfnanda21,1.29518020301086E+018,in,"Sidoarjo, Indonesia",0,0,0,1,https://x.com/sherlyfnanda21/status/1844750053543727376,,0,sherlyfnanda21,
daripada gue beli tas pvc baru yaa padahal gue masuk aja belom tentu iya so.. mari kita gunakan barang yang ada dirumah wkwk mau gue post videonya tapi malu banget njirr wkwkwk #DAY6_3RD_WORLDTOUR #DAY6_FOREVER_YOUNG_Indonesia #DAY6_FOREVER_YOUNG_Surabaya https://t.co/G9QiXWF4pS,1.84475450252582E+018,2024-10-11 14:58:41+00:00,Taeggart_parkeu,9.98437011055783E+017,in,02z,0,0,0,0,https://x.com/Taeggart_parkeu/status/1844754502525833691,,0,Taeggart_parkeu,
Hello! Yuk sapa kami di konser Day6 &lt;FOREVER YOUNG&gt; Bali dan dapetin freebies berikut! See you at the venue ya~ Freebies by: @angkasakgna @lecielvoir @Nanonononano21 #DAY6 #데이식스 #DAY6_3RD_WORLDTOUR #DAY6_FOREVER_YOUNG_INDONESIA #DAY6inBALI #MYDAYBALI https://t.co/2rQ3km0yII,1.84478217082657E+018,2024-10-11 16:48:38+00:00,angkasakgna,372613564,in,,3,2,8,8,https://x.com/angkasakgna/status/1844782170826588621,"angkasakgna,lecielvoir,Nanonononano21",3,angkasakgna,angkasakgna
DAY6 Safely Landing in Ngurah Rai Denpasar Bali DPS ternyata seketat itu ga kayak cgk #DAY6_3RD_WORLDTOUR #DAY6_FOREVER_YOUNG_Indonesia #SUNGJIN #YOUNGK #WONPIL #DOWOON #DAY6inBALI,1.84478414982502E+018,2024-10-11 16:56:30+00:00,billputr18,7.16897353051996E+017,in,CGK,12,2,10,36,https://x.com/billputr18/status/1844784149825032247,,0,billputr18,
dulu selalu bercandaan DAY6 karyawisata ke Bali 2024 beneran ke Bali buat konser wkwk,1.84488587660794E+018,2024-10-11 23:40:43+00:00,youngcyow,1.1311974457051E+018,in,,13,10,505,2331,https://x.com/youngcyow/status/1844885876607943080,,0,youngcyow,
H-7 DAY6 DI JAKARTA H-4 DAY6 DI SURABAYA H-1 DAY6 DI BALI MAKIN DEKET KONSER MAKIN MULES https://t.co/ZsjsqDirrh,1.84492154545999E+018,2024-10-12 02:02:28+00:00,mrsjungchanwoo,7.7245510710756E+017,in,BrianKang YoungK KangYounghyun,139,2,1136,3400,https://x.com/mrsjungchanwoo/status/1844921545459994767,,0,mrsjungchanwoo,
TERIAK AAAA Agak bete dikit lanyardnya ngikutin warna section ternyata. Tak pikir mau dibuat kayak warna poster forever young. Dan pc nya sama aja kayak KL gaksi #DAY6inBali #DAY6_FOREVER_YOUNG_Bali https://t.co/SkRSjvYyMq,1.84493386650051E+018,2024-10-12 02:51:25+00:00,monstraykidsix,1.04935526833142E+018,in,,0,1,1,11,https://x.com/monstraykidsix/status/1844933866500522494,,0,monstraykidsix,
Sampai ketemu di DBL Arena #DAY6_3RD_WORLDTOUR #DAY6_FOREVER_YOUNG_Indonesia #DAY6_FOREVER_YOUNG_Surabaya https://t.co/dyvjTO4o1g,1.84494642093318E+018,2024-10-12 03:41:18+00:00,fluffymochi97,1.0190400279033E+018,in,INA,0,0,1,2,https://x.com/fluffymochi97/status/1844946420933197959,,0,fluffymochi97,
Jika sungjin bukan jodohku maka mungkin youngk jodohku (aamiin) @day6official #DAY6inBALI #DAY6_FOREVER_YOUNG_Bali https://t.co/d7hLij5hJb,1.84496224575696E+018,2024-10-12 04:44:11+00:00,monstraykidsix,1.04935526833142E+018,in,,0,7,2,47,https://x.com/monstraykidsix/status/1844962245756977590,day6official,1,monstraykidsix,day6official
Tanteku kayanya baru ngeh kalo day6 konser di bali karena liat bannernya : Day6 day6 ini lak kesukaanmu sih? Lagi konser di bali? Kaget tak kira ada caleg ganteng-ganteng Awoakwoakowok yg namanya sungjin jadiin presiden aja gapapa,1.84497018546968E+018,2024-10-12 05:15:44+00:00,istiqqq_,282579318,in,,113,21,609,2915,https://x.com/istiqqq_/status/1844970185469686011,,0,istiqqq_,
Bantu habisin ya temen-temen ️️️ #DAY6_FOREVER_YOUNG_Indonesia https://t.co/5R7k49pLcb,1.84498740450098E+018,2024-10-12 06:24:10+00:00,ddouwnyds96_,1.27290870570142E+018,in,,0,3,0,0,https://x.com/ddouwnyds96_/status/1844987404500992159,,0,ddouwnyds96_,
Hasil ngebolang hari ini - redemption ticket di bndcc - ngebolang liat banner day6 di bndcc nusa dua dan ngurah rai airport #DAY6_FOREVER_YOUNG_Bali https://t.co/h4k7TN8o6G,1.84498875309136E+018,2024-10-12 06:29:31+00:00,peachjeanim,1120687088,in,mooniverse,2,5,1,22,https://x.com/peachjeanim/status/1844988753091362829,,0,peachjeanim,
Sedih memasuki minggu day6 konser di Indonesia sedangkan aku ga dapet tiket,1.84499805719008E+018,2024-10-12 07:06:29+00:00,mmiaaAmelia,1.03831857099048E+018,in,moon,0,0,0,0,https://x.com/mmiaaAmelia/status/1844998057190097264,,0,mmiaaAmelia,
See you ayangdeulll #DAY6_FOREVER_YOUNG_Bali https://t.co/tkPI8Z45ri,1.845016688473E+018,2024-10-12 08:20:31+00:00,niagtyna,9.43780881499528E+017,in,,0,1,0,6,https://x.com/niagtyna/status/1845016688473014279,,0,niagtyna,
Dibawah pohon rindang BNDCC ada umbul - umbul cogan. Kiw kiw. @day6official #DAY6_FOREVER_YOUNG_Bali #DAY6 https://t.co/MQAUYILcmP,1.84501934433147E+018,2024-10-12 08:31:05+00:00,yufirnoona,1.77062250083537E+018,in,,0,0,0,8,https://x.com/yufirnoona/status/1845019344331473002,day6official,1,yufirnoona,day6official
Jangan lupa kita ketemu hari Sabtu nanti ya BCIS 19 October 2024 #DAY6_3RD_WORLDTOUR #DAY6_FOREVER_YOUNG_INDONESIA https://t.co/w7aDg2PEXY,1.84502321634095E+018,2024-10-12 08:46:28+00:00,crownjk_,462667967,in,Indonesia,0,1,0,0,https://x.com/crownjk_/status/1845023216340959651,,0,crownjk_,
venue konser day6 yg di bali cantik banget semua orang harus tau ‼️ https://t.co/NPTLXixdnV,1.84505878668966E+018,2024-10-12 11:07:48+00:00,23flowery_,1.28372980031457E+018,in,bts • enhypen • day6 • kdrama,531,17,1111,5269,https://x.com/23flowery_/status/1845058786689679454,,0,23flowery_,
D-7! Bjrot 1 minggu lagi menuju reuni bersama Day6! #DAY6_3RD_WORLDTOUR #DAY6_FOREVER_YOUNG_Indonesia https://t.co/3aovdSI6uO,1.84506437337677E+018,2024-10-12 11:30:00+00:00,maarsple,1.33228130957449E+018,in,,0,0,0,0,https://x.com/maarsple/status/1845064373376778263,,0,maarsple,
Sampai ketemu besok sayang-sayangku️ #DAY6_FOREVER_YOUNG_BALI #DAY6 #DAY6_3RD_WORLDTOUR #SUNGJIN #YOUNGK #WONPIL #DOWOON https://t.co/jY3QwzBwFo,1.84508417762627E+018,2024-10-12 12:48:42+00:00,wi2tscb,1.31203154815408E+018,in,01L,0,0,1,11,https://x.com/wi2tscb/status/1845084177626284536,,0,wi2tscb,
Ini kan pertama kali day6 di Indonesia selama seminggu lebih tour di 3 kota semoga mood member day6 sama para staff bagus sampe konser hari terakhir semoga mereka juga sehat2 gada yg sakit mengingat cuaca di Indonesia tuh lg panas bngt akhir2 ini .,1.84508494780103E+018,2024-10-12 12:51:46+00:00,qiongg,141959010,in,🐥 proud of you always ,0,1,0,0,https://x.com/qiongg/status/1845084947801047510,,0,qiongg,
&lt; DAY6 FOREVER YOUNG IN SURABAYA &gt; Hi guys. Buat kalian yang datang di Jawa Pos Arena yuk ikut PO dimsum mentai bisa buat asupan tenaga setelah berburu freebies #DAY6_3RD_WORLDTOUR #DAY6_FOREVER_YOUNG_INDONESIA #DAY6_FOREVER_YOUNG_SURABAYA #DAY6inSurabaya https://t.co/0LKFQYE3SN,1.84510284861657E+018,2024-10-12 14:02:54+00:00,shxxyvn,1.68302856127868E+018,in,,0,0,0,1,https://x.com/shxxyvn/status/1845102848616579175,,0,shxxyvn,
dinda centil era. karena mau ketemu ayang btw nanti yang mau lyrics guidenya kak @oranjinnie aku masih ada beberapa (di mobil juga gak kefoto). Samperin aja ya nanti di venue. Ada sticker gemash dan band aid lotso juga️ #DAY6_FOREVER_YOUNG_Indonesia https://t.co/YYohNQ9PXL,1.84528850019259E+018,2024-10-13 02:20:36+00:00,from_dindaolive,9.89015146868568E+017,in,,0,4,0,0,https://x.com/from_dindaolive/status/1845288500192595987,oranjinnie,1,from_dindaolive,oranjinnie
SEMINGGU LAGI DAN AKUU MASIH BINGUNG PAKE SEPATU APA mau pake asics skyhand tapi ga ada terus ukurannya tolong bantu rekomen sepatu apapun yang nyaman untuk berdiri lama dong #DAY6_FOREVER_YOUNG_Indonesia,1.84528915234829E+018,2024-10-13 02:23:12+00:00,wonglasses,1.2431987844876E+018,in,,0,1,0,0,https://x.com/wonglasses/status/1845289152348291330,,0,wonglasses,
DAY6 konser di Bali masih oke lah tapi DAY6 konser di Surabaya tuh unreal banget dia pikir dia Sheila on 7 apa ya bisa tur keliling Indonesia,1.84529545295205E+018,2024-10-13 02:48:14+00:00,gladiolakara,1.59183485684083E+018,in,Tentative.,1,0,0,0,https://x.com/gladiolakara/status/1845295452952068104,,0,gladiolakara,
Tolong diterima ya nanti aku mau bagi bagi freebies ️#DAY6_FOREVER_YOUNG_Bali https://t.co/Qff2xvSNyy,1.84530761177805E+018,2024-10-13 03:36:33+00:00,babseonsaeng,1.35428818594621E+018,in,241013,0,1,1,5,https://x.com/babseonsaeng/status/1845307611778056535,,0,babseonsaeng,
Bismillah tahun depan banyak duit kaya raya sehat walafiat bisa datengin semua stop konser day6 di indonesia di korea maupun negara-negara lainnya ,1.84531337957093E+018,2024-10-13 03:59:28+00:00,bassistadmirer,1261136755,in,,0,1,8,27,https://x.com/bassistadmirer/status/1845313379570942264,,0,bassistadmirer,
Doain ya sakinah mawadah warahmah #DAY6_FOREVER_YOUNG_Bali #DAY6 https://t.co/OmtUca4y0m,1.84532189877287E+018,2024-10-13 04:33:19+00:00,Caramelowfat,1.04408811794521E+018,in,,0,11,13,215,https://x.com/Caramelowfat/status/1845321898772889832,,0,Caramelowfat,
Otw pangkuan mas bri #DAY6_FOREVER_YOUNG_Bali https://t.co/SK6BDDraxq,1.84533452444992E+018,2024-10-13 05:23:29+00:00,iminhyukie,9.52773597734382E+017,in,bali,1,3,0,12,https://x.com/iminhyukie/status/1845334524449923082,,0,iminhyukie,
Gila .. ini beneran gw ketemu sungjin????????? after those 123456x fckin yrssss #DAY6_FOREVER_YOUNG_Bali https://t.co/kvB6ZGgxVT,1.84534861697581E+018,2024-10-13 06:19:29+00:00,parksungjeanz,1.15239472367328E+018,in,+62 • she/her,1,7,1,7,https://x.com/parksungjeanz/status/1845348616975819010,,0,parksungjeanz,
Photobox-nya luchu #DAY6_FOREVER_YOUNG_Bali https://t.co/e5nRi3gmsE,1.84535700750898E+018,2024-10-13 06:52:50+00:00,gogumanuna,1.76387330034907E+018,in,,0,8,0,59,https://x.com/gogumanuna/status/1845357007508996561,,0,gogumanuna,
aku di dekat siniii teman2!! #DAY6_3RD_WORLDTOUR #DAY6_FOREVER_YOUNG_Indonesia #DAY6_FOREVER_YOUNG_Bali https://t.co/vsKPr192JC,1.84536307282909E+018,2024-10-13 07:16:56+00:00,gaonstei,1.5221142513174E+018,in,,0,0,0,1,https://x.com/gaonstei/status/1845363072829096197,,0,gaonstei,
kondisi di holding area guys! konser day6 di bali beneran vibes kondangan mau nangis https://t.co/pIDsZB4W7F,1.84536786695631E+018,2024-10-13 07:35:59+00:00,23flowery_,1.28372980031457E+018,in,bts • enhypen • day6 • kdrama,366,14,803,3118,https://x.com/23flowery_/status/1845367866956316952,,0,23flowery_,
konser day6 di bali tuh kalo didefinisikan pake emoji dan kata tuh gini deh: CANTIK. venuenya cantik langitnya cantik my day semua cantik huhuhu enjoy the moments semua yg hari ini di bali dan nonton konser!!,1.84536965963958E+018,2024-10-13 07:43:06+00:00,hyejours,1.51652528924474E+018,in,selective followback.,5,0,148,455,https://x.com/hyejours/status/1845369659639595173,,0,hyejours,
Section aku yellow baju aku yellow juga eh bannernya juga yellow #DAY6inBALI #DAY6_FOREVER_YOUNG_BALI https://t.co/VBIWAAmlmh,1.84536985094179E+018,2024-10-13 07:43:52+00:00,nonakimchii,1.41242566437292E+018,in,"Denpasar Barat, Indonesia",0,0,0,1,https://x.com/nonakimchii/status/1845369850941800706,,0,nonakimchii,
Indonesia Tour Part 1/4 Bali 13 Okt 2024 #DAY6 #데이식스 #DAY6_3RD_WORLDTOUR #FOREVER_YOUNG #Band_Aid #녹아내려요 #DAY6_FOREVER_YOUNG_Indonesia https://t.co/eDvYeUgEvp,1.84537052101963E+018,2024-10-13 07:46:32+00:00,marizkay,100740891,in,"Jakarta Capital Region, Indone",0,1,4,22,https://x.com/marizkay/status/1845370521019633843,,0,marizkay,
Bali pinkeu pinkeu #DAY6 #데이식스 #DAY6_3RD_WORLDTOUR #FOREVER_YOUNG #Band_Aid #녹아내려요 #DAY6_FOREVER_YOUNG_Indonesia https://t.co/81qmZdCuUX,1.84537113345906E+018,2024-10-13 07:48:58+00:00,marizkay,100740891,in,"Jakarta Capital Region, Indone",0,1,0,4,https://x.com/marizkay/status/1845371133459075134,,0,marizkay,
Boleh bawa pulang gak? #DAY6 #데이식스 #DAY6_3RD_WORLDTOUR #FOREVER_YOUNG #Band_Aid #녹아내려요 #DAY6_FOREVER_YOUNG_Indonesia https://t.co/W1Xsbllr8s,1.84537166651759E+018,2024-10-13 07:51:05+00:00,marizkay,100740891,in,"Jakarta Capital Region, Indone",0,0,0,2,https://x.com/marizkay/status/1845371666517590082,,0,marizkay,
akhirnya... #DAY6inBALI #DAY6_FOREVER_YOUNG_BALI https://t.co/idkN8jgzaH,1.84537607281428E+018,2024-10-13 08:08:35+00:00,wangkiiran,1.33209799492613E+018,in,,0,0,0,6,https://x.com/wangkiiran/status/1845376072814297221,,0,wangkiiran,
DEKET BGT YA ALLAH GA PERLU ZOOM ZOOM JAUH #DAY6_FOREVER_YOUNG_Bali https://t.co/deOhXLvdqJ,1.84537642006471E+018,2024-10-13 08:09:58+00:00,highleft17,1867843602,in,,0,1,0,4,https://x.com/highleft17/status/1845376420064727055,,0,highleft17,
Venue di nusa dua bali kecil banget wehhhhh #DAY6 #데이식스 #DAY6_3RD_WORLDTOUR #DAY6_FOREVER_YOUNG_INDONESIA #DAY6inBALI #MYDAYBALI https://t.co/Hb1yHnEtVj,1.84537865923998E+018,2024-10-13 08:18:52+00:00,niagtyna,9.43780881499528E+017,in,,6,2,64,200,https://x.com/niagtyna/status/1845378659239989545,,0,niagtyna,
Aloha #DAY6_FOREVER_YOUNG_BALI https://t.co/TFr5W7L3xR,1.84538159914115E+018,2024-10-13 08:30:33+00:00,aIlonica,1883700031,tl,Lonely st.,0,8,2,16,https://x.com/aIlonica/status/1845381599141167158,,0,aIlonica,
Asik bgt nyanyi pdhl blm mulai #DAY6_FOREVER_YOUNG_BALI https://t.co/CdanOvIxMM,1.84538368759837E+018,2024-10-13 08:38:51+00:00,nananucityx,1.40226677626474E+018,in,,26,0,154,771,https://x.com/nananucityx/status/1845383687598379288,,0,nananucityx,
GANTENG BANGET SEGER BANGET SOUNDCHECK DOANG WONPILLLL #DAY6_FOREVER_YOUNG_Indonesia #DAY6_FOREVER_YOUNG_Bali https://t.co/hsjrY53P79,1.84538717284697E+018,2024-10-13 08:52:42+00:00,skyisclair,1.33016963649157E+018,in,she/her - 24 - skzaespaday6,10,0,102,220,https://x.com/skyisclair/status/1845387172846977394,,0,skyisclair,
241013 Day6 World tour in Bali Soundcheck - YoungK Jauh bgt diujung dunia #YoungK #영케이 #DAY6 #데이식스 #DAY6_FOREVER_YOUNG_Indonesia #DAY6_FOREVER_YOUNG_Bali #DAY6inBali https://t.co/l2qEjhRsFk,1.84538826765669E+018,2024-10-13 08:57:03+00:00,monstraykidsix,1.04935526833142E+018,in,,13,0,256,625,https://x.com/monstraykidsix/status/1845388267656708122,,0,monstraykidsix,
241013 Day6 World tour in Bali Soundcheck - Wonpil &amp; dowoon yg ketutupan #Wonpil #Dowoon #DAY6 #데이식스 #DAY6inBali #DAY6_FOREVER_YOUNG_Indonesia #DAY6_FOREVER_YOUNG_Bali https://t.co/rBeYFxR1nr,1.84538961317274E+018,2024-10-13 09:02:24+00:00,monstraykidsix,1.04935526833142E+018,in,,8,0,138,309,https://x.com/monstraykidsix/status/1845389613172748411,,0,monstraykidsix,
MAKASIH SUDAH SE KEREN DAN GANTENG INI #DAY6_FOREVER_YOUNG_Indonesia #DAY6_FOREVER_YOUNG_Bali https://t.co/tjJeZ5PTvy,1.84539245055644E+018,2024-10-13 09:13:40+00:00,skyisclair,1.33016963649157E+018,in,she/her - 24 - skzaespaday6,0,0,15,29,https://x.com/skyisclair/status/1845392450556440993,,0,skyisclair,
Ini mah deket bgt #DAY6_FOREVER_YOUNG_Bali #DAY6inBALI https://t.co/N71WT5hWCX,1.84539291510912E+018,2024-10-13 09:15:31+00:00,goodongmae,2152931492,in,Griya Tawang,0,3,1,13,https://x.com/goodongmae/status/1845392915109134645,,0,goodongmae,
Nohsam #DAY6 #DAY6_3RD_WORLDTOUR #DAY6inBALI #DAY6_FOREVER_YOUNG_Indonesia #DAY6_FOREVER_YOUNG_Bali https://t.co/TCo5KNjwRu,1.84539497377418E+018,2024-10-13 09:23:42+00:00,DeisikseuJombie,1.65126395358937E+018,et,,1,1,9,17,https://x.com/DeisikseuJombie/status/1845394973774184511,,0,DeisikseuJombie,
God is good FINALLY SHA &amp; BANG MEET ABAH SUNGJIN SOON nak ketemu abah ya nak akhirnya setelah 4 tahun ya nak WOY REAL GAKSIH INI?????????? #DAY6_FOREVER_YOUNG_Bali https://t.co/dubTitfXVj,1.84539904422432E+018,2024-10-13 09:39:52+00:00,parksungjeanz,1.15239472367328E+018,in,+62 • she/her,0,1,4,25,https://x.com/parksungjeanz/status/1845399044224323791,,0,parksungjeanz,
bali . #DAY6_FOREVER_YOUNG_Bali https://t.co/hDc0YxH6jz,1.84540182173891E+018,2024-10-13 09:50:54+00:00,cabecabrian,707102874,in,6.2,0,1,2,13,https://x.com/cabecabrian/status/1845401821738926266,,0,cabecabrian,
JYP ENTERTAINMENT IN BALI ⭐️⭐️⭐️⭐️⭐️ #DAY6_FOREVER_YOUNG_Bali https://t.co/XwPdPI9UC6,1.84540332279214E+018,2024-10-13 09:56:52+00:00,peachjeanim,1120687088,in,mooniverse,0,2,3,4,https://x.com/peachjeanim/status/1845403322792149129,,0,peachjeanim,
Takuuut. Galak banget pacar gue. Sungjin sayang sabar sabar #DAY6 #데이식스 #DAY6_3RD_WORLDTOUR #FOREVER_YOUNG #Band_Aid #녹아내려요 #DAY6_FOREVER_YOUNG_Indonesia https://t.co/lmnqX9kcQK,1.84540607446947E+018,2024-10-13 10:07:48+00:00,marizkay,100740891,in,"Jakarta Capital Region, Indone",0,0,2,4,https://x.com/marizkay/status/1845406074469482727,,0,marizkay,
Yang merasa kehilangan PC Day6 dari Mecima please hmu #DAY6_FOREVER_YOUNG_Indonesia #DAY6inBali,1.84540730466304E+018,2024-10-13 10:12:42+00:00,ProfsMimi,2159061296,in,yapping account,0,0,0,0,https://x.com/ProfsMimi/status/1845407304663040422,,0,ProfsMimi,
241013 DAY6 World Tour in Bali Satu2nya video dowoon gakealingan simbal #DAY6 #데이식스 #DAY6inBali #DAY6_FOREVER_YOUNG_Bali #Dowoon #도운 https://t.co/YZgjzn9rwZ,1.84540736876878E+018,2024-10-13 10:12:57+00:00,monstraykidsix,1.04935526833142E+018,in,,2,0,91,226,https://x.com/monstraykidsix/status/1845407368768782781,,0,monstraykidsix,
Mau mulai!! #DAY6_FOREVER_YOUNG_BALI https://t.co/lL1dqzK2SO,1.8454102202999E+018,2024-10-13 10:24:17+00:00,nananucityx,1.40226677626474E+018,in,,0,0,0,3,https://x.com/nananucityx/status/1845410220299911335,,0,nananucityx,
OOTD inspiration for Forever Young DAY6 in Indonesia check Haru kalau masih cari-cari inspirasi OOTD buat konser Forever Young Minimalz ada saran nih! Check this thread out! #DAY6_3RD_WORLDTOUR #DAY6_FOREVER_YOUNG_Indonesia,1.84541124761921E+018,2024-10-13 10:28:22+00:00,mydayxtra,1.51403379575819E+018,in,#minimalz🐻🦊🐰🐶 - (🧑‍🚀) ,0,1,2,4,https://x.com/mydayxtra/status/1845411247619228092,,0,mydayxtra,
Dowoon ganteng bgt #DAY6_FOREVER_YOUNG_BALI https://t.co/5ClavORGfI,1.84541340049231E+018,2024-10-13 10:36:55+00:00,nananucityx,1.40226677626474E+018,in,,1,0,22,30,https://x.com/nananucityx/status/1845413400492314966,,0,nananucityx,
Lagu keduaaaa #DAY6_FOREVER_YOUNG_BALI https://t.co/QUfkKN7AP1,1.8454137373035E+018,2024-10-13 10:38:15+00:00,nananucityx,1.40226677626474E+018,in,,3,0,72,169,https://x.com/nananucityx/status/1845413737303507017,,0,nananucityx,
Mas brian singkat aja #DAY6_FOREVER_YOUNG_BALI https://t.co/Ot1tZfMPuC,1.8454161475477E+018,2024-10-13 10:47:50+00:00,nananucityx,1.40226677626474E+018,in,,1,0,8,28,https://x.com/nananucityx/status/1845416147547717670,,0,nananucityx,
GILAAAA STRESS KEMEJA ITEM LENGAN DIGULUNG BAPAAAAAAK #SUNGJIN #DAY6 #DAY6_3RD_WORLDTOUR #DAY6_FOREVER_YOUNG_INDONESIA #DAY6_FOREVER_YOUNG_BALI https://t.co/p1qE15iSD5,1.8454179414012E+018,2024-10-13 10:54:58+00:00,parksungjeanz,1.15239472367328E+018,in,+62 • she/her,0,2,21,53,https://x.com/parksungjeanz/status/1845417941401207277,,0,parksungjeanz,
Gokil confettinya #DAY6_FOREVER_YOUNG_BALI https://t.co/AcNCjsfopm,1.84542000235635E+018,2024-10-13 11:03:09+00:00,nananucityx,1.40226677626474E+018,in,,208,12,862,3695,https://x.com/nananucityx/status/1845420002356363642,,0,nananucityx,
Wkwkwkkw mereka salah lirik kah#DAY6_FOREVER_YOUNG_BALI https://t.co/L7Xriie2Fb,1.84542067062223E+018,2024-10-13 11:05:48+00:00,nananucityx,1.40226677626474E+018,in,,242,18,492,1623,https://x.com/nananucityx/status/1845420670622237073,,0,nananucityx,
Dowoon ment #DAY6_FOREVER_YOUNG_BALI https://t.co/CSiO5leRlj,1.84542194594214E+018,2024-10-13 11:10:52+00:00,nananucityx,1.40226677626474E+018,in,,1,0,31,62,https://x.com/nananucityx/status/1845421945942155388,,0,nananucityx,
Kata gua tema konser Day6 nih: Bali: Menikah Surabaya: olahraga olah rasa olah vocal Jakarta Day1: melawan rezim dan oligarki Jakarta Day2: legowo menerima pres wapres baru bejir. Mana pas bgt biru2 WKWKWKWKWKWK,1.84542648525716E+018,2024-10-13 11:28:55+00:00,kabjagirl,1.47652175275467E+018,in,indonesia,628,78,2723,10503,https://x.com/kabjagirl/status/1845426485257175138,,0,kabjagirl,
Bagus keren nangis aja apa ya #DAY6_FOREVER_YOUNG_BALI https://t.co/eA35ZC9ttn,1.8454276913125E+018,2024-10-13 11:33:42+00:00,nananucityx,1.40226677626474E+018,in,,0,0,18,89,https://x.com/nananucityx/status/1845427691312513546,,0,nananucityx,
-star PESONA PRIA MATANG FROM DAY6 LEADER PARK SUNGJIN GUYS DI KONSER FOREVER YOUNG IN BALI HARI INI ️ https://t.co/oBSOWLXi1p,1.84542807384536E+018,2024-10-13 11:35:13+00:00,starfess,1.21034275802979E+018,in,RULES DI LINK,7,4,190,799,https://x.com/starfess/status/1845428073845367123,,0,starfess,
Sungjin cakep bgt #DAY6_FOREVER_YOUNG_BALI https://t.co/UXFgTkpsID,1.84542991156314E+018,2024-10-13 11:42:32+00:00,nananucityx,1.40226677626474E+018,in,,0,0,8,10,https://x.com/nananucityx/status/1845429911563141401,,0,nananucityx,
hikmah konser day6 di Bali UNTUK SURABAYA DAN JAKARTA tolong ya kalo member lagi ngomong tuh diem jangan teriak² atau manggil nama membernya ‼️ Pas translator lagi bertugas jangan teriak² juga BASIC MANNER ORANG NGOMONG TUH DENGERIN DULU,1.8454359707174E+018,2024-10-13 12:06:36+00:00,dowoonesia,1.10977130103864E+018,in,she/her 01l,60,5,478,1210,https://x.com/dowoonesia/status/1845435970717409451,,0,dowoonesia,
Di belahan dunia sana ada yg lagi konser svt di bagian indonesia tengah ada yg lagi konser day6 di bagian dunia sebelah sini ada yg lagi sedih gamau balik ke serang ((guee)),1.84543796698384E+018,2024-10-13 12:14:32+00:00,idubilu1,1.63002846108672E+018,in,,0,0,0,0,https://x.com/idubilu1/status/1845437966983856129,,0,idubilu1,
Naksir pol sama mas drummer #DAY6_FOREVER_YOUNG_BALI https://t.co/aJtQFVVRMH,1.84543985404752E+018,2024-10-13 12:22:02+00:00,nananucityx,1.40226677626474E+018,in,,5,0,54,119,https://x.com/nananucityx/status/1845439854047527094,,0,nananucityx,
Konsepnya kondangan banget konser day6 di bali https://t.co/2fOwTxro2J,1.84544215307556E+018,2024-10-13 12:31:10+00:00,Papasungjinfam,8.7533920576471E+017,in,,9,0,65,312,https://x.com/Papasungjinfam/status/1845442153075573229,,0,Papasungjinfam,
Seru #DAY6_FOREVER_YOUNG_Bali https://t.co/2nqaFQfxnL,1.84544300722434E+018,2024-10-13 12:34:34+00:00,nananucityx,1.40226677626474E+018,in,,0,0,2,7,https://x.com/nananucityx/status/1845443007224353129,,0,nananucityx,
Masih nyari temen buat nonton day6 day 2 dari karawang please #DAY6_FOREVER_YOUNG_JAKARTA,1.84544398504688E+018,2024-10-13 12:38:27+00:00,sungdenlyal,177838736,in,Indonesia ,0,0,0,0,https://x.com/sungdenlyal/status/1845443985046897005,,0,sungdenlyal,
karismatik banget ya tuhan wonpil #DAY6_FOREVER_YOUNG_Indonesia #DAY6_FOREVER_YOUNG_Bali https://t.co/tls81qkAnh,1.84544476603469E+018,2024-10-13 12:41:33+00:00,skyisclair,1.33016963649157E+018,in,she/her - 24 - skzaespaday6,0,0,6,16,https://x.com/skyisclair/status/1845444766034690097,,0,skyisclair,
asik selalu gan #DAY6_FOREVER_YOUNG_Indonesia #DAY6_FOREVER_YOUNG_Bali https://t.co/llsrMTNwrI,1.84544493933073E+018,2024-10-13 12:42:14+00:00,skyisclair,1.33016963649157E+018,in,she/her - 24 - skzaespaday6,0,0,8,29,https://x.com/skyisclair/status/1845444939330748826,,0,skyisclair,
Hai KLovers siapa nih yang kayak Min-ah ketemu ayang DAY6 malam ini? #DAY6_FOREVER_YOUNG_Indonesia #DAY6_FOREVER_YOUNG_Bali @mecimapro https://t.co/BnY1T4MYyT,1.84544705056302E+018,2024-10-13 12:50:38+00:00,KapanlagiKorea,1.16479621224915E+018,in,Indonesia,0,0,0,4,https://x.com/KapanlagiKorea/status/1845447050563027268,mecimapro,1,KapanlagiKorea,mecimapro
Terima kasih Dowoon #DAY6_FOREVER_YOUNG_BALI https://t.co/1kPXjEiZW2,1.84544893574329E+018,2024-10-13 12:58:07+00:00,nananucityx,1.40226677626474E+018,in,,28,0,327,704,https://x.com/nananucityx/status/1845448935743291680,,0,nananucityx,
First Time lagu fav aku banget nangis #DAY6_FOREVER_YOUNG_Indonesia #DAY6_FOREVER_YOUNG_Bali https://t.co/tFifcUAGla,1.84544971456682E+018,2024-10-13 13:01:13+00:00,skyisclair,1.33016963649157E+018,in,she/her - 24 - skzaespaday6,0,0,7,16,https://x.com/skyisclair/status/1845449714566824410,,0,skyisclair,
HUUUUUU NAKSIR BANGET #DAY6_FOREVER_YOUNG_Indonesia #DAY6_FOREVER_YOUNG_Bali https://t.co/gYHwvbiPX5,1.84545121597671E+018,2024-10-13 13:07:11+00:00,skyisclair,1.33016963649157E+018,in,she/her - 24 - skzaespaday6,0,0,11,21,https://x.com/skyisclair/status/1845451215976722621,,0,skyisclair,
Sungjing ngelawak #DAY6_FOREVER_YOUNG_BALI https://t.co/xJjv4JWHlD,1.84545299084672E+018,2024-10-13 13:14:14+00:00,nananucityx,1.40226677626474E+018,in,,24,0,282,788,https://x.com/nananucityx/status/1845452990846730669,,0,nananucityx,
Guys btw aku kehilangan slogan ini kalo ada yg nemu kabarin please #DAY6_FOREVER_YOUNG_Bali https://t.co/hdw3tgkh1E,1.84545466109826E+018,2024-10-13 13:20:52+00:00,yoopieces,1.01802967303537E+018,in,28+ s/her.,1,2,5,1,https://x.com/yoopieces/status/1845454661098274895,,0,yoopieces,
Greeting-nya melokal banget ya well #DAY6_FOREVER_YOUNG_Indonesia #DAY6_FOREVER_YOUNG_Bali @mecimapro https://t.co/D9XbH0gNjK,1.84545985573119E+018,2024-10-13 13:41:31+00:00,KapanlagiKorea,1.16479621224915E+018,in,Indonesia,0,0,4,24,https://x.com/KapanlagiKorea/status/1845459855731196404,mecimapro,1,KapanlagiKorea,mecimapro
tiba-tiba latihan militer #DAY6_3RD_WORLDTOUR #DAY6_FOREVER_YOUNG_Bali https://t.co/4OxoskV9RT,1.84545998684512E+018,2024-10-13 13:42:02+00:00,spicyfirewings,314477815,tl,day6 xh wayv girlgroups  ˙⋆✮,0,0,0,5,https://x.com/spicyfirewings/status/1845459986845138980,,0,spicyfirewings,
Makin malam makin menyala ayang-ayangku DAY6 - Time of Our Life #DAY6_FOREVER_YOUNG_Indonesia #DAY6_FOREVER_YOUNG_Bali @mecimapro https://t.co/KlFvgsSBI6,1.84546286421744E+018,2024-10-13 13:53:28+00:00,KapanlagiKorea,1.16479621224915E+018,tl,Indonesia,0,0,6,17,https://x.com/KapanlagiKorea/status/1845462864217452976,mecimapro,1,KapanlagiKorea,mecimapro
Daripada takut kelaperan mending ikut PO makan disini yuuk rasanya dijamin enak dan ngenyangin ^^ https://t.co/u9tJWrUenI #DAY6 #DAY6_3RD_WORLDTOUR #DAY6inSURABAYA #DAY6_FOREVER_YOUNG_Indonesia #DAY6_FOREVER_YOUNG_Surabaya https://t.co/CaNOychVJQ,1.84546428196342E+018,2024-10-13 13:59:06+00:00,dytcul1,1.1763056227086E+018,in,,0,0,0,0,https://x.com/dytcul1/status/1845464281963430235,,0,dytcul1,
#DAY6inBALI was the best concert ever‼️‼️ dari venue yg ADEM luas nyaman jarak kursi yang DEKET BGT nyobain semua booth gak antri (krn dateng siang) energy myday disini fan servicenya banyak momen HADAH dan WADUH dan BJIR dan HUAAAAA dari day6 di konser ini COYYYYYY https://t.co/4g5HH9JYxG,1.84546695892762E+018,2024-10-13 14:09:44+00:00,bloomingdreamm,1.31860288179309E+018,in,,5,2,44,241,https://x.com/bloomingdreamm/status/1845466958927626747,,0,bloomingdreamm,
Cegil is CEGIL-ing iya love u too @DAY6BOBSUNG_JIN #SUNGJIN #DAY6 #DAY6_FOREVER_YOUNG_BALI https://t.co/y0yYzvrUqX,1.84547023677632E+018,2024-10-13 14:22:46+00:00,parksungjeanz,1.15239472367328E+018,in,+62 • she/her,0,0,0,5,https://x.com/parksungjeanz/status/1845470236776321338,DAY6BOBSUNG_JIN,1,parksungjeanz,DAY6BOBSUNG_JIN
Senyum-senyum sendiri dinyanyiin DAY6 sampe lupa besok Senin DAY6 - She Smiled #DAY6_FOREVER_YOUNG_Indonesia #DAY6_FOREVER_YOUNG_Bali @mecimapro https://t.co/ltSWbdZT8c,1.84547402895553E+018,2024-10-13 14:37:50+00:00,KapanlagiKorea,1.16479621224915E+018,in,Indonesia,0,0,5,10,https://x.com/KapanlagiKorea/status/1845474028955541674,mecimapro,1,KapanlagiKorea,mecimapro
Min-ah di sini mencintaimu dengan ugal-ugalan sayang DAY6 - How to Love #DAY6_FOREVER_YOUNG_Indonesia #DAY6_FOREVER_YOUNG_Bali @mecimapro https://t.co/Zqn5IhbjLl,1.84547484183267E+018,2024-10-13 14:41:04+00:00,KapanlagiKorea,1.16479621224915E+018,in,Indonesia,0,0,5,13,https://x.com/KapanlagiKorea/status/1845474841832681504,mecimapro,1,KapanlagiKorea,mecimapro
Ini nih yang dinantikan masyarakat DAY6 - Yeppeosseo #DAY6_FOREVER_YOUNG_Indonesia #DAY6_FOREVER_YOUNG_Bali @mecimapro https://t.co/8VMXYKIICh,1.8454752386725E+018,2024-10-13 14:42:38+00:00,KapanlagiKorea,1.16479621224915E+018,in,Indonesia,0,0,3,10,https://x.com/KapanlagiKorea/status/1845475238672515304,mecimapro,1,KapanlagiKorea,mecimapro
Kalo Min-ah nggak perlu ditanya lagi lah ya DAY6 - Love Me or Leave Me #DAY6_FOREVER_YOUNG_Indonesia #DAY6_FOREVER_YOUNG_Bali @mecimapro https://t.co/EPs4t78TG2,1.84547608873216E+018,2024-10-13 14:46:01+00:00,KapanlagiKorea,1.16479621224915E+018,in,Indonesia,0,0,5,17,https://x.com/KapanlagiKorea/status/1845476088732168513,mecimapro,1,KapanlagiKorea,mecimapro
Kapan lagi gitu kan live karaoke Sweet Chaos bareng DAY6 DAY6 - Sweet Chaos #DAY6_FOREVER_YOUNG_Indonesia #DAY6_FOREVER_YOUNG_Bali @mecimapro https://t.co/UlokBNJw9m,1.84547667201301E+018,2024-10-13 14:48:20+00:00,KapanlagiKorea,1.16479621224915E+018,in,Indonesia,0,0,7,17,https://x.com/KapanlagiKorea/status/1845476672013029842,mecimapro,1,KapanlagiKorea,mecimapro
Pengen banget Nonton Day6 dan akhirnya mereka konser di tiga kota di Indonesia tapi ttp w gabisa atau belum Rezekinya nonton mereka ,1.84547715039856E+018,2024-10-13 14:50:14+00:00,OksiXT,149739460,in,Indonesia,0,0,0,0,https://x.com/OksiXT/status/1845477150398579066,,0,OksiXT,
Lanjut nyanyi meski udah nggak live karaoke adalah jalan ninja kita semua DAY6 - Zombie #DAY6_FOREVER_YOUNG_Indonesia #DAY6_FOREVER_YOUNG_Bali @mecimapro https://t.co/Ig0YObRafo,1.84547795412369E+018,2024-10-13 14:53:26+00:00,KapanlagiKorea,1.16479621224915E+018,in,Indonesia,0,0,3,11,https://x.com/KapanlagiKorea/status/1845477954123706744,mecimapro,1,KapanlagiKorea,mecimapro
Siap meleleh demi kamu sayang!!! DAY6 - Melt Down #DAY6_FOREVER_YOUNG_Indonesia #DAY6_FOREVER_YOUNG_Bali @mecimapro https://t.co/q1sFtVN4CW,1.84547889745588E+018,2024-10-13 14:57:11+00:00,KapanlagiKorea,1.16479621224915E+018,in,Indonesia,0,0,2,11,https://x.com/KapanlagiKorea/status/1845478897455890911,mecimapro,1,KapanlagiKorea,mecimapro
Daily reminder kita semua berhak bahagia DAY6 - HAPPY #DAY6_FOREVER_YOUNG_Indonesia #DAY6_FOREVER_YOUNG_Bali @mecimapro https://t.co/xyTsyFAr2B,1.84547958057826E+018,2024-10-13 14:59:54+00:00,KapanlagiKorea,1.16479621224915E+018,in,Indonesia,0,0,9,16,https://x.com/KapanlagiKorea/status/1845479580578279597,mecimapro,1,KapanlagiKorea,mecimapro
Boleh nggak sih kalo nggak mau udahan DAY6 - Welcome to the Show #DAY6_FOREVER_YOUNG_Indonesia #DAY6_FOREVER_YOUNG_Bali @mecimapro https://t.co/6AIrAohBTU,1.84548047683811E+018,2024-10-13 15:03:27+00:00,KapanlagiKorea,1.16479621224915E+018,in,Indonesia,0,1,5,18,https://x.com/KapanlagiKorea/status/1845480476838121807,mecimapro,1,KapanlagiKorea,mecimapro
gue tuh masih ga percaya day6 lagi konser... lagi di indonesia...,1.84548053106203E+018,2024-10-13 15:03:40+00:00,sixpilogram,1.3417474988896E+018,in,,0,0,0,0,https://x.com/sixpilogram/status/1845480531062038755,,0,sixpilogram,
Jujur nangis banget kelar konser. Ini konser rasa apa sih DAY6 #DAY6_3RD_WORLDTOUR #DAY6_FOREVER_YOUNG_Bali #DAY6inBALI https://t.co/EQ75a78Rm7,1.84548073434328E+018,2024-10-13 15:04:29+00:00,dsyandarini,121308991,in,"Jakarta, Indonesia",0,1,0,0,https://x.com/dsyandarini/status/1845480734343282854,,0,dsyandarini,
Terima kasih sayang sampai ketemu lagi #DAY6_FOREVER_YOUNG_Indonesia #DAY6_FOREVER_YOUNG_Bali @mecimapro https://t.co/13hlTwZja3,1.84548143242224E+018,2024-10-13 15:07:15+00:00,KapanlagiKorea,1.16479621224915E+018,in,Indonesia,1,0,14,44,https://x.com/KapanlagiKorea/status/1845481432422252556,mecimapro,1,KapanlagiKorea,mecimapro
Video: Konser di Bali DAY6 Sapa Penggemar Pakai Bahasa Indonesia https://t.co/WnQLM4Fv5b,1.84549229865587E+018,2024-10-13 15:50:26+00:00,20detik,598959076,in,JKT-INA,0,0,0,0,https://x.com/20detik/status/1845492298655883619,,0,20detik,
Ga mau kepedean...... Tapi..... #DAY6_FOREVER_YOUNG_Bali https://t.co/hMoAeDc4m1,1.84549368576254E+018,2024-10-13 15:55:56+00:00,cabecabrian,707102874,in,6.2,1,3,3,21,https://x.com/cabecabrian/status/1845493685762544007,,0,cabecabrian,
Day6 konser di indonesia 3x aja ga nonton.. yahh... Bakal kesampean ga ya nonton konser mereka... Bakal boleh ga ya nanti... Bakal sayang ga ya dgn uang yg terpakai...,1.84550286282848E+018,2024-10-13 16:32:24+00:00,pixrachu,9.01351702149734E+017,in,,0,0,0,1,https://x.com/pixrachu/status/1845502862828482569,,0,pixrachu,
Menuju DAY6 lokal Kata aku kalian harus mengikuti jejak sesepuh bapak2 Westlife untuk konser tiap provinsi di Indonesia,1.84551012207808E+018,2024-10-13 17:01:15+00:00,ICanDo7981517,1.32357774767585E+018,in,,0,0,0,0,https://x.com/ICanDo7981517/status/1845510122078089260,,0,ICanDo7981517,
20241013 Day6 in Bali Please pusing banget mereka pada ganteng semuaaa #DAY6_FOREVER_YOUNG_BALI #DAY6 #DAY6_3RD_WORLDTOUR #SUNGJIN #YOUNGK #WONPIL #DOWOON https://t.co/SrgTQ5FyaA,1.84551641971231E+018,2024-10-13 17:26:17+00:00,wi2tscb,1.31203154815408E+018,in,01L,0,0,0,3,https://x.com/wi2tscb/status/1845516419712319962,,0,wi2tscb,
DAY6 gila pelet lu kuat ya Konser tiga jam nungguinnya dari 2 bulan lalu syndromenya berhari hari dah ini Post concert syndrome #DAY6_FOREVER_YOUNG_Bali https://t.co/HShqaJUe4L,1.84551787489251E+018,2024-10-13 17:32:04+00:00,peachjeanim,1120687088,in,mooniverse,1,1,0,4,https://x.com/peachjeanim/status/1845517874892525705,,0,peachjeanim,
Kebadutan selama konser: tangan rekam Sungjin tapi mata natap Young K #DAY6_3RD_WORLDTOUR #Day6_Forever_Young_Bali https://t.co/rQiySgDHFx,1.8455234526038E+018,2024-10-13 17:54:13+00:00,haueeyyy,9.41971529239207E+017,in,22,1,0,0,8,https://x.com/haueeyyy/status/1845523452603806115,,0,haueeyyy,
pouring SODAJINDAAAA sekalian crowd focus yah biar berasa konsernya wueheheheheh 241013 #DAY6inBALI #DAY6 #데이식스 https://t.co/6xjJZ8eFZZ,1.84552383637424E+018,2024-10-13 17:55:45+00:00,sungjjiniya,1.80049210058646E+018,in,01L⊹₊⟡⋆,9,0,136,405,https://x.com/sungjjiniya/status/1845523836374253651,,0,sungjjiniya,
Gimana gue mau fokus ujian coba #DAY6_3RD_WORLDTOUR #Day6_Forever_Young_Bali https://t.co/O2C8ri5xJ1,1.84552396524429E+018,2024-10-13 17:56:16+00:00,haueeyyy,9.41971529239207E+017,in,22,0,0,0,0,https://x.com/haueeyyy/status/1845523965244297663,,0,haueeyyy,
Lmao tiap detik gue pencet tu tombol foto #DAY6_3RD_WORLDTOUR #Day6_Forever_Young_Bali https://t.co/7Guepqj3ed,1.84552523420994E+018,2024-10-13 18:01:18+00:00,haueeyyy,9.41971529239207E+017,in,22,0,0,0,0,https://x.com/haueeyyy/status/1845525234209956336,,0,haueeyyy,
Wonpil DAY6 Puji Keindahan Alam Indonesia Akui Ingin Kembali Lagi untuk Konser atau Liburan: Member grup band pop-rock asal Korea Selatan Wonpil DAY6 mengungkapkan pujian untuk keindahan alam Indonesia. https://t.co/XMU1r1Hvdx https://t.co/zcFjzvYKVF,1.8455257360123E+018,2024-10-13 18:03:18+00:00,tvOneNews,55507370,in,"Pulo Gadung, Indonesia",0,0,0,1,https://x.com/tvOneNews/status/1845525736012308890,,0,tvOneNews,
Penuh Haru Momen Young K dan Sungjin DAY6 Menangis Karena Lagu dan Fan Project My Day di Konser Bali: Grup band Korea Selatan DAY6 yang beranggotakan Sungjin Young K Wonpil dan Dowoon sedang menyambangi Indonesia. https://t.co/FtwFKj4Fow https://t.co/XXGYtMujEE,1.84552574398563E+018,2024-10-13 18:03:20+00:00,tvOneNews,55507370,in,"Pulo Gadung, Indonesia",0,0,1,3,https://x.com/tvOneNews/status/1845525743985643645,,0,tvOneNews,
INI YG GUE TUNGGU2 Demi deh gue sampe BENGONG mangap pas part riff nya #DAY6_3RD_WORLDTOUR #Day6_Forever_Young_Bali https://t.co/CP89dX1hTx,1.84553274334794E+018,2024-10-13 18:31:09+00:00,haueeyyy,9.41971529239207E+017,in,22,0,0,1,8,https://x.com/haueeyyy/status/1845532743347949779,,0,haueeyyy,
Myday tolong bantu jawab.. Udah dpt no.cek in soundcheck. Nah ada keadaan tak terduga sehingga dtng terlambat. Masih bisa masuk apa ya? #DAY6_FOREVER_YOUNG_SURABAYA,1.84556853126774E+018,2024-10-13 20:53:21+00:00,Xiaonana8_8,396275929,in,"Musashino-shi, Tokyo",0,0,0,0,https://x.com/Xiaonana8_8/status/1845568531267752378,,0,Xiaonana8_8,
curiga kemarin yang dateng ke konser day6 di bali itu stay alias kenapa fanchant kalian keras banget @Stray_Kids https://t.co/GCJAm6AWi0,1.84558766827888E+018,2024-10-13 22:09:24+00:00,teamnyaSKIA,9.77560796187241E+017,in,,74,8,179,1428,https://x.com/teamnyaSKIA/status/1845587668278886741,Stray_Kids,1,teamnyaSKIA,Stray_Kids
Masbri: kalian kecapean ya makanya duduk? Tanya sungjin deh next section apakah bagusan duduk apa berdiri. Sungjin: berdiri #DAY6_FOREVER_YOUNG_Bali https://t.co/lwwguIcUIq,1.84560006648208E+018,2024-10-13 22:58:40+00:00,dendina41,213909405,in,Banjarbaru,1,0,0,2,https://x.com/dendina41/status/1845600066482081981,,0,dendina41,
: cari hal yg bikin kalian bahagia. Hah? Gw? Kalo ditanya gitu jawaban gw juga kalian. Tapi kan kita gak sama2 trs.. *Anzay ditampar realita : kita kan hidup bersama (?) : jaga kesehatan fisik &amp; mental ya : kita bakal bawa energi kalian #DAY6_FOREVER_YOUNG_Bali https://t.co/bWDnCVkKSE,1.84561226222627E+018,2024-10-13 23:47:07+00:00,dendina41,213909405,in,Banjarbaru,0,1,6,17,https://x.com/dendina41/status/1845612262226288859,,0,dendina41,
gue percaya day6 ga akan kemana2 dan akan terus konser di indonesia sampe mereka jadi kakek2. day6 will always be there and i'll be there someday,1.84562441152693E+018,2024-10-14 00:35:24+00:00,machiattosix,1.14267544289935E+018,in,manchester biru ,0,1,2,9,https://x.com/machiattosix/status/1845624411526947192,,0,machiattosix,
feels surreal desiki manggung di bali dan besok di surabaya + jakarta. konser layaknya band lokal. i'm sure this will be a beautiful and unforgettable experience for day6 and myday(s) https://t.co/v8JD7i8dkt,1.84563736246402E+018,2024-10-14 01:26:52+00:00,eatyoungk,1.02319019051114E+018,en,pacar anak band ✮,8,5,215,759,https://x.com/eatyoungk/status/1845637362464030963,,0,eatyoungk,
Kesayangan aku semuanya ️ Thank you DAY6 ️ #DAY6_FOREVER_YOUNG_Bali https://t.co/RN581BT875,1.84565682807371E+018,2024-10-14 02:44:13+00:00,casaneid,1.28220940573636E+018,in,🇮🇩,0,2,0,10,https://x.com/casaneid/status/1845656828073713736,,0,casaneid,
D-3 #DAY6_3RD_WORLDTOUR #DAY6FOREVERYoung in surabaya https://t.co/QRP5I2fYFx,1.8456621093987E+018,2024-10-14 03:05:12+00:00,olinnoona90,1.51221330080497E+018,in,in your heart,0,0,0,1,https://x.com/olinnoona90/status/1845662109398700413,,0,olinnoona90,
next Day6 suruh konser di Bandung Ciwideylah ciwidey biar adem tapi emang cuaca di Indonesia lagi panas panase sih mataharinya beneran lagi transit di Indonesia ini mah https://t.co/gj8GISpvx8,1.84567019528271E+018,2024-10-14 03:37:20+00:00,caskhlh,1380768996,in,여기,0,0,0,0,https://x.com/caskhlh/status/1845670195282714724,,0,caskhlh,
Gemes bgt park sungjin kek gak percaya gitu banyak bgt yg cheering buat dia Kamu gak tau kan kalo kamu itu banyak bgt independent women di indonesia yg pengen laki spek kaya kamu pak?? #DAY6_FOREVER_YOUNG_Bali https://t.co/QgMnk1wkJc,1.84571888251613E+018,2024-10-14 06:50:48+00:00,dendina41,213909405,in,Banjarbaru,0,1,1,10,https://x.com/dendina41/status/1845718882516135990,,0,dendina41,
Sungjin mbenerin katok ngekek #DAY6_FOREVER_YOUNG_Bali https://t.co/XKp6GUhnIW,1.84571977395676E+018,2024-10-14 06:54:20+00:00,gogumanuna,1.76387330034907E+018,in,,14,13,95,433,https://x.com/gogumanuna/status/1845719773956763892,,0,gogumanuna,
Foto bareng yg hampir lupa dan hasil fotonya Bakal ku cetak gede diframe trus digantung di kamar krna mukaku ada di sini.. Biar pun cuma aku yg tau aku di mana #DAY6_FOREVER_YOUNG_Bali https://t.co/xeeDoAHRY8,1.84572056368547E+018,2024-10-14 06:57:28+00:00,dendina41,213909405,in,Banjarbaru,0,1,1,13,https://x.com/dendina41/status/1845720563685482828,,0,dendina41,
Kata gw mending lu cepet minta maaf ke park sungjin #DAY6 #데이식스 #SUNGJIN #성진 #DAY6 #데이식스 #DAY6inBali #DAY6_FOREVER_YOUNG_Bali https://t.co/XD5njY5Vd7,1.84573383216479E+018,2024-10-14 07:50:12+00:00,monstraykidsix,1.04935526833142E+018,in,,1,0,14,21,https://x.com/monstraykidsix/status/1845733832164794476,,0,monstraykidsix,
Bayangin aja dulu lama-lama konser DAY6 di Indonesia bisa lama sendiri karena ke setiap pulau yang ada disini wkwkwk.,1.84573448236135E+018,2024-10-14 07:52:47+00:00,cocomalteu,1269411505,in,Indonesia,0,0,0,0,https://x.com/cocomalteu/status/1845734482361364486,,0,cocomalteu,
ada bisa dititipin tiket ots day6 surabaya ngga ya kalo semisal ada? ntar sorenya lngsng aku ambil pulang kerja #DAY6_FOREVER_YOUNG_Indonesia,1.84573824340245E+018,2024-10-14 08:07:44+00:00,pwnnxz,1.46390471846432E+018,in,s/h - East Java - bxb area,0,0,0,0,https://x.com/pwnnxz/status/1845738243402461577,,0,pwnnxz,
Hari ini setelah konser #DAY6_FOREVER_YOUNG_Bali kemarin rasanya ada yang salah dengan diriku. Gak semangat ngapa-ngapain. Rasanya mau nangis terus berat banget hati rasanya. Aku pernah ngerasain ini saat ditinggal berpulang calon tunangan.,1.84574124002288E+018,2024-10-14 08:19:38+00:00,brimengphile,1.20079544082581E+018,in,"Nusapenida, Indonesia",1,2,0,13,https://x.com/brimengphile/status/1845741240022896829,,0,brimengphile,
241013 DAY6 World Tour Forever Young in Bali Kan...kepleset. Anaknya aktif sekali. Gpp aktif yg penting hati2 yah yonk. Bahagia terus kamu #DAY6 #데이식스 #YOUNGK #영케이 #DAY6inBali #DAY6_FOREVER_YOUNG_Bali https://t.co/0s7Apr4nDQ,1.84575265273662E+018,2024-10-14 09:04:59+00:00,monstraykidsix,1.04935526833142E+018,in,,1,0,17,26,https://x.com/monstraykidsix/status/1845752652736627086,,0,monstraykidsix,
Kalian tahu betapa takutnya hamba disuruh berdiri sama instruktur militer? Sampai hp lupa gue matiin dan panik langsung berdiri. Lemah banget gue anjirrrrr Ya Allah hamba ngga siap dididik ala militer sama Sungjin ️ #DAY6_FOREVER_YOUNG_Bali #성진 #SUNGJIN https://t.co/KJe3dW8WHW,1.84576183590945E+018,2024-10-14 09:41:28+00:00,gogumanuna,1.76387330034907E+018,in,,14,10,98,514,https://x.com/gogumanuna/status/1845761835909460312,,0,gogumanuna,
241013 DAY6 World Tour Forever Young in Bali Kim Wonpil = Lebih dari indah #DAY6 #데이식스 #DAY6inBali #DAY6_FOREVER_YOUNG_Indonesia #DAY6_FOREVER_YOUNG_Bali #WONPIL #원필 https://t.co/0D5HclUhrD,1.84576186258944E+018,2024-10-14 09:41:35+00:00,monstraykidsix,1.04935526833142E+018,in,,0,0,11,16,https://x.com/monstraykidsix/status/1845761862589448385,,0,monstraykidsix,
demi susah banget nge fancam doun #DAY6_FOREVER_YOUNG_Bali https://t.co/KcfLgCeI3Z,1.84577821863861E+018,2024-10-14 10:46:34+00:00,icecreammochi21,1.71626949093635E+018,in,🐰,0,0,0,0,https://x.com/icecreammochi21/status/1845778218638622868,,0,icecreammochi21,
jujur aku mau muntah pas lighting ini #DAY6_FOREVER_YOUNG_Bali https://t.co/dADjTlSbDK,1.84578086644395E+018,2024-10-14 10:57:06+00:00,icecreammochi21,1.71626949093635E+018,in,🐰,0,2,1,11,https://x.com/icecreammochi21/status/1845780866443952339,,0,icecreammochi21,
Baobei aku aja atau emg pipi yonke pas di bali agak tembem ya wkwkwk udh makan brp ekor babi guling kamu yonk #DAY6 #DAY6_3RD_WORLDTOUR #DAY6inBALI #DAY6_FOREVER_YOUNG_Indonesia #DAY6_FOREVER_YOUNG_Bali #YoungK #영케이 #데이식스 https://t.co/uKoAfMiXbr,1.84579314967296E+018,2024-10-14 11:45:54+00:00,DeisikseuJombie,1.65126395358937E+018,in,,0,1,0,2,https://x.com/DeisikseuJombie/status/1845793149672976692,,0,DeisikseuJombie,
241013 DAY6 World Tour Forever Young in Bali Senyum wonpil tuh kenapa nular bgt ya #DAY6 #데이식스 #DAY6inBali #WONPIL #원필 #DAY6_FOREVER_YOUNG_Bali https://t.co/0gkHsZ6MRO,1.84579717760573E+018,2024-10-14 12:01:55+00:00,monstraykidsix,1.04935526833142E+018,in,,0,0,3,10,https://x.com/monstraykidsix/status/1845797177605738976,,0,monstraykidsix,
beads ring preview!! nantikan preview lainnya di tweet ini yaaa!!! #DAY6_FOREVER_YOUNG_Indonesia https://t.co/MQcJuBzdxQ,1.84579728048361E+018,2024-10-14 12:02:19+00:00,casuaalheart,1.56208145149949E+018,in,5678,3,1,3,5,https://x.com/casuaalheart/status/1845797280483618976,,0,casuaalheart,
Freebies DAY6 Forever Young in SBY &amp; JKT Haru siapa yang nonton DAY6 di Surabaya dan Jakarta nanti? Cung! Minimalz akan bagi-bagi freebies di konser nya nih! freebies nya kayak apa Minimalz? Check this thread out! #Day6_FOREVER_YOUNG_Indonesia #DAY6_3RD_WORLDTOUR,1.84579735490311E+018,2024-10-14 12:02:37+00:00,mydayxtra,1.51403379575819E+018,in,#minimalz🐻🦊🐰🐶 - (🧑‍🚀) ,0,1,0,4,https://x.com/mydayxtra/status/1845797354903122430,,0,mydayxtra,
Punyi akhirnya nonton @day6official ꒰⁠⑅⁠ᵕ⁠༚⁠ᵕ⁠꒱⁠ #DAY6 #DAY6inBALI #DAY6_3RD_WORLDTOUR #DAY6_FOREVER_YOUNG_Indonesia https://t.co/kUNAlAVYpL,1.84579984861393E+018,2024-10-14 12:12:31+00:00,dungdinan,7.83574455545134E+017,in,Bumi pertiwi,1,1,0,3,https://x.com/dungdinan/status/1845799848613941560,day6official,1,dungdinan,day6official
H-5 KETEMU #DAY6_FOREVER_YOUNG_Indonesia #DAY6_FOREVER_YOUNG_JAKARTA,1.84580240018098E+018,2024-10-14 12:22:40+00:00,gfpcy23,1.52672467210851E+018,in,"EXO,BP,DAY6,NCT,SVT,ENHYPEN",1,0,0,0,https://x.com/gfpcy23/status/1845802400180994059,,0,gfpcy23,
seperti biasa agan ini orgen tunggalnya dan fans nya lah penyanyinya #DAY6_FOREVER_YOUNG_Bali #DAY6inBALI #원필 #wonpil https://t.co/ECP0t8YWde,1.84580360387075E+018,2024-10-14 12:27:27+00:00,skyisclair,1.33016963649157E+018,in,she/her - 24 - skzaespaday6,0,0,3,8,https://x.com/skyisclair/status/1845803603870761342,,0,skyisclair,
241013 DAY6 World Tour Forever Young in Bali Park sungjin jangan deket2 aku anaknya suka ngejar‍️ #DAY6 #데이식스 #DAY6inBali #SUNGJIN #성진 #WONPIL #DAY6_FOREVER_YOUNG_Bali https://t.co/vsa2C9CL1j,1.84580504340211E+018,2024-10-14 12:33:10+00:00,monstraykidsix,1.04935526833142E+018,in,,55,0,529,1110,https://x.com/monstraykidsix/status/1845805043402121354,,0,monstraykidsix,
마지막 wonpil dan sungjin yang kayak abis pulang ngurus berkas cerai di KUA #DAY6_FOREVER_YOUNG_Bali #DAY6inBALI #원필 #성진 #도운 https://t.co/XZdetorgkA,1.84580569516332E+018,2024-10-14 12:35:45+00:00,skyisclair,1.33016963649157E+018,in,she/her - 24 - skzaespaday6,1,0,2,11,https://x.com/skyisclair/status/1845805695163326838,,0,skyisclair,
Ini gemes bgt sih sungjin ngeliat ke arah wonpil yg ttp nyanyi kaya biasa trus ngeliatin masbri sambil nanya 맞아? . Stage Say Wow ini gemes bgt pokoknya That MANA SUARANYA!! OKAY ONE MORE TIME #DAY6_FOREVER_YOUNG_Bali https://t.co/dCiICdITSv,1.84581217143301E+018,2024-10-14 13:01:29+00:00,dendina41,213909405,in,Banjarbaru,0,1,2,16,https://x.com/dendina41/status/1845812171433029663,,0,dendina41,
Ngerecord sambil ngemeter habis nonton project myday yg indah bgt itu padahal gak pengen nangis. Tp liat member pada terharu gitu jadi ikutan sampe gak fokus bapak park sungjin nyuruh berdiri #DAY6_FOREVER_YOUNG_Bali #DAY6inBALI Videonya sama cuman satu distabilin dikit https://t.co/IsLtQ7XOmw,1.84581570084331E+018,2024-10-14 13:15:31+00:00,dendina41,213909405,in,Banjarbaru,0,1,0,1,https://x.com/dendina41/status/1845815700843315280,,0,dendina41,
Hiiiii! Here's my tuyul for #DAY6inBALI fan project THANK YOUUUUU @dfi_official shooo hepi n bangga bisa turut meramaikan #DAY6_3RD_WORLDTOUR #DAY6_FOREVER_YOUNG_INDONESIA https://t.co/cUo9f6Jkry,1.84582181023297E+018,2024-10-14 13:39:47+00:00,chomatoes,9.20159391961116E+017,in,twenty-o,0,2,27,86,https://x.com/chomatoes/status/1845821810232983656,dfi_official,1,chomatoes,dfi_official
Jangan2 nanti DAY6 ada Indonesia Tour sendiri kaya idol kpop konser di Jepang ,1.84583451366827E+018,2024-10-14 14:30:16+00:00,winkpili,4691502042,in,,0,0,0,0,https://x.com/winkpili/status/1845834513668272420,,0,winkpili,
wonpil menyapa rakyat. mana suaranya????? #DAY6 #데이식스 #DAY6inBali #DAY6_FOREVER_YOUNG_Indonesia #DAY6_FOREVER_YOUNG_Bali https://t.co/fhBk1007Zm,1.84583792119219E+018,2024-10-14 14:43:49+00:00,skznim,2314994545,in,dnf,0,0,1,6,https://x.com/skznim/status/1845837921192202374,,0,skznim,
sebelum mulai ngebatin fokus fancam youngk eh pas mulai salfok mulu sama wonpil alias LU TERNYATA ASLINYA SEGANTENG ITU WONPILLLLLLL AAAAAA #DAY6_3RD_WORLDTOUR #DAY6inBALI #DAY6_FOREVER_YOUNG_Bali #SUNGJIN #YOUNGK #WONPIL #DOWOON https://t.co/iltOk1iRU8,1.84583931679232E+018,2024-10-14 14:49:21+00:00,y0urgrace_,1.1589617726881E+018,in,,0,2,2,5,https://x.com/y0urgrace_/status/1845839316792328258,,0,y0urgrace_,
Karena ada beberapa pertanyaan seputar kendala teknis yang kemarin terjadi di konser DAY6 Bali. Ini POV ku sebagai seorang band technician &amp; sound engineer pendapatku ini belum tentu sepenuhnya sesuai dengan yang terjadi di lapangan. Mari kita breakdown A Thread,1.8458529715126E+018,2024-10-14 15:43:37+00:00,bobjinbro,1.42795643832895E+018,in,he/him,154,6,827,2616,https://x.com/bobjinbro/status/1845852971512602807,,0,bobjinbro,
Aku nambah freebies kecil-kecilan guys. Boleh colek aku pas penukaran tiket di Surabaya besok yeahh. Kemungkinan aku pake kaos ini (kalo ga berubah pikiran) wkwkwk #DAY6_FOREVER_YOUNG_Surabaya https://t.co/pI4t65iWvu,1.84586247276036E+018,2024-10-14 16:21:22+00:00,terdesik,2340340177,in,fan account.,0,0,0,1,https://x.com/terdesik/status/1845862472760377703,,0,terdesik,
aku mau upload beberapa foto konser kemarin ️ #DAY6 #데이식스 #DAY6inBali #DAY6_FOREVER_YOUNG_Indonesia #DAY6_FOREVER_YOUNG_Bali https://t.co/dfsfnYQnY9,1.84586851640014E+018,2024-10-14 16:45:23+00:00,kforyoungk,1.20256287841644E+018,in,,0,0,1,2,https://x.com/kforyoungk/status/1845868516400148741,,0,kforyoungk,
Pulang kerja lewat depan Graha Pena eh banner nya @day6official sudah dipasang #DAY6_FOREVER_YOUNG_Surabaya #DAY6_FOREVER_YOUNG_Indonesia #DAY6_3RD_WORLDTOUR https://t.co/YhltooH3qU,1.84589952824477E+018,2024-10-14 18:48:37+00:00,chuzz_woon,389893021,in,Indonesia,1,1,0,9,https://x.com/chuzz_woon/status/1845899528244776975,day6official,1,chuzz_woon,day6official
Kaget banget berangkat kerja liat banner ini di deket rumah. It's getting real!! Day6 konser di Surabaya https://t.co/MpRdVI64Is,1.8459719953911E+018,2024-10-14 23:36:34+00:00,byzef__,136572963,in,,181,13,354,2391,https://x.com/byzef__/status/1845971995391111527,,0,byzef__,
Touch down!! In frame anak-anaknya @wantpil__ @itsagudeday @drummingdowoon @uri_journee @kripsi_carrot @kentankentunk #DAY6_Forever_Young_Surabaya https://t.co/3ItRyQwxBk,1.84600021480686E+018,2024-10-15 01:28:42+00:00,gradatioun,9.11995928537586E+017,in,,2,0,7,55,https://x.com/gradatioun/status/1846000214806864335,"wantpil__,itsagudeday,drummingdowoon,uri_journee,kripsi_carrot,kentankentunk",6,gradatioun,wantpil__
yg hari ini ke DBL sore menjelang malam kalo liat mba2 petite size pake ransel kanken pink+topi MLB biru sapa aja. aku mau tuker tiket+bagi freebies sedikit sisanya besok #Day6ForeverYoung #DAY6_3RD_WORLDTOUR #DAY6_FOREVER_YOUNG_Indonesia #DAY6_FOREVER_YOUNG_SURABAYA https://t.co/uFpyaZPwTP,1.84600509889769E+018,2024-10-15 01:48:07+00:00,cherrydalkomhae,79103989,in,,0,1,4,4,https://x.com/cherrydalkomhae/status/1846005098897695107,,0,cherrydalkomhae,
놓삼 (letting go) pas sc doang aku record full pas mulai konser udh ga kepikiran enjoy!!! 241013 #DAY6inBALI #DAY6 #데이식스 https://t.co/Yr8VhZWIhW,1.84600998522832E+018,2024-10-15 02:07:32+00:00,sungjjiniya,1.80049210058646E+018,in,01L⊹₊⟡⋆,6,1,210,694,https://x.com/sungjjiniya/status/1846009985228329021,,0,sungjjiniya,
Hymne budak korporat yg paling gue sering denger lately #Day6 #DAY6inBALI #DAY6_FOREVER_YOUNG_Bali https://t.co/3NF1JD76dN,1.84601494941771E+018,2024-10-15 02:27:15+00:00,seahorsevoice,217302349,in,Deep ocean,0,0,1,3,https://x.com/seahorsevoice/status/1846014949417710075,,0,seahorsevoice,
Mukanya meng ndud bengep abis nangis #DAY6 #DAY6_3RD_WORLDTOUR #DAY6inBALI #DAY6_FOREVER_YOUNG_Indonesia #DAY6_FOREVER_YOUNG_Bali #YoungK #영케이 #데이식스 https://t.co/9jWCSuSx67,1.84604301830405E+018,2024-10-15 04:18:48+00:00,DeisikseuJombie,1.65126395358937E+018,in,,0,1,0,4,https://x.com/DeisikseuJombie/status/1846043018304069833,,0,DeisikseuJombie,
Guyss besokk ada yang nonton day6 di surabaya ga?? #DAY6 #DAY6_3RD_WORLDTOUR #DAY6FOREVERYOUNG,1.84606089915897E+018,2024-10-15 05:29:51+00:00,Lylynisalone,1.59284453596016E+018,in,MULFAN,0,1,0,0,https://x.com/Lylynisalone/status/1846060899158970536,,0,Lylynisalone,
Lagu yang bikin gue terjungkal brutal ke oknum kyh #DAY6 #DAY6_3RD_WORLDTOUR #DAY6inBALI #DAY6_FOREVER_YOUNG_Indonesia #DAY6_FOREVER_YOUNG_Bali #SUNGJIN #성진 #YoungK #영케이 #WONPIL #원필 #DOWOON #도운 #데이식스 https://t.co/7vpz146ZPe,1.84606793113191E+018,2024-10-15 05:57:47+00:00,DeisikseuJombie,1.65126395358937E+018,in,,0,1,0,1,https://x.com/DeisikseuJombie/status/1846067931131924668,,0,DeisikseuJombie,
Lagu ganteng dimainin sama orang ganteng #DAY6 #DAY6_3RD_WORLDTOUR #DAY6inBALI #DAY6_FOREVER_YOUNG_Indonesia #DAY6_FOREVER_YOUNG_Bali #SUNGJIN #성진 #YoungK #영케이 #WONPIL #원필 #DOWOON #도운 #데이식스 https://t.co/wBb7A4l57V,1.84607121358994E+018,2024-10-15 06:10:50+00:00,DeisikseuJombie,1.65126395358937E+018,in,,0,1,0,0,https://x.com/DeisikseuJombie/status/1846071213589954723,,0,DeisikseuJombie,
siapa yang udah ngerasain nuker tiket di Surabaya pake sistemnya mecim? ️ #DAY6_FOREVER_YOUNG_Surabaya #DAY6_FOREVER_YOUNG_Indonesia https://t.co/OKYNLiacBA,1.84607450140847E+018,2024-10-15 06:23:54+00:00,ConcertMateID,4741405790,in,Bogor - Jakarta,0,1,3,24,https://x.com/ConcertMateID/status/1846074501408477537,,0,ConcertMateID,
Growl yang menggemparkan warga #DAY6 #DAY6_3RD_WORLDTOUR #DAY6inBALI #DAY6_FOREVER_YOUNG_Indonesia #DAY6_FOREVER_YOUNG_Bali #SUNGJIN #성진 #YoungK #영케이 #WONPIL #원필 #DOWOON #도운 #데이식스 https://t.co/HAyvNBjTme,1.84607932770144E+018,2024-10-15 06:43:04+00:00,DeisikseuJombie,1.65126395358937E+018,in,,0,1,0,4,https://x.com/DeisikseuJombie/status/1846079327701447011,,0,DeisikseuJombie,
Aaawwww its getting reeaaallll. Papiiiii putrimu mau sungkem kepadamuuu #DAY6_FOREVER_YOUNG_Surabaya #DAY6_FOREVER_YOUNG_Indonesia https://t.co/GJXrp6wQd4,1.84611440948542E+018,2024-10-15 09:02:29+00:00,lilzorion,4330440914,in,Heaven,0,3,0,2,https://x.com/lilzorion/status/1846114409485422690,,0,lilzorion,
 SECURED 4 Tix DAY6 3RD WORLD TOUR &lt;FOREVER YOUNG&gt; in Surabaya 1 Tix Pink B SC non Membership Thankyou kakak sudah nitip satset di kita! #DAY6 #데이식스 #DAY6_3RD_WORLDTOUR #DAY6_FOREVER_YOUNG_Indonesia https://t.co/NZzUrglXn4,1.8461156886181E+018,2024-10-15 09:07:33+00:00,jastipby_me,8.17200378185858E+017,en,"Jakarta, Indonesia",0,1,0,0,https://x.com/jastipby_me/status/1846115688618119590,,0,jastipby_me,
day6 lagi rehearsal yaa kayaknyaaa #DAY6_FOREVER_YOUNG_Surabaya https://t.co/zle8VVMAIt,1.84612098052102E+018,2024-10-15 09:28:35+00:00,nominbestie,7.34687706903515E+017,in,selective,0,0,1,8,https://x.com/nominbestie/status/1846120980521038003,,0,nominbestie,
Nangisss bangett akhirnya bisa ngerasain dateng ke venue konser modal bensin doang alias ga pake kereta btw ini mereka sedang latihan ges kedengeran sampe luar .. paling kenceng suara drumnya sii #DAY6_FOREVER_YOUNG_Surabaya https://t.co/1CrLzEF53M,1.84613112037259E+018,2024-10-15 10:08:53+00:00,mangyu97_k,1.20978658639457E+018,in,"surabaya , indonesia",2,1,23,121,https://x.com/mangyu97_k/status/1846131120372592722,,0,mangyu97_k,
See you besok sayang² ku #DAY6_FOREVER_YOUNG_Surabaya https://t.co/llTXDbgC4M,1.84614195753564E+018,2024-10-15 10:51:56+00:00,hi_yeppeosseo,545770832,in,97's,0,2,0,8,https://x.com/hi_yeppeosseo/status/1846141957535649968,,0,hi_yeppeosseo,
jiwa raga rasanya udah di BCIS pls #Day6ForeverYoung #DAY6_3RD_WORLDTOUR #DAY6_FOREVER_YOUNG_Indonesia https://t.co/JgCrM2jgo5,1.84614622871708E+018,2024-10-15 11:08:55+00:00,afishcow,1.55005664092132E+018,in,she/her,1,0,0,0,https://x.com/afishcow/status/1846146228717081077,,0,afishcow,
pernah kepikiran gak kelar konser beli pentol??? iya BELI PENTOL this is surabaya /sorry norak #DAY6 #데이식스 #DAY6_3RD_WORLDTOUR #DAY6_FOREVER_YOUNG_INDONESIA #Day6inSurabaya https://t.co/PciwzK2Xnh,1.84617378016465E+018,2024-10-15 12:58:24+00:00,agnezckh,139670619,in,,57,15,174,1164,https://x.com/agnezckh/status/1846173780164665852,,0,agnezckh,
241013 DAY6 World Tour Forever Young in Bali Lah si wonpil nantangin bgt udah tau kita anaknya ngejar #DAY6 #데이식스 #DAY6inBali #DAY6_FOREVER_YOUNG_Bali #WONPIL #원필 https://t.co/z7SlBgeZDJ,1.8461773049026E+018,2024-10-15 13:12:24+00:00,monstraykidsix,1.04935526833142E+018,in,,0,0,10,21,https://x.com/monstraykidsix/status/1846177304902619307,,0,monstraykidsix,
Tolong ini diadopsi guys gemec bgt #DAY6_FOREVER_YOUNG_Indonesia #DAY6_FOREVER_YOUNG_Jakarta,1.84618452555214E+018,2024-10-15 13:41:05+00:00,nakedeugene,1.62804874351701E+018,in,,0,1,0,0,https://x.com/nakedeugene/status/1846184525552144778,,0,nakedeugene,
Day6 3RD World Tour FOREVER YOUNG in Surabaya Siap-siap bakal jadi fancam A Thread xixixi #DAY6_3RD_WORLDTOUR #Day6inSurabaya #Day6insby #Day6Foreveryoung https://t.co/6F3BUVO7Mr,1.84621111884459E+018,2024-10-15 15:26:46+00:00,powerful_breeze,923103704,in,"Kota Surabaya, Jawa Timur",1,1,1,17,https://x.com/powerful_breeze/status/1846211118844596508,,0,powerful_breeze,
UPDATED SLOT ‼️ MYDAY SLOT MAKE UP SISA BEBERAPA LAGI NIHH! di day 2 &amp; hairdo masih banyak lohh slotnya~ YUK JANGAN SAMPE KEHABISAN! START FROM ONLY 30K #DAY6_FOREVER_YOUNG_Indonesia #DAY6_FOREVER_YOUNG_JAKARTA https://t.co/JNswZp1Ehr,1.84622050627962E+018,2024-10-15 16:04:04+00:00,goingpretty_,1.6157234123785E+018,in,open!!,0,0,0,0,https://x.com/goingpretty_/status/1846220506279629278,,0,goingpretty_,
C u besok ayank #DAY6_FOREVER_YOUNG_Surabaya https://t.co/tP96QOpbyu,1.84623051479523E+018,2024-10-15 16:43:50+00:00,morningapple_,920902759,in,"Kota Surabaya, Jawa Timur",0,0,0,6,https://x.com/morningapple_/status/1846230514795245938,,0,morningapple_,
Freebies Day6 Forever Young Surabaya Sticker pack parodi obat an By @nangeomuriya Sampai jumpa besok (Akhirnya kelar packing) #day6 #day6foreveryoung #foreveryoungsurabaya https://t.co/Csnl9Tk6WQ,1.84623223058436E+018,2024-10-15 16:50:39+00:00,nangeomuriya,924324882,in,,10,19,94,215,https://x.com/nangeomuriya/status/1846232230584373395,nangeomuriya,1,nangeomuriya,nangeomuriya
Nangis aja yuk! #DAY6 #데이식스 #DAY6inBali #DAY6_FOREVER_YOUNG_Indonesia #DAY6_FOREVER_YOUNG_Bali https://t.co/0WK6btxGB4,1.84623389463673E+018,2024-10-15 16:57:16+00:00,rcempaka,144490298,in,"New York, USA",0,0,0,1,https://x.com/rcempaka/status/1846233894636737036,,0,rcempaka,
#DAY0 dapet teaser adlibs youngk di kongchu #Day6ForeverYoung #DAY6 #데이식스 #DAY6_3RD_WORLDTOUR #DAY6_FOREVER_YOUNG_INDONESIA #DAY6inSBY https://t.co/A7qm1AkSVf,1.8463279016352E+018,2024-10-15 23:10:49+00:00,yoomdowoon,1381249050,in,kinda ia👋🏻,0,0,1,5,https://x.com/yoomdowoon/status/1846327901635203328,,0,yoomdowoon,
Semoga setelah day6 konser di Surabaya kedepannya nanti banyak juga artis kpop yg ngelirik Surabaya buat jadi next stop mereka di Indonesia. Berdoa yuk warga Timur biar ga mahal amat kita kita ini mau ketemu cokipop kita,1.84637557906051E+018,2024-10-16 02:20:16+00:00,sohibichan,1.15021301791877E+018,in,우주공장,1,7,1,13,https://x.com/sohibichan/status/1846375579060523138,,0,sohibichan,
pagi hari menghirup udara yg sama dengan day6 di Surabaya #DAY6_FOREVER_YOUNG_Indonesia #DAY6_3RD_WORLDTOUR #DAY6_FOREVER_YOUNG_SURABAYA https://t.co/ViLS2Lz0Ff,1.84637839268771E+018,2024-10-16 02:31:27+00:00,soobprise,1.08485621930143E+018,in,"Semarang, Jawa Tengah",0,0,2,1,https://x.com/soobprise/status/1846378392687726729,,0,soobprise,
Halo teman teman My Day Surabaya dan sekitarnya! Nanti aku bakal jualan cookies ini jugaa ya di venue.. Murah kokkkk cuma 5k/pcs lumayan bisa ngeganjel perut biar ga kelaparan xixi #DAY6_FOREVER_YOUNG_Indonesia #DAY6_3RD_WORLDTOUR #DAY6_FOREVER_YOUNG_SURABAYA https://t.co/SVgiA0RoUq,1.84637907486607E+018,2024-10-16 02:34:10+00:00,yunbobsan,1.06000789920261E+018,in,,0,1,3,1,https://x.com/yunbobsan/status/1846379074866073949,,0,yunbobsan,
@eluvyu_ Yang bilang flop gue tanyain idol lu pada emang udah pernah konser di 3 kota Indonesia dalam satu tour? 4 hari pula dan sold out! DAY6 ini boss yang bukan My Day aja tertarik buat nonton bahkan pengen idol mereka juga bisa konser bukan cuma di Jakarta doang,1.84639816224171E+018,2024-10-16 03:50:00+00:00,D2gh_arief,196087320,in,Jakarta Capital Region,0,0,0,6,https://x.com/D2gh_arief/status/1846398162241716353,eluvyu_,1,D2gh_arief,eluvyu_
Yang mau freebies sekarang aku di tangga2 samping sbux yaa ️ #DAY6_FOREVER_YOUNG_SURABAYA https://t.co/dcdFjpFwAf,1.84640636789848E+018,2024-10-16 04:22:37+00:00,ranishabrina,126569072,in,"Malang, Indonesia",0,4,1,3,https://x.com/ranishabrina/status/1846406367898480714,,0,ranishabrina,
HAII kita udah di lokasi yaaa kita didepan k3mart persiss yuuk yg haus atau mau nitipin barangg!! #DAY6 #DAY6_3RD_WORLDTOUR #DAY6_FOREVER_YOUNG_INDONESIA #DAY6inSURABAYA #DAY6_FOREVER_YOUNG_SURABAYA https://t.co/l4WVA54mJJ,1.846418018488E+018,2024-10-16 05:08:55+00:00,gyunitoo,1.70363035346914E+018,in,03l,0,0,0,0,https://x.com/gyunitoo/status/1846418018488013249,,0,gyunitoo,
Lucu bgt pas ini wkwk tp rispek sih myday tetep jamming dan nyemangatin. Tenang aja desik myday got your back! #DAY6 #DAY6_3RD_WORLDTOUR #DAY6inBALI #DAY6_FOREVER_YOUNG_Indonesia #DAY6_FOREVER_YOUNG_Bali #SUNGJIN #성진 #YoungK #영케이 #WONPIL #원필 #DOWOON #도운 #데이식스 https://t.co/cwLs5aOCyp,1.84642231349715E+018,2024-10-16 05:25:59+00:00,DeisikseuJombie,1.65126395358937E+018,in,,0,1,1,2,https://x.com/DeisikseuJombie/status/1846422313497161970,,0,DeisikseuJombie,
Yang bilang day6 flop karna konser di venue kecil bilang aja lo iri sat karna idol lo gabisa konser keliling Indo,1.84642785017984E+018,2024-10-16 05:47:59+00:00,eucatastrophena,872004055,in,,86,33,585,2568,https://x.com/eucatastrophena/status/1846427850179858818,,0,eucatastrophena,
haiii myday surabaya yang masih cari makan siang aku stay di graha pena depan crunchaus yaa yuk larisin&gt;&lt; #DAY6_FOREVER_YOUNG_Indonesia #DAY6_FOREVER_YOUNG_Surabaya https://t.co/3JYJ2MlOrZ,1.84643036699712E+018,2024-10-16 05:57:59+00:00,cachoonne,8.77737074174024E+017,in,24,0,1,0,2,https://x.com/cachoonne/status/1846430366997139601,,0,cachoonne,
ga pernah kebayang kaki mungil ini melangkah sedemikian jauh dari kota kecil mengadu nasib di Jakarta mengejar impian bucket list ke Bali... bonus ketemu DAY6 full member pertama kali. #DAY6 #데이식스 #DAY6inBali #DAY6_FOREVER_YOUNG_Indonesia #DAY6_FOREVER_YOUNG_Bali https://t.co/qM5N6E6HJz,1.84644548407824E+018,2024-10-16 06:58:03+00:00,pilafwyu,1051944924,in,caratday fan-account.,1,4,2,36,https://x.com/pilafwyu/status/1846445484078256497,,0,pilafwyu,
gue nangis hebat begitu besar cinta Allah swt ke diri gue yang masih banyak kurangnya ini... ditambah dengerin sungjin ngomong kalian berhak untuk bahagia lakukan apapun yang kalian mau! #DAY6 #데이식스 #DAY6inBali #DAY6_FOREVER_YOUNG_Indonesia #DAY6_FOREVER_YOUNG_Bali https://t.co/FmHam0hxCu,1.84644555979382E+018,2024-10-16 06:58:21+00:00,pilafwyu,1051944924,in,caratday fan-account.,1,1,1,9,https://x.com/pilafwyu/status/1846445559793832142,,0,pilafwyu,
Guysss email hasil cek konfirmasi pembayaran dari mecimashop tuh berapa lama sih? #DAY6_FOREVER_YOUNG_JAKARTA,1.84645096740507E+018,2024-10-16 07:19:50+00:00,madedidu,117402549,in,storybrooke,0,1,0,1,https://x.com/madedidu/status/1846450967405076547,,0,madedidu,
Myday Surabaya yang masi cari makan siang aku di depan K3MART yaa #DAY6_FOREVER_YOUNG_Indonesia #DAY6_FOREVER_YOUNG_Surabaya https://t.co/6B7uj8IziD,1.84645875140418E+018,2024-10-16 07:50:46+00:00,loey__kkuma,1.40290609391155E+018,in,,0,0,2,2,https://x.com/loey__kkuma/status/1846458751404196288,,0,loey__kkuma,
Guys aku disekitaran famima yaa... #DAY6_FOREVER_YOUNG_Indonesia #DAY6_3RD_WORLDTOUR #DAY6_FOREVER_YOUNG_SURABAYA https://t.co/jriKWV9FTz,1.84646285556001E+018,2024-10-16 08:07:05+00:00,yunbobsan,1.06000789920261E+018,in,,0,0,0,0,https://x.com/yunbobsan/status/1846462855560024354,,0,yunbobsan,
sudah tau tercepot2 masih membuat hand banner sebelum berangkat #DAY6_FOREVER_YOUNG_Indonesia #DAY6_3RD_WORLDTOUR #DAY6_FOREVER_YOUNG_SURABAYA https://t.co/PTqynpen4y,1.84646595367841E+018,2024-10-16 08:19:23+00:00,soobprise,1.08485621930143E+018,in,"Semarang, Jawa Tengah",0,0,0,1,https://x.com/soobprise/status/1846465953678426575,,0,soobprise,
Menunggu masuk venue wedding #DAY6_FOREVER_YOUNG_Surabaya #DAY6_FOREVER_YOUNG_Indonesia https://t.co/3eYhlaiUFX,1.84646914475948E+018,2024-10-16 08:32:04+00:00,lilzorion,4330440914,in,Heaven,0,1,0,0,https://x.com/lilzorion/status/1846469144759488653,,0,lilzorion,
ya ampun scnya monster nangislah aku cuma bisa dengerin dari luar #DAY6inSBY #DAY6 #데이식스 #DAY6_3RD_WORLDTOUR #DAY6_FOREVER_YOUNG_Surabaya,1.84648636673947E+018,2024-10-16 09:40:30+00:00,prischachan_,1.6834922362085E+018,in,,0,1,1,1,https://x.com/prischachan_/status/1846486366739476541,,0,prischachan_,
first row blue alhamdulillah #DAY6inSBY #DAY6_FOREVER_YOUNG_Surabaya #DAY6_FOREVER_YOUNG_INDONESIA https://t.co/aKhHADBmrl,1.84649547081599E+018,2024-10-16 10:16:41+00:00,hyunxxhyun,489985873,in,nowhere,0,2,3,9,https://x.com/hyunxxhyun/status/1846495470815990010,,0,hyunxxhyun,
Beneran ini DAY6 di Surabaya????? Masih gak nyangka bangeett #DAY6inSBY #DAY6_FOREVER_YOUNG_Surabaya #DAY6_FOREVER_YOUNG_INDONESIA https://t.co/j4IHxgHGuv,1.84649587518466E+018,2024-10-16 10:18:17+00:00,reddianthus,1.33573549506253E+018,in,,1,0,7,22,https://x.com/reddianthus/status/1846495875184672816,,0,reddianthus,
masha allah #DAY6inSBY #DAY6inSurabaya #DAY6_3RD_WORLDTOUR #DAY6_FOREVER_YOUNG_Indonesia #DAY6_FOREVER_YOUNG_SURABAYA #데이식스 https://t.co/1Wr4x2n9Ob,1.84649721658602E+018,2024-10-16 10:23:37+00:00,hancijeu,4090838725,in,03' - she/her,2,0,15,33,https://x.com/hancijeu/status/1846497216586022967,,0,hancijeu,
Mereka keren banget demi apapun padahal baru sound check #DAY6_3RD_WORLDTOUR #DAY6_FOREVER_YOUNG_Indonesia #Day6inSurabaya https://t.co/6IhZdsnVac,1.84649789144115E+018,2024-10-16 10:26:18+00:00,nisynwafer,1.05934637349187E+018,in,Surabaya ,0,1,3,21,https://x.com/nisynwafer/status/1846497891441160267,,0,nisynwafer,
Cara cek ini di bagian mana ya? Ada yg bisa bantu? Penasaran soalnya hehe #DAY6_FOREVER_YOUNG_Jakarta,1.84649875433109E+018,2024-10-16 10:29:43+00:00,larasatiynd,44554254,in,Indonesia,0,0,0,2,https://x.com/larasatiynd/status/1846498754331103391,,0,larasatiynd,
YoungK pake kaos oblong aja bisa secakep itu #DAY6 #데이식스 #영케이 #YoungK #DAY6_FOREVER_YOUNG_Surabaya https://t.co/GGp5Xut7zY,1.84650079709554E+018,2024-10-16 10:37:51+00:00,runtoyoungke,177833779,in,senderan di punggung YoungHyun,0,1,16,77,https://x.com/runtoyoungke/status/1846500797095559228,,0,runtoyoungke,
anjay 4 kesayangan gw #DAY6_3RD_WORLDTOUR #DAY6_FOREVER_YOUNG_Indonesia #DAY6inSurabaya https://t.co/D3xzuUaEPK,1.84650468463207E+018,2024-10-16 10:53:17+00:00,ARTTAEC,313865377,in,행복하게 살자,0,0,6,9,https://x.com/ARTTAEC/status/1846504684632080625,,0,ARTTAEC,
18:53 #DOWOON - Day6 Concert'Update Surabaya - Gilaaaak keren banget cuyyy Suara drum nya gak ada obat #DAY6 #DAY6_3RD_WORLDTOUR #DAY6inSBY #Day6inSurabaya #DAY6_Forever_Young_Surabaya https://t.co/MRSt1w3xL0,1.84652006801406E+018,2024-10-16 11:54:25+00:00,terpamungkas,2855599556,in,"Sabah, Malaysia",76,3,834,2276,https://x.com/terpamungkas/status/1846520068014063784,,0,terpamungkas,
suaranya doang gapapa deh #DAY6_Forever_Young_Surabaya #Day6inSurabaya #DAY6_3RD_WORLDTOUR https://t.co/8eyaTe2KQ1,1.84652304816768E+018,2024-10-16 12:06:16+00:00,jenomolly,1.23703224946529E+018,in,,0,0,24,156,https://x.com/jenomolly/status/1846523048167694804,,0,jenomolly,
Kalo diliat-liat view konser day6 di surabaya ini rada mirip sama konser the present day6 tahun lalu ya tapi ini versi kecilnya https://t.co/pHhY6ZB7Z3,1.84652643643134E+018,2024-10-16 12:19:43+00:00,bassistadmirer,1261136755,in,,7,3,88,551,https://x.com/bassistadmirer/status/1846526436431343715,,0,bassistadmirer,
19:30 WIB- - DAY6 CONCERT'UPDATE Surabaya - #DOWOON and #YoungK sungguh kolaborasi yang sempurna mah ini sudah Letting Go (Rebooted) #DAY6_Forever_Young_Surabaya #Day6inSurabaya #day6inSBY #DAY6_3RD_WORLDTOUR #DAY6 https://t.co/DPdXCDO8gt,1.84652932109319E+018,2024-10-16 12:31:11+00:00,terpamungkas,2855599556,in,"Sabah, Malaysia",8,0,314,924,https://x.com/terpamungkas/status/1846529321093202355,,0,terpamungkas,
19:55 WIB - time of our life - DAY6 CONCERT'UPDATE Surabaya - Energi nya gak habis-habis Sumpah kucinta sampai ku ... #DAY6_Forever_Young_Surabaya #Day6inSurabaya #day6inSBY #DAY6 #DAY6_3RD_WORLDTOUR https://t.co/hjF0p6KAW5,1.84653588443663E+018,2024-10-16 12:57:16+00:00,terpamungkas,2855599556,in,"Sabah, Malaysia",6,2,243,714,https://x.com/terpamungkas/status/1846535884436639799,,0,terpamungkas,
keturutan Yeppeosseo Majimak meskipun ngemper #DAY6_FOREVER_YOUNG_Indonesia #DAY6_FOREVER_YOUNG_SBY #DAY6inSBY #DAY6inSurabaya https://t.co/osvVCwVsHX,1.84654030215022E+018,2024-10-16 13:14:49+00:00,benPeaches_,1.36768505154299E+018,in,,0,0,1,16,https://x.com/benPeaches_/status/1846540302150226094,,0,benPeaches_,
20:15 WIB She Smiled Jangan lupakan hari ini yah aku berdoa semoga Day6 dapat keanangan bagus selama world tour di Surabaya ini. Ahhhh Krn vibes nya berbeda #DAY6_Forever_Young_Surabaya #Day6inSurabaya #day6inSBY #DAY6 #DAY6_3RD_WORLDTOUR https://t.co/SvCFyiiZuZ,1.84654038619981E+018,2024-10-16 13:15:09+00:00,terpamungkas,2855599556,in,"Sabah, Malaysia",1,0,195,661,https://x.com/terpamungkas/status/1846540386199810472,,0,terpamungkas,
- DAY6 CONCERT'UPDATE Surabaya - Sungguh mengelegar harmonisasi musik yang sempurna gak nyangka DBL dibuat se WOW ini sama DAY6 dan di kota Surabaya #DAY6_Forever_Young_Surabaya #Day6inSurabaya #day6inSBY #DAY6 #DAY6_3RD_WORLDTOUR #WONPIL #DOWOON https://t.co/wNB0b5UaJo,1.84654198915381E+018,2024-10-16 13:21:31+00:00,terpamungkas,2855599556,in,"Sabah, Malaysia",4,0,132,455,https://x.com/terpamungkas/status/1846541989153829024,,0,terpamungkas,
- Day6 Concert'Update Surabaya - Dia yang pertama membuat ku cinta Dia juga yang pertama Suaranya adem banget masuk kuping. Now playing Zombie #DAY6 #DAY6_3RD_WORLDTOUR #DAY6inSBY #Day6inSurabaya #DAY6_Forever_Young_Surabaya #YOUNGK ©®Springnoons https://t.co/dbfA1iTize,1.84654389521749E+018,2024-10-16 13:29:06+00:00,terpamungkas,2855599556,in,"Sabah, Malaysia",1,0,89,270,https://x.com/terpamungkas/status/1846543895217500327,,0,terpamungkas,
- DAY6 CONCERT'UPDATE Surabaya - Defini Real MERAH MENYALASalfok dari tadi LED nya tuh indah banget ikutin alunan musiknya. Itulah kelebihan DAY6 sedetail itu #DAY6 #DAY6_3RD_WORLDTOUR #DAY6inSBY #Day6inSurabaya #DAY6_Forever_Young_Surabaya https://t.co/7bgdQKN5zX,1.84654577244958E+018,2024-10-16 13:36:33+00:00,terpamungkas,2855599556,in,"Sabah, Malaysia",6,0,279,906,https://x.com/terpamungkas/status/1846545772449587216,,0,terpamungkas,
Yepposooooo~ suaranya menggelegar sampe luar woeee #DAY6_Forever_Young_Surabaya #Day6inSurabaya #day6inSBY #DAY6_3RD_WORLDTOUR https://t.co/CJ8Whc3GVk,1.84654661299225E+018,2024-10-16 13:39:54+00:00,nuinoona,231306535,in,Surabaya - Indonesia,1,1,68,310,https://x.com/nuinoona/status/1846546612992254351,,0,nuinoona,
section ngemper pun ga kalah kerennn #DAY6 #데이식스 #DAY6inSBY #DAY6_FOREVER_YOUNG_Surabaya https://t.co/Itf2ViygDS,1.84654765457637E+018,2024-10-16 13:44:02+00:00,onlysekijeu,1.41948508200848E+018,in,STAYVILLE,2,0,11,52,https://x.com/onlysekijeu/status/1846547654576386517,,0,onlysekijeu,
Keren banget Myday Surabaya Meskipun pada ga dapet tiket kita menggalau norebang bersama You Were Beautiful @day6official #DAY6_Forever_Young_Surabaya #Day6inSurabaya #day6inSBY #DAY6_3RD_WORLDTOUR https://t.co/J6eMCfSNjO,1.84654857502473E+018,2024-10-16 13:47:42+00:00,harulee26,1.29647675453451E+018,in,,8,0,195,670,https://x.com/harulee26/status/1846548575024734640,day6official,1,harulee26,day6official
CARATbong ikut #day6inSBY ver.ngemper dulu ya sementara soon seventeen februari #DAY6_Forever_Young_indonesia #DAY6_Forever_Young_Surabaya #DAY6_3RD_WORLDTOUR https://t.co/pQ2NBHO2qq,1.8465494986063E+018,2024-10-16 13:51:22+00:00,_yikaaa,1.78159537429534E+018,in,caratland,0,1,0,4,https://x.com/_yikaaa/status/1846549498606313721,,0,_yikaaa,
sudah saat nya day6 konser one day one kota di Indonesia,1.84655032307219E+018,2024-10-16 13:54:38+00:00,xeacoo,1.04526225512888E+018,in,,0,0,0,0,https://x.com/xeacoo/status/1846550323072209014,,0,xeacoo,
Youngk notice myday ngemper section semoga next day6 bs kesini lg dg stage lebih gede ya biar semua bs nonton #DAY6_FOREVER_YOUNG_Indonesia #DAY6_FOREVER_YOUNG_SBY #DAY6inSBY #DAY6inSurabaya https://t.co/U4PgsGehaJ,1.8465523075191E+018,2024-10-16 14:02:32+00:00,letskajja,1957936568,in,read before you follow:,1,0,9,38,https://x.com/letskajja/status/1846552307519111547,,0,letskajja,
Guayaneee rek cocok pak Sungjin ayo njabat dadi Gubernur Surabaya pak! Bangun pak pimpin Surabaya kita!! #DAY6 #데이식스 #DAY6_3RD_WORLDTOUR #DAY6_FOREVER_YOUNG_INDONESIA #Day6inSurabaya https://t.co/sIZ3swTpBp,1.84655749383057E+018,2024-10-16 14:23:08+00:00,knowddeungi_,1.8095902128904E+018,in,heejayhoon ♡  🔞,0,2,19,51,https://x.com/knowddeungi_/status/1846557493830582511,,0,knowddeungi_,
subhanallah masyaallah #DAY6_FOREVER_YOUNG_Indonesia #DAY6_3RD_WORLDTOUR #DAY6inSURABAYA https://t.co/WyACU5objT,1.84655789725963E+018,2024-10-16 14:24:44+00:00,areumdowoona,524145180,in,pa/fa • 99' • selective,0,0,6,22,https://x.com/areumdowoona/status/1846557897259631000,,0,areumdowoona,
masio ngemper panggah sampe serak rapopo rapopo #DAY6 #데이식스 #DAY6_3RD_WORLDTOUR #DAY6_FOREVER_YOUNG_INDONESIA #Day6inSurabaya https://t.co/EAcR70uZXI,1.84655850602517E+018,2024-10-16 14:27:09+00:00,matcyamuffins,1.14549955045231E+018,in,Indonesia,0,0,2,8,https://x.com/matcyamuffins/status/1846558506025189440,,0,matcyamuffins,
- Day6 Concert'Update Surabaya - Akhirnya sudah selesai Show Stage day6 Malam ini di Surabaya. Semoga bisa berjumpa di lain waktu yah ‍️ Sby lagi next Panggung. Masih ada Jakarta guys #DAY6_Forever_Young_Surabaya #Day6inSurabaya #DAY6 #DAY6inSBY #DAY6_3RD_WORLDTOUR https://t.co/c2rGUEaATi,1.8465601480238E+018,2024-10-16 14:33:41+00:00,terpamungkas,2855599556,in,"Sabah, Malaysia",1,0,68,324,https://x.com/terpamungkas/status/1846560148023804374,,0,terpamungkas,
241013 DAY6 World Tour Forever Young in Bali Di Bali kita kayak orang musuhan jauh bgt ya yonk tunggu aku di jkt #DAY6 #데이식스 #DAY6inBali #DAY6_FOREVER_YOUNG_Indonesia #DAY6_FOREVER_YOUNG_Bali #YOUNGK #영케이 https://t.co/2gQFsP0J9g,1.84656044502671E+018,2024-10-16 14:34:52+00:00,monstraykidsix,1.04935526833142E+018,in,,0,0,4,8,https://x.com/monstraykidsix/status/1846560445026713615,,0,monstraykidsix,
𝕊𝕡𝕖𝕔𝕚𝕒𝕝 𝕗𝕒𝕟𝕔𝕒𝕞 #DOWOON - DAY6 KONSER'UPDATE Surabaya - Dibuang sayang Dowoon kamu lusyuuuuu sekaliih di fancam ini seperti kuromi Weh. Now Play - Dance Dance #DAY6_Forever_Young_Surabaya #Day6inSurabaya #DAY6 #DAY6inSBY #DAY6_3RD_WORLDTOUR https://t.co/YNSPPQchaY,1.84656485795044E+018,2024-10-16 14:52:24+00:00,terpamungkas,2855599556,in,"Sabah, Malaysia",0,0,14,59,https://x.com/terpamungkas/status/1846564857950458234,,0,terpamungkas,
241016 DOWOON #DAY6_FOREVER_YOUNG_Surabaya https://t.co/8u1gqWOZti,1.84656665504189E+018,2024-10-16 14:59:32+00:00,dareumdarimda,1.24592135422375E+018,in,98 | INFJ ,0,0,7,14,https://x.com/dareumdarimda/status/1846566655041896952,,0,dareumdarimda,
Kayanya day6 day6 itu kudu konser dia tiap pulau yang ada di Indonesia,1.8465725645394E+018,2024-10-16 15:23:01+00:00,springlace75,1.09127931864942E+018,in,Indonesia,0,0,0,0,https://x.com/springlace75/status/1846572564539412615,,0,springlace75,
*naikin volume* Kapan lagi makan nasi padang sambil dinyanyiin Day6 secara live? #DAY6_Forever_Young_Surabaya #Day6inSurabaya #day6inSBY #DAY6_3RD_WORLDTOUR https://t.co/0my0ufcYZ3,1.84657285153462E+018,2024-10-16 15:24:10+00:00,indahnesia30,78303208,in,"Kota Surabaya, Jawa Timur",0,1,1,16,https://x.com/indahnesia30/status/1846572851534635308,,0,indahnesia30,
semoga kalian yang diluar sini next concert bisa ketampung di dalem venue (trmasuk aku) #DAY6_FOREVER_YOUNG_Surabaya https://t.co/pAQtp0VnCm,1.84657391034052E+018,2024-10-16 15:28:22+00:00,NEK0PAI,2321672329,in,,1,0,0,8,https://x.com/NEK0PAI/status/1846573910340538621,,0,NEK0PAI,
Wkwkwk gw selalu suka liat sungjin kalo dah rempong perkara sound jujur kasian tp gemes wkwk #DAY6_Forever_Young_Surabaya #Day6inSurabaya #DAY6_3RD_WORLDTOUR https://t.co/Pecfg3CNkw,1.84657392174077E+018,2024-10-16 15:28:25+00:00,ARTTAEC,313865377,in,행복하게 살자,2,0,37,116,https://x.com/ARTTAEC/status/1846573921740771446,,0,ARTTAEC,
Day6 liat nih Day6 rugi di Surabaya gak ada day-2. Liaten talah ini adalah waktu surabaya bagian galau berjamaah #DAY6_Forever_Young_Surabaya #Day6inSurabaya #day6inSBY #DAY6_3RD_WORLDTOUR https://t.co/j79xmzw9yD,1.84657421029622E+018,2024-10-16 15:29:34+00:00,indahnesia30,78303208,in,"Kota Surabaya, Jawa Timur",1,0,6,49,https://x.com/indahnesia30/status/1846574210296230022,,0,indahnesia30,
yang di luar gk kalah seru sampe dinotice sama Young K #DAY6_FOREVER_YOUNG_Indonesia #DAY6_FOREVER_YOUNG_SBY #DAY6inSBY #Day6inSurabaya https://t.co/qW5toL5NEy,1.84657448985494E+018,2024-10-16 15:30:40+00:00,benPeaches_,1.36768505154299E+018,in,,0,0,2,2,https://x.com/benPeaches_/status/1846574489854951644,,0,benPeaches_,
241016 Day6 World tour in Surabaya Tuan mudaaa #원필 #DAY6inSBY #DAY6 #데이식스 #DAY6_3RD_WORLDTOUR #DAY6_FOREVER_YOUNG_Surabaya https://t.co/yICH0VHfjt,1.84657470528698E+018,2024-10-16 15:31:32+00:00,chakemates,1.44429562970276E+018,in,Masih buka dm krn keperluan,1,0,8,18,https://x.com/chakemates/status/1846574705286980038,,0,chakemates,
Pilkki laper habis konser mam dulu #DAY6_3RD_WORLDTOUR #DAY6_FOREVER_YOUNG_Indonesia #DAY6_FOREVER_YOUNG_Surabaya https://t.co/A77fK4lqmb,1.84657652047276E+018,2024-10-16 15:38:44+00:00,fluffymochi97,1.0190400279033E+018,in,INA,1,1,1,1,https://x.com/fluffymochi97/status/1846576520472764496,,0,fluffymochi97,
Rejeki orang sabar bisa liat Young K dari dekat #DAY6_FOREVER_YOUNG_Surabaya https://t.co/QMNwNeKwE8,1.84657656508758E+018,2024-10-16 15:38:55+00:00,naayaana_a,61451037,in,,1,0,1,12,https://x.com/naayaana_a/status/1846576565087596559,,0,naayaana_a,
Maen packing aja tautau numpuk gini See yaa mydayyy di BCIS day 2 kalo ketemu aku bagiii~ isinya macem-macem #DAY6_FOREVER_YOUNG_Indonesia #DAY6_FOREVER_YOUNG_Jakarta https://t.co/UxTE0PLvND,1.84657684891616E+018,2024-10-16 15:40:03+00:00,astronain,1.31060885088668E+018,in,💎 & 🍀 world_,1,0,1,1,https://x.com/astronain/status/1846576848916160952,,0,astronain,
lighting lagi ️️ sampe langit2 ️ #DAY6_FOREVER_YOUNG_Surabaya #DAY6_3RD_WORLDTOUR #DAY6_FOREVER_YOUNG_INDONESIA #DAY6 #DAY6INSBY https://t.co/wDWowW1uYU,1.84657772156617E+018,2024-10-16 15:43:31+00:00,budakduwit,1.31100181860063E+018,in,,0,1,1,2,https://x.com/budakduwit/status/1846577721566179755,,0,budakduwit,
DAY6 HARUS BALIK KE SURABAYA SIH PENDENGAR YG DI LUAR AJA SEGINI BANYAKNYA DAY6 TADI KATANYA MAU KE SURABAYA LAGI NANTI YAKSOK LOH YAAAA!!! #DAY6_FOREVER_YOUNG_Surabaya https://t.co/iJaqRBWbQB,1.84657813080864E+018,2024-10-16 15:45:08+00:00,naayaana_a,61451037,in,,4,1,10,68,https://x.com/naayaana_a/status/1846578130808643999,,0,naayaana_a,
Sebelumnya si bapak YoungK udah naik dan loncat2 di tempat Dowoon (lucu bgt smpe lupa videoin) trus ini naik lagi cuma buat mukul2 cymbal pake bass beliau #DAY6 #데이식스 #DAY6_3RD_WORLDTOUR #DAY6_FOREVER_YOUNG_INDONESIA #Day6inSurabaya https://t.co/WIxgZgro76,1.8465782234147E+018,2024-10-16 15:45:30+00:00,knowddeungi_,1.8095902128904E+018,in,heejayhoon ♡  🔞,0,0,0,3,https://x.com/knowddeungi_/status/1846578223414702186,,0,knowddeungi_,
Letting Go (Rebooted ver.) (Full) lagu fav aku di setlist konser kali ini skrg brhasil full fancam pas udh pake stage outfit^___^ 241016 #DAY6_FOREVER_YOUNG_Surabaya #DAY6inSURABAYA #DAY6 #데이식스 https://t.co/3RLv5NGJJM,1.84657963916426E+018,2024-10-16 15:51:08+00:00,sungjjiniya,1.80049210058646E+018,in,01L⊹₊⟡⋆,43,3,1010,2337,https://x.com/sungjjiniya/status/1846579639164268775,,0,sungjjiniya,
Konser 2 5 jam no vcr ment bentaran sisanya full perform nyanyi sampai capek karaokean bener bener worth day6. Setlistnya pun pakai tema jati diri . Luv banget.,1.84658131901657E+018,2024-10-16 15:57:48+00:00,nastarbulat,402815309,in,,65,1,651,2433,https://x.com/nastarbulat/status/1846581319016575333,,0,nastarbulat,
SUNGJIN ASLINYA 100000X LEBIH CAKEP LAGI #Day6ForeverYoung #DAY6 #데이식스 #DAY6_3RD_WORLDTOUR #DAY6_FOREVER_YOUNG_INDONESIA #DAY6inSBY https://t.co/JMAAOPuLeJ,1.84658170057653E+018,2024-10-16 15:59:19+00:00,yoomdowoon,1381249050,in,kinda ia👋🏻,7,1,30,136,https://x.com/yoomdowoon/status/1846581700576546831,,0,yoomdowoon,
Konser pertama seumur hidup MOMEN TERINDAH SEPANJANG 2024 MAKASIH UDAH GA MENYERAH DI 2023 Aku ga ngefancam guys tapi ini POV ku di konser Forever Young Day6 : Feel free to use but for not commercial thing https://t.co/Xdc1NCYzbq,1.84658204717295E+018,2024-10-16 16:00:42+00:00,jengsix,7.55185086501302E+017,in,,53,33,932,4053,https://x.com/jengsix/status/1846582047172952080,,0,jengsix,
Thanks for coming to Surabaya Semesta mendukung Day6 dateng kesini pas pohon2 lagi mekar cantik juga ️ #DAY6 #DAY6_3RD_WORLDTOUR #DAY6inSBY #Day6inSurabaya #DAY6_Forever_Young_Surabaya https://t.co/1EdeivvT9w,1.84658527002577E+018,2024-10-16 16:13:30+00:00,nugget_dinorawr,9.12049669030632E+017,in,Indonesia,0,2,6,10,https://x.com/nugget_dinorawr/status/1846585270025781262,,0,nugget_dinorawr,
sungbri malam ini 241016 #DAY6_FOREVER_YOUNG_Surabaya #DAY6inSURABAYA #DAY6 #데이식스 #성진 #영케이 https://t.co/glDHEvB78g,1.84658723840426E+018,2024-10-16 16:21:20+00:00,sungjjiniya,1.80049210058646E+018,in,01L⊹₊⟡⋆,1,0,25,79,https://x.com/sungjjiniya/status/1846587238404264231,,0,sungjjiniya,
dowoon monster sungguh masyaAllah tabarakallah #Day6ForeverYoung #DAY6 #데이식스 #DAY6_3RD_WORLDTOUR #DAY6_FOREVER_YOUNG_INDONESIA #DAY6inSBY https://t.co/tzwGOAfFVN,1.84658738179495E+018,2024-10-16 16:21:54+00:00,yoomdowoon,1381249050,in,kinda ia👋🏻,0,0,48,157,https://x.com/yoomdowoon/status/1846587381794963907,,0,yoomdowoon,
Request shoot me 3 jam maruk gak sih menurut kalian? SEKALI DOANG GAK PUAS TERIAK I'M OKAY IF YOU WANNA HURT ME BABY JUST HURT ME #DAY6inSURABAYA #DAY6_Forever_Young_Surabaya https://t.co/RbbaievLpx,1.84658955281703E+018,2024-10-16 16:30:32+00:00,loopsieoopsie,1.44665921442893E+018,in,24 - she/her - do not follow,0,1,8,18,https://x.com/loopsieoopsie/status/1846589552817045735,,0,loopsieoopsie,
maaf yah wonpil surabaya panas #DAY6inSBY #DAY6inSurabaya #DAY6_3RD_WORLDTOUR #DAY6_FOREVER_YOUNG_Indonesia #DAY6_FOREVER_YOUNG_SURABAYA #데이식스 #원필 https://t.co/PgnNdC0FMY,1.84659095720421E+018,2024-10-16 16:36:06+00:00,hancijeu,4090838725,in,03' - she/her,0,0,3,11,https://x.com/hancijeu/status/1846590957204226327,,0,hancijeu,
INI TUH SUNGJIN SADAR KAMERA GA SIH? daritadi bingung banget agak blur soalnya ss dari video #Day6ForeverYoung #DAY6 #데이식스 #DAY6_3RD_WORLDTOUR #DAY6_FOREVER_YOUNG_INDONESIA #DAY6inSBY #SUNGJIN #성진 https://t.co/YjM4tBaIz4,1.84659694845295E+018,2024-10-16 16:59:55+00:00,yoomdowoon,1381249050,in,kinda ia👋🏻,1,0,1,2,https://x.com/yoomdowoon/status/1846596948452954471,,0,yoomdowoon,
Edisi Because This Is My First Concert #DAY6_Forever_Young_Surabaya Masih ga nyangka jadi ak akan bikin thread buat kenangan #DAY6inSBY #DAY6inSurabaya https://t.co/Z5FudEn7eX,1.84660156774054E+018,2024-10-16 17:18:16+00:00,imvisibIe,9.7635985105074E+017,in,데이식스,0,1,3,14,https://x.com/imvisibIe/status/1846601567740559829,,0,imvisibIe,
wonpil's charisma shows even from distance apalagi pas jadi kang geprek #DAY6inSBY #DAY6 #데이식스 #DAY6_3RD_WORLDTOUR #DAY6_FOREVER_YOUNG_Surabaya https://t.co/lK3aEoTZIG,1.84660411506725E+018,2024-10-16 17:28:23+00:00,prischachan_,1.6834922362085E+018,in,,0,1,1,5,https://x.com/prischachan_/status/1846604115067261231,,0,prischachan_,
HARI INI SEMUA MEMBER MOOD NYA BAGUSS BANGETTT HAPPYY BANGETT TERUTAMA YOUNGK sepanjang konser meringissss terus senyum muluuuu #DAY6 #데이식스 #DAY6_3RD_WORLDTOUR #DAY6_FOREVER_YOUNG_INDONESIA #Day6inSurabaya https://t.co/SD5WO2tR33,1.84660422057497E+018,2024-10-16 17:28:49+00:00,blackglxy,8.89119262798827E+017,in,Indonesia ,0,0,0,3,https://x.com/blackglxy/status/1846604220574978459,,0,blackglxy,
ada part dimana DAY6 sama my day lomba flexing suara. kalo sama young k tuh dibercandain kalo sama wonpil yaudah deh iya aku kalah aja kalo sama kalian #DAY6_Forever_Young_Surabaya #Day6inSurabaya #DAY6_3RD_WORLDTOUR,1.84660599511789E+018,2024-10-16 17:35:52+00:00,youngcyow,1.1311974457051E+018,in,,0,1,13,59,https://x.com/youngcyow/status/1846605995117891917,,0,youngcyow,
setelah menimbang nimbang akhirnya memutuskan buat beli hoodie aja LUCU BGT HELP UDH COCOK JD CEWEKNYA SUNGJIN #DAY6_FOREVER_YOUNG_Indonesia #DAY6_3RD_WORLDTOUR #DAY6_FOREVER_YOUNG_SURABAYA https://t.co/6KBOr86UNb,1.84660821502872E+018,2024-10-16 17:44:41+00:00,soobprise,1.08485621930143E+018,in,"Semarang, Jawa Tengah",0,0,0,0,https://x.com/soobprise/status/1846608215028727888,,0,soobprise,
Apa kita jadian aja? #DAY6 #데이식스 #DAY6_3RD_WORLDTOUR #wonpil #sungjin #DAY6_FOREVER_YOUNG_Surabaya #원필 #성진 https://t.co/R6qaj0Bnpb,1.84660856832331E+018,2024-10-16 17:46:05+00:00,niagtyna,9.43780881499528E+017,in,,0,0,3,9,https://x.com/niagtyna/status/1846608568323317860,,0,niagtyna,
Young k senyum senyum mulu ak yg mleleh #DAY6 #데이식스 #DAY6_3RD_WORLDTOUR #DAY6_FOREVER_YOUNG_INDONESIA #Day6inSurabaya https://t.co/La7kGGuoPP,1.84661242295587E+018,2024-10-16 18:01:24+00:00,ashlynechoi,1.80750420144418E+018,in,,0,0,0,0,https://x.com/ashlynechoi/status/1846612422955880609,,0,ashlynechoi,
101624 #SUNGJIN #성진 MANA SUARANYAAAA??? Langsung bikin KTP Indonesia aja ga sih? Pendukungmu sebanyak ini pak #DAY6_FOREVER_YOUNG_Indonesia #DAY6_FOREVER_YOUNG_Surabaya #DAY6 #데이시스 https://t.co/CYgaFoEQSK,1.84661319892728E+018,2024-10-16 18:04:29+00:00,terdesik,2340340177,in,fan account.,0,0,3,19,https://x.com/terdesik/status/1846613198927286311,,0,terdesik,
Demi apapun bapak ini dilihat langsung tuh bener2 CAKEP BGT GA NORMAL. Apalagi tingkah tengilnya aduuhhhh #DAY6 #데이식스 #DAY6_3RD_WORLDTOUR #DAY6_FOREVER_YOUNG_INDONESIA #Day6inSurabaya https://t.co/lzMkuZrnCJ,1.84661604064373E+018,2024-10-16 18:15:47+00:00,ashlynechoi,1.80750420144418E+018,in,,0,0,0,0,https://x.com/ashlynechoi/status/1846616040643743813,,0,ashlynechoi,
pov-ku tuh tadi gini youngk: (ngomong) mba2 translator: asgdhsskdkldl myday: (gadenger) youngk: (ngomong lagi) mba2 translator: myday: wes nggih nggih wae NGGIH~~~ #Day6ForeverYoung #DAY6 #데이식스 #DAY6_3RD_WORLDTOUR #DAY6_FOREVER_YOUNG_INDONESIA #DAY6inSBY https://t.co/ngX7S9Li2x,1.84661964100492E+018,2024-10-16 18:30:05+00:00,yoomdowoon,1381249050,in,kinda ia👋🏻,1,1,1,9,https://x.com/yoomdowoon/status/1846619641004921325,,0,yoomdowoon,
OFFICIALLY MENJADI ANAK PARK SUNGJIN ️‍️‍#DAY6_FOREVER_YOUNG_Surabaya #DAY6_FOREVER_YOUNG_Indonesia https://t.co/cCJsghzUKe,1.84662251274838E+018,2024-10-16 18:41:30+00:00,lilzorion,4330440914,in,Heaven,0,0,0,0,https://x.com/lilzorion/status/1846622512748392523,,0,lilzorion,
Tiba2 on repeat dengerin suara ala venom Park Sungjin Dah ah tidurrrr tidurrr Yanaaaaa malah rewatch2 fancam sendiri #DAY6 #데이식스 #Sungjin #성진 #DAY6_FOREVER_YOUNG_Surabaya https://t.co/NJhKPZ4ucy,1.84662438350027E+018,2024-10-16 18:48:56+00:00,naayaana_a,61451037,in,,1,0,6,4,https://x.com/naayaana_a/status/1846624383500275823,,0,naayaana_a,
Sungjin's growl + Sungjin salting Gue ikutan salting YAALLAH MANIS BGT PARK SUNGJIN #DAY6_FOREVER_YOUNG_INDONESIA #DAY6 #성진 #DAY6inSBY https://t.co/XHu9Q6gSs9,1.84668524162648E+018,2024-10-16 22:50:46+00:00,ilgwazerosai,96127128,in,,0,1,0,4,https://x.com/ilgwazerosai/status/1846685241626484765,,0,ilgwazerosai,
SELAMAT PAGI KIM MAJIMAK #DAY6_Forever_Young_Surabaya #Day6inSurabaya #WONPIL #DAY6_3RD_WORLDTOUR https://t.co/AsvtE0LJaq,1.84669850053868E+018,2024-10-16 23:43:27+00:00,bangcranberry,1.19560883297144E+018,in,131122 211224,0,0,3,5,https://x.com/bangcranberry/status/1846698500538683588,,0,bangcranberry,
Bersyukur masih bisa liat pemandangan kayak di Gravity 2019. Ternyata My Day Indonesia masih konsisten buat vibing dan jamming bareng-bareng pas ngonser! #DAY6_FOREVER_YOUNG_Indonesia #DAY6_FOREVER_YOUNG_Surabaya #DAY6 #데이시스 #Sungjin #YoungK #Wonpil #Dowoon https://t.co/STIjU9qU8w,1.8467248509768E+018,2024-10-17 01:28:09+00:00,terdesik,2340340177,in,fan account.,0,0,6,17,https://x.com/terdesik/status/1846724850976805290,,0,terdesik,
 DAY6 3RD WORLD TOUR Gaisss aku mau bagiin ini nanti pas day 1 tgl 19 di BCIS siapa cepat dia dapat ya gesss soalnya beneran limited banget huhu See you myday #DAY6_FOREVER_YOUNG_Indonesia #DAY6_FOREVER_YOUNG_Jakarta https://t.co/CRnRishCAp,1.84672774746247E+018,2024-10-17 01:39:40+00:00,rstprnt,2203984801,in,,1,7,7,14,https://x.com/rstprnt/status/1846727747462484026,,0,rstprnt,
guysss makasih ya buat myday surabaya yang kemaren udah mau trade/ngasih freebies secara cuma-cuma. saya warga magelang bersama dua bocil ijin pamit makasih buat satu malam tak terlupakannya. see u when i see u #Day6inSurabaya #Day6ForeverYoung #FOREVERYOUNGINSURABAYA https://t.co/T1ALrwvmME,1.84673019984262E+018,2024-10-17 01:49:24+00:00,yoomdowoon,1381249050,in,kinda ia👋🏻,0,0,1,15,https://x.com/yoomdowoon/status/1846730199842636024,,0,yoomdowoon,
Day6 konser berasa cepet bgt dah? Kayak seminggu jalan dua minggu di indonesia kelar tapi kok berasa CEPET BGT?!?,1.84673541880674E+018,2024-10-17 02:10:09+00:00,pipupil,448753940,in,Supermarket Flower,0,0,0,0,https://x.com/pipupil/status/1846735418806751579,,0,pipupil,
D-2 ketemu desik lagi Mulai mules lagi.. #Day6 #데이식스 #DAY6_3RD_WORLDTOUR #DAY6_FOREVER_YOUNG_Jakarta #DAY6_FOREVER_YOUNG_Indonesia #DAY6inJAKARTA https://t.co/i38dtU71hr,1.84673896089647E+018,2024-10-17 02:24:13+00:00,Mell_Maysilia,608900184,in,,0,0,0,1,https://x.com/Mell_Maysilia/status/1846738960896479314,,0,Mell_Maysilia,
wajah seorang bapak yang bangga dengan anak anaknya karena wo ooo woo o nya tidak fals #Day6ForeverYoung #DAY6 #데이식스 #DAY6_3RD_WORLDTOUR #DAY6_FOREVER_YOUNG_INDONESIA #DAY6_FOREVER_YOUNG_SURABAYA #DAY6inSBY #DAY6inSURABAYA #FOREVERYOUNGINSURABAYA https://t.co/kWhBDyhvDt,1.84677454461244E+018,2024-10-17 04:45:37+00:00,yoomdowoon,1381249050,in,kinda ia👋🏻,23,1,544,1791,https://x.com/yoomdowoon/status/1846774544612446641,,0,yoomdowoon,
aku salting mampus part wonpil she smiled ini 241016 #DAY6inSBY #DAY6inSurabaya #DAY6_3RD_WORLDTOUR #DAY6_FOREVER_YOUNG_Indonesia #DAY6_FOREVER_YOUNG_SURABAYA #데이식스 #원필 https://t.co/L0eIhr4k8o,1.84678515259858E+018,2024-10-17 05:27:46+00:00,hancijeu,4090838725,in,03' - she/her,0,0,6,10,https://x.com/hancijeu/status/1846785152598597883,,0,hancijeu,
Level 2: Surabaya.. 끝~ Level 3 Jakarta #DAY6_FOREVER_YOUNG_Indonesia https://t.co/LLs61hbPKg,1.84678560951764E+018,2024-10-17 05:29:35+00:00,cabecabrian,707102874,in,6.2,0,1,0,11,https://x.com/cabecabrian/status/1846785609517650112,,0,cabecabrian,
kata gue abis ini day6 mending konser di 10 kota besar Indonesia,1.84679553683133E+018,2024-10-17 06:09:02+00:00,aintsuperstar,1.2401815587424E+018,in,_world,0,0,0,0,https://x.com/aintsuperstar/status/1846795536831336823,,0,aintsuperstar,
keknya bisa deh ini tour Indo aja semua wilayah indonesia butuh konser Day6 ,1.84681593057757E+018,2024-10-17 07:30:04+00:00,euforiyah,126515424,in,🙏🏻🎧⚽🏸📽️🥿,0,0,0,0,https://x.com/euforiyah/status/1846815930577571903,,0,euforiyah,
keren kah begitu #DAY6_Forever_Young_Surabaya #Day6inSurabaya #DAY6_3RD_WORLDTOUR https://t.co/WXMgVoW1k6,1.84681752913168E+018,2024-10-17 07:36:25+00:00,161kilograms,8.61473106199666E+017,in,,0,0,19,43,https://x.com/161kilograms/status/1846817529131683918,,0,161kilograms,
#DAY6_FOREVER_YOUNG_Surabaya KACAUUUUUUU SIH SEMALAM THANKYOU MYDAY SBY SUARANYA MENGGELEGARRRRRRR AKU GABISA MOVEON INIIIIII #DAY6_FOREVER_YOUNG_Indonesia https://t.co/NwtNqdhWYA,1.84682641175318E+018,2024-10-17 08:11:43+00:00,gkslzktlndpe,507205526,in,,0,0,0,0,https://x.com/gkslzktlndpe/status/1846826411753198000,,0,gkslzktlndpe,
Aku gatau harus memproses hidup seperti apa lagi... aku masuk KK kamu bisa ga sih bapak Sungjin #DAY6 #데이식스 #DAY6_3RD_WORLDTOUR #DAY6_FOREVER_YOUNG_INDONESIA #Day6inSurabaya https://t.co/6q2ezdZFNQ,1.84682860252203E+018,2024-10-17 08:20:25+00:00,knowddeungi_,1.8095902128904E+018,in,heejayhoon ♡  🔞,0,0,0,2,https://x.com/knowddeungi_/status/1846828602522034322,,0,knowddeungi_,
Aku gemas sama interaksi YoungK Dowoon kayak bocah² playful di belakang bapaknya #DAY6_Forever_Young_Surabaya #DAY6inSBY #DAY6_3RD_WORLDTOUR Aku enggak pakein wm ya. Let's just respect each other https://t.co/O9zUsU5Exi,1.8468344917191E+018,2024-10-17 08:43:50+00:00,cheriehighway,1.43376548793505E+018,in,"Kota Surabaya, Jawa Timur",0,1,0,3,https://x.com/cheriehighway/status/1846834491719111073,,0,cheriehighway,
241016 My Day kapan lagi nyanyi disediain mic sama YoungK #DAY6inSBY #DAY6_3RD_WORLDTOUR #Day6_FOREVER_YOUNG_INDONESIA https://t.co/0B84FjSBSW,1.84683705246336E+018,2024-10-17 08:54:00+00:00,MXXNKEIKU,1.82521279740969E+018,in,,0,0,0,1,https://x.com/MXXNKEIKU/status/1846837052463370745,,0,MXXNKEIKU,
241016 Wonpil Shxtty Game kaget bgt berasa ditunjuk #DAY6inSBY #DAY6_3RD_WORLDTOUR #Day6_FOREVER_YOUNG_INDONESIA https://t.co/gq2iWv4HwA,1.84683811207457E+018,2024-10-17 08:58:13+00:00,MXXNKEIKU,1.82521279740969E+018,in,,0,0,0,1,https://x.com/MXXNKEIKU/status/1846838112074584243,,0,MXXNKEIKU,
241016 #DOWOON #윤도운 perkenalan kok setengah2 08 berapa? #Day6ForeverYoung #DAY6 #데이식스 #DAY6_3RD_WORLDTOUR #DAY6_FOREVER_YOUNG_INDONESIA #DAY6_FOREVER_YOUNG_SURABAYA #DAY6inSBY #DAY6inSURABAYA #FOREVERYOUNGINSURABAYA https://t.co/3kSvXsijSS,1.84684067910607E+018,2024-10-17 09:08:25+00:00,yoomdowoon,1381249050,in,kinda ia👋🏻,0,0,0,6,https://x.com/yoomdowoon/status/1846840679106072966,,0,yoomdowoon,
241016 YoungK Shxtty Game Happy bgt dia yg begitu kita yg ketar ketir awas kepleset #DAY6inSBY #DAY6_3RD_WORLDTOUR #Day6_FOREVER_YOUNG_INDONESIA https://t.co/BXb53wwKIu,1.84684069412551E+018,2024-10-17 09:08:28+00:00,MXXNKEIKU,1.82521279740969E+018,in,,0,0,0,4,https://x.com/MXXNKEIKU/status/1846840694125522944,,0,MXXNKEIKU,
ngelap keringet aja gaya #DAY6_FOREVER_YOUNG_Surabaya #DAY6_3RD_WORLDTOUR #DAY6_FOREVER_YOUNG_INDONESIA #DAY6 #DAY6INSBY https://t.co/pPhskQnTmb,1.84685985286768E+018,2024-10-17 10:24:36+00:00,budakduwit,1.31100181860063E+018,in,,0,1,0,1,https://x.com/budakduwit/status/1846859852867686807,,0,budakduwit,
sampai jumpa d jkt!! #DAY6_FOREVER_YOUNG_Surabaya #DAY6_3RD_WORLDTOUR #DAY6_FOREVER_YOUNG_INDONESIA #DAY6 #DAY6INSBY https://t.co/gSnqdPWiIW,1.84687140501268E+018,2024-10-17 11:10:30+00:00,budakduwit,1.31100181860063E+018,in,,0,1,0,0,https://x.com/budakduwit/status/1846871405012697111,,0,budakduwit,
 HAPPY Full ver Tapi maapin pertama kali konser tangan tremor + audio bocor #Day6inSurabaya #Day6inSBY #DAY6_3RD_WORLDTOUR #DAY6_FOREVER_YOUNG_SURABAYA #DAY6_FOREVER_YOUNG_INDONESIA https://t.co/4Xxi5ekhQN,1.84687167442123E+018,2024-10-17 11:11:35+00:00,icyfoxgalaxy,2153688104,in,🇮🇩 | my beloved 🐥🐰🐨🦝,1,2,1,11,https://x.com/icyfoxgalaxy/status/1846871674421235876,,0,icyfoxgalaxy,
Tolong abisin #DAY6_FOREVER_YOUNG_JAKARTA #DAY6_3RD_WORLDTOUR #DAY6_FOREVER_YOUNG_INDONESIA https://t.co/HynXw0XfZM,1.84689889714868E+018,2024-10-17 12:59:45+00:00,canoonim,235101703,in,Indonesia,0,3,0,1,https://x.com/canoonim/status/1846898897148694813,,0,canoonim,
Sopan kah kamu kalo kaya gitu Mas Brian? #DAY6inSBY #DAY6_3RD_WORLDTOUR #DAY6_FOREVER_YOUNG_Indonesia https://t.co/Irc6xYDgP1,1.8468991101312E+018,2024-10-17 13:00:36+00:00,spicyhuha,1.55430792582047E+018,in,,0,1,0,0,https://x.com/spicyhuha/status/1846899110131212515,,0,spicyhuha,
Percuma lu ganteng kalo ketutupan drum set lu itu #DAY6inSBY #DAY6_3RD_WORLDTOUR #DAY6_FOREVER_YOUNG_Indonesia https://t.co/Q4rFtkAYpw,1.84689963215852E+018,2024-10-17 13:02:40+00:00,spicyhuha,1.55430792582047E+018,in,,0,0,0,2,https://x.com/spicyhuha/status/1846899632158527914,,0,spicyhuha,
Rilisnya album solo Sungjin di tengah2 World Tour DAY6 ini ngingetin momen rilisan mini album Remember Us: Youth Part 2. 8 Desember 2018: Konser Youth di Jakarta 10 Desember 2018: Remember Us rilis Bisa gituu?? Bisa2 momennya ketika DAY6-nya sama2 di Indonesia...,1.84691848414572E+018,2024-10-17 14:17:35+00:00,happyfyt,1.17980403614644E+018,in,,0,0,0,0,https://x.com/happyfyt/status/1846918484145721541,,0,happyfyt,
Ayo tunjukin ke Young K kalau kamu juga punya Ricky. Cek shopeenya Daydream Art Studio yuk https://t.co/0UQmlu1w4j #DAY6_3RD_WORLDTOUR #DAY6_FOREVER_YOUNG_INDONESIA #DAY6_FOREVER_YOUNG_JAKARTA #DAY6_FOREVER_YOUNG_Indonesia https://t.co/ilBTgzmijr,1.84692810429784E+018,2024-10-17 14:55:48+00:00,a_natasyaa,67796321,in,Earth ,0,0,0,0,https://x.com/a_natasyaa/status/1846928104297845218,,0,a_natasyaa,
SUNGJIN MANIA MANA SUARANYAAA 16102024 #Sungjin #성진 #DAY6_3RD_WORLDTOUR #FOREVER_YOUNG #DAY6_FOREVER_YOUNG_Surabaya #DAY6inSBY #DAY6inSurabaya https://t.co/ea6qgz1aqT,1.84694079349761E+018,2024-10-17 15:46:14+00:00,cherrydalkomhae,79103989,in,,0,0,7,9,https://x.com/cherrydalkomhae/status/1846940793497629126,,0,cherrydalkomhae,
Janji gak AHH~ duluan disesi noraebang days gone by? #DAY6 #데이식스 #DAY6inBali #DAY6_FOREVER_YOUNG_Indonesia #DAY6_FOREVER_YOUNG_Bali https://t.co/psOxDhOd36,1.84694554735539E+018,2024-10-17 16:05:07+00:00,monstraykidsix,1.04935526833142E+018,in,,0,0,0,1,https://x.com/monstraykidsix/status/1846945547355406459,,0,monstraykidsix,
Pesona lelaki yg membuka earphone-nya. #DAY6 #데이식스 #DAY6_3RD_WORLDTOUR #FOREVER_YOUNG #Band_Aid #녹아내려요 #DAY6_FOREVER_YOUNG_Indonesia #Sungjin https://t.co/j5v2ymdPvY,1.8469459605152E+018,2024-10-17 16:06:46+00:00,marizkay,100740891,in,"Jakarta Capital Region, Indone",0,0,2,5,https://x.com/marizkay/status/1846945960515207665,,0,marizkay,
241016 #데이식스 #성진 Sungjin : MANA SUARANYA??? #DAY6_FOREVER_YOUNG_SURABAYA #DAY6_3RD_WORLDTOUR #DAY6_FOREVER_YOUNG_INDONESIA https://t.co/qsiNJbaXLU,1.84696587187042E+018,2024-10-17 17:25:53+00:00,yongkfox,159489207,in,,0,1,1,2,https://x.com/yongkfox/status/1846965871870435364,,0,yongkfox,
KANGEEEEEN DAY6 #DAY6_FOREVER_YOUNG_Surabaya #Day6inSurabaya #Day6_FOREVER_YOUNG_Indonesia https://t.co/au8Bhc5EzI,1.84706230256006E+018,2024-10-17 23:49:04+00:00,ddouuuun,1.50258439133104E+018,nl,,0,0,2,1,https://x.com/ddouuuun/status/1847062302560079891,,0,ddouuuun,
gimana ga oleng gw tiap mau ngefancam dowoon depan dia bentukannya kaya begini #Day6ForeverYoung #DAY6 #데이식스 #DAY6_3RD_WORLDTOUR #DAY6_FOREVER_YOUNG_INDONESIA #DAY6_FOREVER_YOUNG_SURABAYA #DAY6inSURABAYA #FOREVERYOUNGINSURABAYA https://t.co/GxRntUcbjg,1.84706792424438E+018,2024-10-18 00:11:24+00:00,yoomdowoon,1381249050,in,kinda ia👋🏻,0,0,1,2,https://x.com/yoomdowoon/status/1847067924244390206,,0,yoomdowoon,
Semua orang harus tau young k geol geol dan ngasih big hatteu pas say wow dudut knp gemes bgtsiiii pen cubit #DAY6 #DAY6_3RD_WORLDTOUR #DAY6inBALI #DAY6_FOREVER_YOUNG_Indonesia #DAY6_FOREVER_YOUNG_Bali #SUNGJIN #성진 #YoungK #영케이 #WONPIL #원필 #DOWOON #도운 #데이식스 https://t.co/xg11SrJtDU,1.84707737535773E+018,2024-10-18 00:48:57+00:00,DeisikseuJombie,1.65126395358937E+018,in,,0,0,0,4,https://x.com/DeisikseuJombie/status/1847077375357734921,,0,DeisikseuJombie,
@curahanhatinim Kak aku pengen tau dulu tu pas masih fase fase everyday6 mereka dikenal di Indonesia promosinya lewat apa? Aku baru mengikuti day6 tahun 2019 soalnya pas mereka konser gravity jadi penasaran sama myday myday yg udah dari jaman mereka busking ,1.84709932985901E+018,2024-10-18 02:16:12+00:00,yellouedaisy,1.04200069760296E+018,in,,0,0,0,0,https://x.com/yellouedaisy/status/1847099329859014849,curahanhatinim,1,yellouedaisy,curahanhatinim
D-1 udah siap teriak paling kenceng buat semangatin mas drumm Ga sabar besok mau nyamperin dia ke Jakarta dalam mode kerja wkwkwk Get ready with me #DAY6_FOREVER_YOUNG_JAKARTA https://t.co/hIsJ6Rl8IV,1.84711025122253E+018,2024-10-18 02:59:36+00:00,masdrumm,1.82080602634362E+018,in,,3,11,9,208,https://x.com/masdrumm/status/1847110251222536646,,0,masdrumm,
PREVIEW TINCASE EUY.. dibuat dengan penuh cinta Sampe bertemu hari Minggu nanti!!!!!!! #DAY6_FOREVER_YOUNG_Indonesia https://t.co/U4uLEq3WS2,1.84711437684907E+018,2024-10-18 03:15:59+00:00,heiseonberg,168670325,in,,4,0,1,12,https://x.com/heiseonberg/status/1847114376849072263,,0,heiseonberg,
anjay umbul2 superband udah ada #DAY6_3RD_WORLDTOUR #DAY6inJAKARTA #DAY6_FOREVER_YOUNG_Indonesia #DAY6_FOREVER_YOUNG_Jakarta https://t.co/O03xBC19Jx,1.84712045599362E+018,2024-10-18 03:40:09+00:00,seungwoodzzz,1.13677368078713E+018,in,neocity ,0,0,0,1,https://x.com/seungwoodzzz/status/1847120455993639079,,0,seungwoodzzz,
Sungjin S-nya strreesssss separuh nafas ️‍ #DAY6_FOREVER_YOUNG_Surabaya #DAY6_FOREVER_YOUNG_Indonesia https://t.co/kuiHRbkKj8,1.84712324765526E+018,2024-10-18 03:51:14+00:00,lilzorion,4330440914,in,Heaven,0,0,0,1,https://x.com/lilzorion/status/1847123247655276989,,0,lilzorion,
Sungjin balik konseran di indonesia lanjut ada event bareng day6 lanjut konser solo albumnya dia. Sehat-sehat suami aku ,1.84713260664485E+018,2024-10-18 04:28:26+00:00,yeolloey,1483555860,in,,0,0,0,0,https://x.com/yeolloey/status/1847132606644867557,,0,yeolloey,
12.42 PM LED gate nya terpantau masih WIP #DAY6_FOREVER_YOUNG_JAKARTA #DAY6 https://t.co/votZzIi6rh,1.84715171064261E+018,2024-10-18 05:44:20+00:00,pilcarrots,2576637853,in,Virtual Insanity,0,0,0,2,https://x.com/pilcarrots/status/1847151710642622647,,0,pilcarrots,
Guys info parkir mobil terdekat dimana yaa?? #DAY6_FOREVER_YOUNG_Indonesia #Day6 #Ancol,1.84715563856637E+018,2024-10-18 05:59:57+00:00,Ti_2598,1.14024848210976E+018,in,,0,1,0,0,https://x.com/Ti_2598/status/1847155638566375561,,0,Ti_2598,
Gk bisa bayangin 20 okt konser penutup world tour day6 di indonesia terus besoknya presiden dan wapres kita dah ganti anjirr shitt lahh,1.84715591955946E+018,2024-10-18 06:01:04+00:00,marshma11ow67,2236225003,in,"Jakarta, Indonesia",0,0,0,0,https://x.com/marshma11ow67/status/1847155919559467169,,0,marshma11ow67,
H-1 aaaa mau ketemu doun hueee H-2 anaknya lupa update.. maaapin #DAY6_FOREVER_YOUNG_Indonesia #DAY6_FOREVER_YOUNG_JAKARTA https://t.co/zGDSNU0sr6,1.8471663437345E+018,2024-10-18 06:42:29+00:00,gfpcy23,1.52672467210851E+018,in,"EXO,BP,DAY6,NCT,SVT,ENHYPEN",0,0,0,0,https://x.com/gfpcy23/status/1847166343734509662,,0,gfpcy23,
@0430_rosegirl Surabaya aja bagus ya ntar gabayangin kalo day6 konser di bagian timur indonesia yg isinya penyanyi handal semua orang timur itu buset dah bukan penyanyi aja suaranya kek penyanyi semua,1.84717598508474E+018,2024-10-18 07:20:48+00:00,22c__a,160055429,in,,0,0,0,1,https://x.com/22c__a/status/1847175985084748252,0430_rosegirl,1,22c__a,0430_rosegirl
Si mengdut ini petakilan banget lagi full batery kah #DAY6inSBY #DAY6_3RD_WORLDTOUR #DAY6_FOREVER_YOUNG_Indonesia https://t.co/CUlYZqCksV,1.84718351461533E+018,2024-10-18 07:50:43+00:00,spicyhuha,1.55430792582047E+018,in,,0,0,0,0,https://x.com/spicyhuha/status/1847183514615337437,,0,spicyhuha,
Udah upgrade aja bus ya #DAY6_FOREVER_YOUNG_Indonesia https://t.co/YkcuZgxX4T,1.84718640186941E+018,2024-10-18 08:02:11+00:00,keyboardwon94,1.76506792828909E+018,in,,0,0,0,0,https://x.com/keyboardwon94/status/1847186401869418953,,0,keyboardwon94,
31/31 (cuma 31 video ternyata) #DAY6 #데이식스 #Sungjin #성진 #YoungK #영케이 #Wonpil #원필 #Dowoon #도운 #day6insurabaya #day6foreveryoung https://t.co/oaZkf7sZxx,1.84719709106574E+018,2024-10-18 08:44:40+00:00,_songsun,1.34539708593632E+018,in,,0,0,0,0,https://x.com/_songsun/status/1847197091065745481,,0,_songsun,
Aaaahhhh gk sabar konser nya besok! #DAY6_FOREVER_YOUNG_Indonesia #DAY6_FOREVER_YOUNG_Jakarta https://t.co/2IYV3WoxLa,1.84720157165186E+018,2024-10-18 09:02:28+00:00,EskrimCokoPan,1.01979010000624E+018,in,62,0,1,2,9,https://x.com/EskrimCokoPan/status/1847201571651871197,,0,EskrimCokoPan,
ini sambil ngeluarin unek unek apa ya #DAY6 #데이식스 #Day6inSBY #DAY6_FOREVER_YOUNG_Indonesia #DAY6_FOREVER_YOUNG_Surabaya https://t.co/nVnI165udF,1.8472027522142E+018,2024-10-18 09:07:10+00:00,lensof_hao,1.15218997634117E+018,in,𝒄𝒂𝒓𝒂𝒕𝒍𝒂𝒏𝒅,1,0,0,2,https://x.com/lensof_hao/status/1847202752214204434,,0,lensof_hao,
Brian B nya BOJO KULO Sungjkn S nya Sugeng enjing mas sungjin bade ngunjuk kopi nopo mboten? #DAY6_FOREVER_YOUNG_SURABAYA https://t.co/ty0qhlp5EC,1.84722109367077E+018,2024-10-18 10:20:03+00:00,ijjimalja,1.00243816673162E+018,in,(𝑆𝘩𝑒/𝘩𝑒𝑟),0,1,1,3,https://x.com/ijjimalja/status/1847221093670781134,,0,ijjimalja,
prestasi forever young suarabaya masup layaaarrrr #DAY6 #데이식스 #DAY6_3RD_WORLDTOUR #DAY6_FOREVER_YOUNG_INDONESIA #Day6inSurabaya https://t.co/srA1Rtjpct,1.84723251224816E+018,2024-10-18 11:05:25+00:00,goleransaram,1279750910,in,yk♥,0,0,0,1,https://x.com/goleransaram/status/1847232512248177095,,0,goleransaram,
241013 DAY6 World Tour Forever Young in Bali Selain ingin melihat ibu bapaku bahagia ku juga mau lihat park sungjin bahagia selalu ya tuhan #DAY6 #데이식스 #DAY6inBali #DAY6_FOREVER_YOUNG_Indonesia #DAY6_FOREVER_YOUNG_Bali #SUNGJIN #성진 https://t.co/gqrvqIpZ27,1.84723585703369E+018,2024-10-18 11:18:42+00:00,monstraykidsix,1.04935526833142E+018,in,,9,0,173,483,https://x.com/monstraykidsix/status/1847235857033691237,,0,monstraykidsix,
Siapa yang besok ke Beach City International Stadium? Nonton @day6official hari pertama hari kedua atau dua-duanya guys?? See you there! #DAY6_FOREVER_YOUNG_INDONESIA @mecimapro https://t.co/s8JLgLgneA,1.84724424574646E+018,2024-10-18 11:52:02+00:00,TonightShow_NET,1423152121,in,"DKI Jakarta, Indonesia",605,291,464,2220,https://x.com/TonightShow_NET/status/1847244245746479389,"day6official,mecimapro",2,TonightShow_NET,day6official
day6 plis konser ke indonesia lagi tapi hari minggu bisa ga,1.84727162916192E+018,2024-10-18 13:40:51+00:00,ricenegg,7.788041575368E+017,in,"Klaten, Jawa Tengah",0,0,0,0,https://x.com/ricenegg/status/1847271629161927122,,0,ricenegg,
me : om sungjin lucu banget : emang dia ngapain? me : kena confentti #DAY6 #데이식스 #Day6inSBY #DAY6_FOREVER_YOUNG_Indonesia #DAY6_FOREVER_YOUNG_Surabaya https://t.co/tajVJuXUeU,1.84727465255049E+018,2024-10-18 13:52:52+00:00,lensof_hao,1.15218997634117E+018,in,𝒄𝒂𝒓𝒂𝒕𝒍𝒂𝒏𝒅,0,0,0,0,https://x.com/lensof_hao/status/1847274652550496310,,0,lensof_hao,
LUCU BGT PAPAH #DAY6inSBY #DAY6inSurabaya #DAY6_3RD_WORLDTOUR #DAY6_FOREVER_YOUNG_Indonesia #DAY6_FOREVER_YOUNG_SURABAYA #데이식스 #성진 #sungjin https://t.co/UPOBVjEpKh,1.8472876369496E+018,2024-10-18 14:44:28+00:00,hancijeu,4090838725,in,03' - she/her,0,0,0,3,https://x.com/hancijeu/status/1847287636949614673,,0,hancijeu,
Ternyata konser level 2 alias day6 di surabaya juga udahhh tadi lewat vt projectnya. GILA BENERAN KEREN COY sampe membernya gak sabar sama nanti apa yang bakal mereka dapet di Jakarta sebagai last stop Indonesia Tour nya. Keren fans Day6 RESPECT! Kreativitasnya juara,1.8472880857612E+018,2024-10-18 14:46:15+00:00,ooohia,1.1092958731528E+018,in,,0,1,0,0,https://x.com/ooohia/status/1847288085761200311,,0,ooohia,
myday ada yg masih cari penginapan buat konser day6 jkt day1? semalem doang tapi sabtu ke minggu (minggu siang jam 12 check out) apart jarak 4 8km skitar 11 menit dari bcis ada dua temenku yg mendadak cancel soalnya #DAY6_FOREVER_YOUNG_Jakarta #DAY6_FOREVER_YOUNG_Indonesia,1.84728931014555E+018,2024-10-18 14:51:07+00:00,got7woy,1.03210430727168E+018,in,,0,2,1,0,https://x.com/got7woy/status/1847289310145552799,,0,got7woy,
ayah : km besok nonton konser dimana? aku : ancol ayah : brp tiketnya? aku : 2jt udh semua sm trip kok (MAAF YA AYAH AKU BOONK) ayah : nonton konser siapa sih? aku : day6 ayah : yang mana sih? member nya 6 ya? aku : hmm 4.. percakapan malam ini sm ayah ku,1.84729009814621E+018,2024-10-18 14:54:15+00:00,kyungsoowh,1.3054954442067E+018,in,𝐬𝐡𝐞/𝐡𝐞𝐫 ㅡ 03,20,27,14,231,https://x.com/kyungsoowh/status/1847290098146218116,,0,kyungsoowh,
241016 Surabaya MANTAP #DAY6_FOREVER_YOUNG_Surabaya #YOUNGK https://t.co/1LYIf2kMJw,1.84729427121454E+018,2024-10-18 15:10:49+00:00,dareumdarimda,1.24592135422375E+018,in,98 | INFJ ,0,0,0,6,https://x.com/dareumdarimda/status/1847294271214542892,,0,dareumdarimda,
 Freebiesku udah jadi untuk konser Day6 Forever Young in Jakarta (Day 1) Tapi ini limited qty Aku mau bagiin ke mutual aja kayaknya yang nanti bakal ketemu See you mentemen My Day __ #DAY6_Forever_Young_Indonesia #DAY6_Forever_Young_Jakarta #Day6inJakarta https://t.co/3ymS7ZYIV1,1.84730028446649E+018,2024-10-18 15:34:43+00:00,udiodia,60930420,in,Indonesia,1,3,3,6,https://x.com/udiodia/status/1847300284466491545,,0,udiodia,
Pas sedang mendalami lagu day6 yang buat konser baru sadar kalo di lagu dance dance tuh ada suara aa iyaa iyaa iyaa a tapi gtw siapa yg biasanya nyanyiin langsung Ternyata dowoon Mkasie ya km suda mengekspresikan dengan jelas aa iya iya a nya jd aku ga penisirin lagi https://t.co/qg8OgkrZM8,1.84730215666123E+018,2024-10-18 15:42:10+00:00,quackGshock,1.38707439834814E+018,in,,13,0,210,1140,https://x.com/quackGshock/status/1847302156661239860,,0,quackGshock,
youngk senyum lebar mulu selama di dbl kemaren huhu suka #DAY6 #데이식스 #Day6inSBY #DAY6_FOREVER_YOUNG_Indonesia #DAY6_FOREVER_YOUNG_Surabaya https://t.co/hENTNAeZBB,1.84730797046985E+018,2024-10-18 16:05:16+00:00,baeksomething,2996000388,in,Indonesia,0,0,0,0,https://x.com/baeksomething/status/1847307970469859701,,0,baeksomething,
@Jenny1807731381 ok akhirnya nemu jawaban kenapa day6 bisa ngonser di surabaya asli denger konser kpop di surabaya tuh masih terdengar kaya dongeng wkwk,1.84731073025061E+018,2024-10-18 16:16:14+00:00,kucingbeIang,1.40043567484347E+018,in,,21,0,226,5357,https://x.com/kucingbeIang/status/1847310730250625140,Jenny1807731381,1,kucingbeIang,Jenny1807731381
241013 DAY6 World Tour Forever Young in Bali GALAK TAPI SUKA. Sungjin nih kenapa ya hobi bgt nganuin pipinya pake lidah kayak pls stop.... #DAY6 #데이식스 #DAY6inBali #DAY6_FOREVER_YOUNG_Indonesia #DAY6_FOREVER_YOUNG_Bali #SUNGJIN #성진 https://t.co/1l39NLBCcP,1.84731157733219E+018,2024-10-18 16:19:36+00:00,monstraykidsix,1.04935526833142E+018,in,,7,0,185,602,https://x.com/monstraykidsix/status/1847311577332203725,,0,monstraykidsix,
@dinday6_ Plis aku ga nonton konser jakarta bali atau surabaya tapi aku cerita sama suami ku kalo day6 konser di 3 kota di indonesia padahal di negara lain cuma sehari atau 2 hari. Suami ku langsung kepo wkwkwk,1.84732265423324E+018,2024-10-18 17:03:37+00:00,Ranaihey,1.51205320344534E+018,in,,0,0,0,0,https://x.com/Ranaihey/status/1847322654233248054,dinday6_,1,Ranaihey,dinday6_
padahal cuman senyum tapi bikin histeris #DAY6 #데이식스 #Day6inSBY #DAY6_FOREVER_YOUNG_Indonesia #DAY6_FOREVER_YOUNG_Surabaya https://t.co/hTnlAOz5wW,1.84734834954202E+018,2024-10-18 18:45:43+00:00,lensof_hao,1.15218997634117E+018,in,𝒄𝒂𝒓𝒂𝒕𝒍𝒂𝒏𝒅,0,0,0,0,https://x.com/lensof_hao/status/1847348349542027441,,0,lensof_hao,
Guysss ada yang berangkat dari jakarta pusat (salemba dan sekitarnya) pas day 2? Nyari temen pp : ) #데이식스 #DAY6_FOREVER_YOUNG_Jakarta #DAY6_FOREVER_YOUNG_Indonesia #DAY6_3RD_WORLDTOUR #Day6inJakarta,1.84739661029856E+018,2024-10-18 21:57:29+00:00,fxxkthewords,536367255,in,25+,0,0,0,0,https://x.com/fxxkthewords/status/1847396610298564787,,0,fxxkthewords,
@BBRlAN @1 Waw asiknya konser di 3 kota Indonesia semangat terus ya Hyung. Lagu day6? Kebetulan aku blm begitu tau lagu lagu nya mungkin Hyung bisa merekomendasikan lagu buat aku?,1.84740250351796E+018,2024-10-18 22:20:54+00:00,IminyooJ,1.55036128245215E+018,in,에스파 카리나 ; Selective user.,0,0,0,0,https://x.com/IminyooJ/status/1847402503517970934,"BBRlAN,1",2,IminyooJ,BBRlAN
ANNYEONG MAYDAY Buat yang mau makan siang hemat dan kenyang nanti jangan lupa temui kita ya ada Bento/Rice Bowl 20k an aja Dengan menu Crispy Chicken Saus Bangkok Follow/like/rt kita biar ga ketinggalan update nya #DAY6_FOREVER_YOUNG_Jakarta #DAY6_FOREVER_YOUNG_Indonesia https://t.co/W5H17OGAtR,1.84741893657874E+018,2024-10-18 23:26:12+00:00,ricebowl_oppa,1.30820799578068E+018,in,,1,0,0,1,https://x.com/ricebowl_oppa/status/1847418936578756810,,0,ricebowl_oppa,
Tangan Sungjin sibuk #DAY6_FOREVER_YOUNG_INDONESIA #DAY6 #성진 #DAY6inSBY https://t.co/BHAxLdzOSd,1.8474288394647E+018,2024-10-19 00:05:33+00:00,ilgwazerosai,96127128,in,,0,1,0,0,https://x.com/ilgwazerosai/status/1847428839464718649,,0,ilgwazerosai,
oh iya pas kemarin di Bali aku gasengaja nemu ini pas lagi jalan keluar venue zzzZzz barangkali ada tau punya siapa.. aku bawain ke BCIS tapi aku cuma nonton day-1 ajah #DAY6 #DAY6_3RD_WORLDTOUR #DAY6inJakarta #데이시스 #DAY6_FOREVER_YOUNG_Jakarta #Day6_Forever_Young_Bali https://t.co/DRoYpX8ZoA,1.84744813958812E+018,2024-10-19 01:22:15+00:00,pilafwyu,1051944924,in,caratday fan-account.,0,1,0,1,https://x.com/pilafwyu/status/1847448139588129006,,0,pilafwyu,
Mau ketemu Bapak Sungjin si komplotan capri anti nangis srooottt di depan yeoreobun seperti Kyungsoo bersama my plushie Nicc #DAY6_Forever_Young_Jakarta #Day6inJakarta #DAY6_3RD_WORLDTOUR https://t.co/GNtD0jyrle,1.84745303073378E+018,2024-10-19 01:41:41+00:00,dandeaniee,1.69339055675034E+018,in,уоu.wіᥣᥣ.knоvv,1,14,0,51,https://x.com/dandeaniee/status/1847453030733795712,,0,dandeaniee,
Sungjin after soundcheck be like mana nih yang bisa gue makan alias GALAK BGT TAKUT #DAY6_FOREVER_YOUNG_INDONESIA #DAY6 #성진 #DAY6inSBY https://t.co/9AhF15W41N,1.84746603146558E+018,2024-10-19 02:33:20+00:00,ilgwazerosai,96127128,in,,0,1,0,3,https://x.com/ilgwazerosai/status/1847466031465582850,,0,ilgwazerosai,
selangkah lebih dekat bertemu Papah Sungjin dan teman-temannya #DAY6_FOREVER_YOUNG_JAKARTA https://t.co/r50d3TGWfQ,1.84747063312458E+018,2024-10-19 02:51:37+00:00,sanitamima,1.6460807475756E+018,in,,0,0,0,2,https://x.com/sanitamima/status/1847470633124581572,,0,sanitamima,
hal pertama yang terlintas di kepala setelah liat umbul-umbul sungjin: SUNGKEM‍️ #DAY6_FOREVER_YOUNG_Jakarta https://t.co/iDhiJGpnUg,1.84747339970008E+018,2024-10-19 03:02:37+00:00,anxxrnjk,1.30287972338767E+018,in,,0,1,0,6,https://x.com/anxxrnjk/status/1847473399700082968,,0,anxxrnjk,
kalo liat mba2 nenteng paperbag sociolla minta aja ya #day6_FOREVER_YOUNG_JAKARTA #DAY6_3RD_WORLDTOUR #DAY6inJKT https://t.co/orIAX6hJ6L,1.8474883325506E+018,2024-10-19 04:01:57+00:00,canoonim,235101703,in,Indonesia,1,6,0,0,https://x.com/canoonim/status/1847488332550619140,,0,canoonim,
SIAP OTW #Day6ForeverYoung #DAY6_3RD_WORLDTOUR #DAY6_FOREVER_YOUNG_Indonesia https://t.co/vNyGaKVJWR,1.84749875796709E+018,2024-10-19 04:43:23+00:00,RYABGL,75992308,in,,0,0,0,3,https://x.com/RYABGL/status/1847498757967106090,,0,RYABGL,
untuk day6 jakarta konser di bcis ancol better lewat pintu timur atau pintu carnaval ya? thankyou #Day6inJakarta,1.84750076216077E+018,2024-10-19 04:51:21+00:00,nonohehe7,1.55484351314923E+018,in,,0,0,0,0,https://x.com/nonohehe7/status/1847500762160779358,,0,nonohehe7,
yang mau makan siang kita ada disni yaa ada Bento/Rice Bowl 20k an aja #DAY6_FOREVER_YOUNG_Jakarta #DAY6_FOREVER_YOUNG_Indonesia https://t.co/BWKkFhaRXA,1.84750223593821E+018,2024-10-19 04:57:12+00:00,ricebowl_oppa,1.30820799578068E+018,in,,0,5,1,1,https://x.com/ricebowl_oppa/status/1847502235938218175,,0,ricebowl_oppa,
Yang mau fribis bisa kesini ya #DAY6_FOREVER_YOUNG_Jakarta #DAY6_3RD_WORLDTOUR #DAY6_FOREVER_YOUNG_INDONESIA https://t.co/6RBJUeUFeb,1.84751224516239E+018,2024-10-19 05:36:59+00:00,Kattniss9209,1.51525168109283E+018,in,"Jakarta Capital Region, Indone",1,2,3,9,https://x.com/Kattniss9209/status/1847512245162397854,,0,Kattniss9209,
Di arah gate scan tiket masuk yaaa pake baju ini !!!! #DAY6_FOREVER_YOUNG_Jakarta #DAY6_FOREVER_YOUNG_Indonesia https://t.co/sKqmAXpEqc,1.84751403941432E+018,2024-10-19 05:44:06+00:00,youngfeelmania,596220809,in,,0,0,0,0,https://x.com/youngfeelmania/status/1847514039414325563,,0,youngfeelmania,
Ootd dulu gaes ️‍ #DAY6_FOREVER_YOUNG_Jakarta https://t.co/wmkJ5T9dOr,1.84751535208917E+018,2024-10-19 05:49:19+00:00,dwntwnonly,1.5573860044152E+018,in,Timothy from Toronto📍,0,10,0,25,https://x.com/dwntwnonly/status/1847515352089186744,,0,dwntwnonly,
Menuju Oppa w/ @gradatioun @lemoncherryyy #DAY6_Forever_Young_Jakarta #Day6inJakarta #DAY6_3RD_WORLDTOUR https://t.co/tmTfwCu0X5,1.84752113412598E+018,2024-10-19 06:12:18+00:00,dandeaniee,1.69339055675034E+018,in,уоu.wіᥣᥣ.knоvv,0,1,2,23,https://x.com/dandeaniee/status/1847521134125994272,"gradatioun,lemoncherryyy",2,dandeaniee,gradatioun
gais aku udah deket ancol hihi stay tuned!! #DAY6_FOREVER_YOUNG_Indonesia,1.84752367903672E+018,2024-10-19 06:22:25+00:00,dwonblue,1.32430911642096E+018,in,,0,0,0,0,https://x.com/dwonblue/status/1847523679036723690,,0,dwonblue,
lucuuu bgt pls pak ️ #DAY6 #데이식스 #Day6inSBY #DAY6_FOREVER_YOUNG_Indonesia #DAY6_FOREVER_YOUNG_Surabaya https://t.co/orL02Fslme,1.84752882926034E+018,2024-10-19 06:42:52+00:00,lensof_hao,1.15218997634117E+018,in,𝒄𝒂𝒓𝒂𝒕𝒍𝒂𝒏𝒅,0,0,0,1,https://x.com/lensof_hao/status/1847528829260354039,,0,lensof_hao,
Emang cuma si youngk-youngk itu doang yang bisa bawa orang tuanya nonton konser #DAY6_FOREVER_YOUNG_Indonesia https://t.co/dlIXGsPp8s,1.84752904941934E+018,2024-10-19 06:43:45+00:00,jslsblaa,1.18067759624728E+018,in,,1,3,1,87,https://x.com/jslsblaa/status/1847529049419346227,,0,jslsblaa,
aku nunggu di depan starling coffee ya guys!! #day6_forever_young_jakarta #day6_forever_young_indonesia,1.84753005666864E+018,2024-10-19 06:47:45+00:00,poopding,8.8922705724647E+017,in,🇮🇩,0,1,0,1,https://x.com/poopding/status/1847530056668647903,,0,poopding,
MYDAY! yg mau nyemil kita ada disini ya posisi dekat gerbang masuk untuk tukar tiket sebelah kiri ya! yukkk larisiiinnn #DAY6_3RD_WORLDTOUR #DAY6_FOREVER_YOUNG_Indonesia https://t.co/gl5uZV8IjZ,1.84753278755917E+018,2024-10-19 06:58:36+00:00,entappei,157604484,in,,1,2,0,0,https://x.com/entappei/status/1847532787559178344,,0,entappei,
KIM MAJIMAK IN SURABAYA COUYY #DAY6 #데이식스 #Day6inSBY #DAY6_FOREVER_YOUNG_Indonesia #DAY6_FOREVER_YOUNG_Surabaya https://t.co/1Cmqq6vCwR,1.84753325800496E+018,2024-10-19 07:00:28+00:00,lensof_hao,1.15218997634117E+018,in,𝒄𝒂𝒓𝒂𝒕𝒍𝒂𝒏𝒅,0,0,0,0,https://x.com/lensof_hao/status/1847533258004975924,,0,lensof_hao,
Yang mau freebies untuk konser day6 aku di luar mallnya antara bakso afung dan the wharf bawa totebag cream yaa ^^ #DAY6_FOREVER_YOUNG_Jakarta #DAY6_FOREVER_YOUNG_Indonesia,1.84753438150384E+018,2024-10-19 07:04:56+00:00,alvarizkeun_,1.16367800178919E+018,in,in my dreams,0,0,0,0,https://x.com/alvarizkeun_/status/1847534381503848807,,0,alvarizkeun_,
#DAY6_FOREVER_YOUNG_Jakarta Mau ketemu bapak https://t.co/C6VMmHKYBs,1.84753776106008E+018,2024-10-19 07:18:22+00:00,annoyingilliger,2452897262,in,,1,2,0,1,https://x.com/annoyingilliger/status/1847537761060081797,,0,annoyingilliger,
ada air mineral juga masih es dingin banget #DAY6_3RD_WORLDTOUR #DAY6_FOREVER_YOUNG_Indonesia https://t.co/nPMnFYgTQq,1.84753841298494E+018,2024-10-19 07:20:57+00:00,entappei,157604484,in,,0,0,0,0,https://x.com/entappei/status/1847538412984947193,,0,entappei,
contoh jika congratulations di nyanyikan saat sudah move on dan ikhlas ya kawan kawan bismillah semoga bisa cepat menyusul awokawokawok #DAY6 #데이식스 #Day6inSBY #DAY6_FOREVER_YOUNG_Indonesia #DAY6_FOREVER_YOUNG_Surabaya https://t.co/fYbDrhulMZ,1.84753849915661E+018,2024-10-19 07:21:18+00:00,lensof_hao,1.15218997634117E+018,in,𝒄𝒂𝒓𝒂𝒕𝒍𝒂𝒏𝒅,0,1,2,5,https://x.com/lensof_hao/status/1847538499156619477,,0,lensof_hao,
Find us here! Cluenya kakak yang rambutnya ombre hijaau #DAY6_3RD_WORLDTOUR #DAY6_FOREVER_YOUNG_Indonesia https://t.co/PinG9AaFNZ,1.84753936616989E+018,2024-10-19 07:24:45+00:00,cookiecip,2519540401,in,Indonesia,0,6,4,14,https://x.com/cookiecip/status/1847539366169890920,,0,cookiecip,
#DAY6_FOREVER_YOUNG_Jakarta Waw soundcheck terlebih dahulu wkwkkwkw https://t.co/DymuHU1RP8,1.84753955871328E+018,2024-10-19 07:25:31+00:00,adorablesfs,1.39414605706018E+018,in,she/her,0,0,0,2,https://x.com/adorablesfs/status/1847539558713299450,,0,adorablesfs,
sampai bertemu !! #DAY6_FOREVER_YOUNG_Jakarta https://t.co/HdZPkO8EQy,1.84754296186703E+018,2024-10-19 07:39:02+00:00,elevenov_,1.5254885439338E+018,in,,0,0,0,2,https://x.com/elevenov_/status/1847542961867034625,,0,elevenov_,
Guys aku di deket pantaiii #DAY6_FOREVER_YOUNG_Indonesia https://t.co/PAxtFIDjFx,1.84754364184337E+018,2024-10-19 07:41:44+00:00,bloblobs,2963029268,in,,0,7,0,1,https://x.com/bloblobs/status/1847543641843388607,,0,bloblobs,
Menepati Janji untuk memakai Kain selama masa tour Day6 Bali - Jawa ️ #DAY6_FOREVER_YOUNG_Jakarta https://t.co/03CIDqz10l,1.84754376395634E+018,2024-10-19 07:42:13+00:00,Caramelowfat,1.04408811794521E+018,in,,0,0,2,12,https://x.com/Caramelowfat/status/1847543763956355345,,0,Caramelowfat,
lesgauuuuur ketemu douni setelah 5 taunnnn!! #DAY6_FOREVER_YOUNG_Jakarta https://t.co/olkweAktDI,1.84754414224901E+018,2024-10-19 07:43:43+00:00,suhblep,1.1526579417884E+018,in,selective follows,0,1,0,4,https://x.com/suhblep/status/1847544142249021875,,0,suhblep,
Ready for karaoke with desiki lets gaur (Tapi jgn gabut juga nyanyinya yah desiki gweh bayar u buat nyanyi) #DAY6_FOREVER_YOUNG_Jakarta https://t.co/xTq1rCnCuO,1.84755196265884E+018,2024-10-19 08:14:48+00:00,ririrereh,42370991,in,꿈나라,0,6,0,17,https://x.com/ririrereh/status/1847551962658840901,,0,ririrereh,
di depan siniii yang mau fribiss #DAY6_FOREVER_YOUNG_Jakarta https://t.co/AjtGavmTp1,1.84755603762232E+018,2024-10-19 08:30:59+00:00,wjsdnjswoo,890319126,in,caratday,0,1,0,0,https://x.com/wjsdnjswoo/status/1847556037622321196,,0,wjsdnjswoo,
akhirnya ketemu lagi ya! #DAY6_FOREVER_YOUNG_Jakarta #DAY6_FOREVER_YOUNG_Indonesia https://t.co/neEjPmkYcy,1.84755722071801E+018,2024-10-19 08:35:42+00:00,bluescooter27,1.26487011788163E+018,in,,0,0,0,0,https://x.com/bluescooter27/status/1847557220718014808,,0,bluescooter27,
241019 #데이식스 #DAY6_FOREVER_YOUNG_Jakarta Jakarta Day 1 ️ https://t.co/7Wc90Q3Deo,1.84756190512645E+018,2024-10-19 08:54:18+00:00,songil,62308645,in,Indonesia,0,1,8,28,https://x.com/songil/status/1847561905126461546,,0,songil,
SIAP MENIKAH DENGAN DAY6 #DAY6 #데이식스 #DAY6_3RD_WORLDTOUR #DAY6_FOREVER_YOUNG_INDONESIA #Day6injakarta https://t.co/6AFtYlhHp2,1.84756407889581E+018,2024-10-19 09:02:57+00:00,lezgetitbribrii,1.5075796383775E+018,in,,1,7,4,77,https://x.com/lezgetitbribrii/status/1847564078895812772,,0,lezgetitbribrii,
siap siap soundcheck #DAY6_FOREVER_YOUNG_JAKARTA https://t.co/haskrUMvSr,1.84756613564827E+018,2024-10-19 09:11:07+00:00,harutonie,1.07842135371837E+018,in,kinda fan acc,0,0,3,1,https://x.com/harutonie/status/1847566135648276832,,0,harutonie,
Team ngemper selonjoran mempet baricade belakang biar gampang ngambil aer dan bengbeng #DAY6_FOREVER_YOUNG_Jakarta https://t.co/V9thCgoh6i,1.8475723965194E+018,2024-10-19 09:36:00+00:00,catailwillow,1419978456,in,,0,0,1,12,https://x.com/catailwillow/status/1847572396519412030,,0,catailwillow,
SUMPAH BRIAN BANGUN TIDUR YA HAHAHAHAA #Day6inJakarta #DAY6_FOREVER_YOUNG_Jakarta https://t.co/dhm3jy75YS,1.84757584895557E+018,2024-10-19 09:49:43+00:00,cinnamorwooll,3267606307,in,,38,0,310,1106,https://x.com/cinnamorwooll/status/1847575848955588934,,0,cinnamorwooll,
nangissss dulu #DAY6inJakarta #DAY6_FOREVER_YOUNG_Jakarta #DAY6_3RD_WORLDTOUR #데이식스 https://t.co/OrHkUaj2M1,1.84757887200888E+018,2024-10-19 10:01:44+00:00,sunmoonphile,1.41780220848196E+018,in,,0,1,2,25,https://x.com/sunmoonphile/status/1847578872008888389,,0,sunmoonphile,
deymmm cakep bgt orgil #DAY6inJakarta #DAY6_FOREVER_YOUNG_Jakarta #DAY6_3RD_WORLDTOUR #데이식스 https://t.co/ZwJhkgChAx,1.84758026419485E+018,2024-10-19 10:07:16+00:00,sunmoonphile,1.41780220848196E+018,in,,4,0,136,429,https://x.com/sunmoonphile/status/1847580264194854986,,0,sunmoonphile,
Tuan muda Wonpil sedang menyapa Rakyatnya #DAY6_FOREVER_YOUNG_Indonesia https://t.co/qpHoafFHob,1.8475814988176E+018,2024-10-19 10:12:10+00:00,hi_nanaminana,9.75735510889987E+017,in,Day and Dream only,0,0,0,0,https://x.com/hi_nanaminana/status/1847581498817609749,,0,hi_nanaminana,
Yuk guys yang mau belanja bisa foto polaroid juga cetak polaroid dari hp kalian juga bisa #DAY6 #Day6inJakarta #DAY6_3RD_WORLDTOUR #DAY6_FOREVER_YOUNG_Indonesia https://t.co/8RZn2AUgqY,1.84758158973752E+018,2024-10-19 10:12:32+00:00,lilaylidt,1.21230323049697E+018,in,"DKI Jakarta, Indonesia",0,0,0,1,https://x.com/lilaylidt/status/1847581589737525451,,0,lilaylidt,
241019 day6 forever young soundcheck maaffff aneh tapi suka polll park sungjin #DAY6_3RD_WORLDTOUR #DAY6_Forever_Young_Jakarta #DAY6inJakarta #SUNGJIN #PARKSUNGJIN #성진 #박성진 https://t.co/178csz2pL6,1.84758272862938E+018,2024-10-19 10:17:03+00:00,yeolmae9,191827960,in,biasku banyak,2,0,102,290,https://x.com/yeolmae9/status/1847582728629387516,,0,yeolmae9,
241019 sungjin papah cakep maksimal mentok #DAY6_3RD_WORLDTOUR #DAY6_Forever_Young_Jakarta #DAY6inJakarta #성진 #sungjin https://t.co/xltozwm7NK,1.84758397075155E+018,2024-10-19 10:21:59+00:00,mnobba,269696549,in,트레저-D6-영원히,3,0,51,210,https://x.com/mnobba/status/1847583970751566016,,0,mnobba,
ute agenda lagi-lagi dapet view dowoon ketutupan wonpil &amp; simbal 241019 day6 forever young soundcheck #DAY6_3RD_WORLDTOUR #DAY6_Forever_Young_Jakarta #DAY6inJakarta https://t.co/ZkhdtTcpuS,1.84758567843313E+018,2024-10-19 10:28:46+00:00,yeolmae9,191827960,in,biasku banyak,0,0,1,8,https://x.com/yeolmae9/status/1847585678433145302,,0,yeolmae9,
youngk g nya geal geol #Day6inJakarta #DAY6_FOREVER_YOUNG_Jakarta https://t.co/erDOmI8jKX,1.84759095183502E+018,2024-10-19 10:49:44+00:00,cinnamorwooll,3267606307,in,,6,0,180,459,https://x.com/cinnamorwooll/status/1847590951835025508,,0,cinnamorwooll,
Ihhh pasti mewek nih member day6 Mood day6 selama konser di Indonesia dibuat nano nano hehe. Keren buat @MydayCrewINA yg uda bikin fan projects selama konser Indonesia ,1.84759221777669E+018,2024-10-19 10:54:45+00:00,rori9713,1.56496455807823E+018,in,,0,0,0,1,https://x.com/rori9713/status/1847592217776705988,MydayCrewINA,1,rori9713,MydayCrewINA
BROOOO DEG DEG AN NYA BERASA BANGET BROOOO ️ #DAY6_FOREVER_YOUNG_Jakarta #DAY6_3RD_WORLDTOUR https://t.co/J0KRBsR5SZ,1.84759281057866E+018,2024-10-19 10:57:07+00:00,flowernonu,8.63345531438866E+017,in,,0,1,0,1,https://x.com/flowernonu/status/1847592810578661855,,0,flowernonu,
guys info mixlr hari ini dong #DAY6_Forever_Young_Jakarta,1.84760162177955E+018,2024-10-19 11:32:08+00:00,myharupiri,1316122710,in,2won,0,1,0,0,https://x.com/myharupiri/status/1847601621779566704,,0,myharupiri,
Sungjin bingung kenapa my day teriak wkwk Jawaban nya karna lo gulung baju #DAY6 #데이식스 #DAY6_3RD_WORLDTOUR #DAY6_FOREVER_YOUNG_INDONESIA #Day6injakarta https://t.co/dwt8DPG8v9,1.84760430057664E+018,2024-10-19 11:42:46+00:00,lezgetitbribrii,1.5075796383775E+018,in,,10,5,205,591,https://x.com/lezgetitbribrii/status/1847604300576653601,,0,lezgetitbribrii,
Test sinyal 241019 #데이식스 #DAY6_FOREVER_YOUNG_JAKARTA #Day6inJAKARTA https://t.co/c3b7OU8JDJ,1.84760586313528E+018,2024-10-19 11:48:59+00:00,cammellian,3154241401,in,,1,2,8,83,https://x.com/cammellian/status/1847605863135289792,,0,cammellian,
Gakaiwaaaa ️ *pingsan* #DAY6_FOREVER_YOUNG_Jakarta https://t.co/Rgizf3S5Ge,1.8476080628E+018,2024-10-19 11:57:43+00:00,Caramelowfat,1.04408811794521E+018,tl,,12,0,155,478,https://x.com/Caramelowfat/status/1847608062800011701,,0,Caramelowfat,
kim (GENIT) wonpil mulai beraksi #DAY6_Forever_Young_Jakarta #데이식스 https://t.co/CP9PvkzOde,1.84760854219661E+018,2024-10-19 11:59:38+00:00,earlyonk,9.97359285876092E+017,in,"Daegu, Republic of Korea",27,4,490,1463,https://x.com/earlyonk/status/1847608542196617543,,0,earlyonk,
Yeppeoseo~~~~ Dalam 1 video ini ada banyak kejadian terjadi..... Silahkan di cek fokus ke YoungK #DAY6_FOREVER_YOUNG_Jakarta https://t.co/HbQdnYNGFt,1.84761292837712E+018,2024-10-19 12:17:03+00:00,Caramelowfat,1.04408811794521E+018,in,,39,1,376,1379,https://x.com/Caramelowfat/status/1847612928377135218,,0,Caramelowfat,
Doi ketagihan rapopo dong wkwkwk Ayo gass wonpil buat ktp sby #DAY6_3RD_WORLDTOUR #DAY6_Forever_Young_Jakarta #WONPIL https://t.co/uu3DZBIq63,1.84761298023574E+018,2024-10-19 12:17:16+00:00,ssaxcsj,1.1382436607833E+018,in,,0,0,30,174,https://x.com/ssaxcsj/status/1847612980235759950,,0,ssaxcsj,
NOHSAM #DAY6_FOREVER_YOUNG_JAKARTA https://t.co/6cJHIXRZkE,1.8476143793927E+018,2024-10-19 12:22:49+00:00,retrouvaillesix,9.36448126818253E+017,et,191201 241019,15,2,246,704,https://x.com/retrouvaillesix/status/1847614379392717049,,0,retrouvaillesix,
ONLY (nangis jelek) #DAY6_FOREVER_YOUNG_JAKARTA https://t.co/VWD4hAJu1w,1.84761640014545E+018,2024-10-19 12:30:51+00:00,retrouvaillesix,9.36448126818253E+017,in,191201 241019,160,5,1023,3224,https://x.com/retrouvaillesix/status/1847616400145469658,,0,retrouvaillesix,
AH WAE #DAY6_FOREVER_YOUNG_JAKARTA https://t.co/heaGdPWs6d,1.8476193152161E+018,2024-10-19 12:42:26+00:00,retrouvaillesix,9.36448126818253E+017,in,191201 241019,5,1,114,321,https://x.com/retrouvaillesix/status/1847619315216109767,,0,retrouvaillesix,
LMOLM SERU BGTTT #DAY6_FOREVER_YOUNG_JAKARTA https://t.co/wXJth1LpCT,1.8476200411201E+018,2024-10-19 12:45:19+00:00,retrouvaillesix,9.36448126818253E+017,in,191201 241019,31,0,446,1290,https://x.com/retrouvaillesix/status/1847620041120108660,,0,retrouvaillesix,
PAPAH ROCK N ROLL #DAY6_FOREVER_YOUNG_Jakarta https://t.co/TzMoOdfEWI,1.84762197455164E+018,2024-10-19 12:53:00+00:00,Caramelowfat,1.04408811794521E+018,in,,40,1,344,933,https://x.com/Caramelowfat/status/1847621974551646328,,0,Caramelowfat,
Wonpil Simanjuntak #DAY6_FOREVER_YOUNG_Jakarta https://t.co/Yj6ZE7Zq8u,1.84762224935401E+018,2024-10-19 12:54:06+00:00,Caramelowfat,1.04408811794521E+018,in,,0,0,9,19,https://x.com/Caramelowfat/status/1847622249354018943,,0,Caramelowfat,
SUNGJIN NANGIS LAGI #DAY6_FOREVER_YOUNG_Jakarta https://t.co/oidKsmp5Ys,1.84762437148316E+018,2024-10-19 13:02:32+00:00,Caramelowfat,1.04408811794521E+018,tl,,24,0,179,502,https://x.com/Caramelowfat/status/1847624371483164981,,0,Caramelowfat,
suka banget background ini cantik #DAY6_FOREVER_YOUNG_JAKARTA https://t.co/XVN1WS7vhj,1.84762602991513E+018,2024-10-19 13:09:07+00:00,milkyucil,1.36150191453434E+018,in,tbzday6,0,0,1,3,https://x.com/milkyucil/status/1847626029915132279,,0,milkyucil,
PART DOWOON SHOOT ME INI ANJIR SIH BENER BENER YAALLAH GILA DIA KEREN KEREN BGT mana outfit cowo ganteng gitu AAAA A A A A. A aku nggak kuat #DAY6_Forever_Young_JAKARTA https://t.co/j6Pa5aL8AJ,1.84762642678855E+018,2024-10-19 13:10:42+00:00,kdyowoo,249539478,in,Indonesia,110,2,1516,4270,https://x.com/kdyowoo/status/1847626426788565381,,0,kdyowoo,
Sungjin : aku gapapa kok PAPAH #DAY6_FOREVER_YOUNG_Jakarta https://t.co/IgCeRN7T6I,1.84762843609505E+018,2024-10-19 13:18:41+00:00,Caramelowfat,1.04408811794521E+018,in,,145,0,926,2982,https://x.com/Caramelowfat/status/1847628436095062350,,0,Caramelowfat,
@ mecima tolong konser day6 tahun depan di indonesia arena aja plisssss,1.8476285611734E+018,2024-10-19 13:19:10+00:00,hikkeun,1.27633864493713E+018,in,‘98,46,8,397,1104,https://x.com/hikkeun/status/1847628561173401994,,0,hikkeun,
Sungjin nangis lagi it's okay kalo mau nangis dinangisin aja yaa #DAY6_3RD_WORLDTOUR #DAY6_Forever_Young_Jakarta #SUNGJIN https://t.co/FnH18HAWmd,1.84762924534409E+018,2024-10-19 13:21:54+00:00,ssaxcsj,1.1382436607833E+018,in,,1,0,25,162,https://x.com/ssaxcsj/status/1847629245344096312,,0,ssaxcsj,
Shoot me seru abis️‍️‍️‍ #DAY6_3RD_WORLDTOUR #DAY6_FOREVER_YOUNG_Jakarta https://t.co/rkKoZaqrsS,1.84763037252972E+018,2024-10-19 13:26:22+00:00,aerieriya,1.09466473323013E+018,in,Orang dalem aespa,32,7,660,1780,https://x.com/aerieriya/status/1847630372529721767,,0,aerieriya,
butakhaeyo wonpil #DAY6_FOREVER_YOUNG_JAKARTA https://t.co/b45lEBbbUK,1.84763045820251E+018,2024-10-19 13:26:43+00:00,retrouvaillesix,9.36448126818253E+017,in,191201 241019,5,0,236,796,https://x.com/retrouvaillesix/status/1847630458202513833,,0,retrouvaillesix,
jiwanya wonpil masih terdampar di Surabaya kah? wkwk rapopo #DAY6_FOREVER_YOUNG_Jakarta https://t.co/FMcl2X1z5S,1.8476326677032E+018,2024-10-19 13:35:29+00:00,_hinih,1.24276882756318E+018,in,she/her 🤸‍♀️,0,0,3,29,https://x.com/_hinih/status/1847632667703202011,,0,_hinih,
Dr kemarin nyimak konser day6 di Indonesia di 3 kota. Di semuanya sungjin marah gara2 sound,1.84763415017995E+018,2024-10-19 13:41:23+00:00,itslovemaze_,1.07286033318888E+018,in,Jangan lupa solat!,0,0,0,1,https://x.com/itslovemaze_/status/1847634150179950778,,0,itslovemaze_,
Day6 keren banget gak boong #DAY6_3RD_WORLDTOUR #DAY6_FOREVER_YOUNG_Jakarta https://t.co/F2xpGWyvlI,1.84763465818118E+018,2024-10-19 13:43:24+00:00,aerieriya,1.09466473323013E+018,in,Orang dalem aespa,2,1,161,504,https://x.com/aerieriya/status/1847634658181194146,,0,aerieriya,
TETAP LUCU LUCU TERUS YA BRIWOON #DAY6 #데이식스 #DAY6_3RD_WORLDTOUR #DAY6_FOREVER_YOUNG_INDONESIA #Day6inJakarta https://t.co/0SFinCqfbz,1.84763719737956E+018,2024-10-19 13:53:29+00:00,lezgetitbribrii,1.5075796383775E+018,in,,1,2,70,174,https://x.com/lezgetitbribrii/status/1847637197379576129,,0,lezgetitbribrii,
Congratulation and flashlight ️ Banjjak banjjak kongchu #DAY6_FOREVER_YOUNG_Jakarta https://t.co/v6YlLc4nVC,1.84763778067721E+018,2024-10-19 13:55:49+00:00,Caramelowfat,1.04408811794521E+018,in,,2,0,123,550,https://x.com/Caramelowfat/status/1847637780677218326,,0,Caramelowfat,
Sempet panik H-1 belom dapet konfirmasi email sama sekali. Udah email / wa helpdesk gada jawaban samsek. Akhirnya nekat buat dateng ke venue buat konfirmasi langsung. Dan lega banget bisa secure tiket. See you besok guys! #DAY6 #DAY6_FOREVER_YOUNG_JAKARTA https://t.co/lclzD14xVT,1.8476386231157E+018,2024-10-19 13:59:09+00:00,revanzahma_,1.11343744436642E+018,in,"Jakarta Barat, DKI Jakarta",0,2,1,6,https://x.com/revanzahma_/status/1847638623115710648,,0,revanzahma_,
*lagi diem* DOWOON: GRAAHHH (seret bwankk) 241019 day6 forever young DANCE DANCE #DAY6_3RD_WORLDTOUR #DAY6_Forever_Young_Jakarta #DAY6inJakarta #데이식스 #DAY6 #WONPIL #원필 #DOWOON #도운 https://t.co/eSRcfzBWzT,1.8476430408374E+018,2024-10-19 14:16:43+00:00,yeolmae9,191827960,in,biasku banyak,12,0,396,1021,https://x.com/yeolmae9/status/1847643040837403108,,0,yeolmae9,
241019 YOUNGK LU GANTENG BANGET #DAY6_FOREVER_YOUNG_Jakarta #DAY6_FOREVER_YOUNG_Indonesia https://t.co/o1ev6RFP07,1.84764418973729E+018,2024-10-19 14:21:17+00:00,pacemakerstay,1.40808816642733E+018,in,02l,0,0,1,4,https://x.com/pacemakerstay/status/1847644189737308340,,0,pacemakerstay,
241019 Ya maap suara gw yh #DAY6_FOREVER_YOUNG_Jakarta #DAY6_FOREVER_YOUNG_Indonesia https://t.co/fGPEHKReJ8,1.84764463232864E+018,2024-10-19 14:23:02+00:00,pacemakerstay,1.40808816642733E+018,in,02l,0,1,2,1,https://x.com/pacemakerstay/status/1847644632328642791,,0,pacemakerstay,
Besok ada yg nonton konser day6 sendiri? Bareng dong sendiri bgt nih #DAY6_FOREVER_YOUNG_JAKARTA #DAY6_3RD_WORLDTOUR,1.84764564962772E+018,2024-10-19 14:27:05+00:00,deandranybi_,289262025,in,"Jkt, Ind",0,0,1,1,https://x.com/deandranybi_/status/1847645649627730246,,0,deandranybi_,
tirimikisi bingkisan air cemilan bakmi gm &amp; chatime-nya @mecimapro wkwkwk #DAY6_3RD_WORLDTOUR #DAY6_Forever_Young_Jakarta #DAY6inJakarta #데이식스 #DAY6 https://t.co/EWCEWCw6AA,1.8476489265742E+018,2024-10-19 14:40:06+00:00,yeolmae9,191827960,in,biasku banyak,0,0,0,4,https://x.com/yeolmae9/status/1847648926574203155,mecimapro,1,yeolmae9,mecimapro
dua pilar kehidupan gue #DAY6_Forever_Young_Jakarta #데이식스 https://t.co/z14N8VctMg,1.84764993978416E+018,2024-10-19 14:44:07+00:00,earlyonk,9.97359285876092E+017,in,"Daegu, Republic of Korea",0,0,2,14,https://x.com/earlyonk/status/1847649939784171829,,0,earlyonk,
hasil jepretan hari ini mayam buat wallpaper #DAY6_FOREVER_YOUNG_JAKARTA #DAY6 #DAY6_3RD_WORLDTOUR https://t.co/af2kK9TOmd,1.84765173635554E+018,2024-10-19 14:51:16+00:00,arraseoyeo,720140660,in,mulfan • 24,1,4,10,60,https://x.com/arraseoyeo/status/1847651736355557727,,0,arraseoyeo,
(pls help rt!) dear myday dan orang baik hati jika liat don v2019 dengan gantungan warna hitam ini tolong kontak aku ya. jatuh di area bag check dan check in pink section kira2 jam 12:30pm day 1 #DAY6_FOREVER_YOUNG_JAKARTA https://t.co/W7U4605VjX,1.84765199557612E+018,2024-10-19 14:52:18+00:00,artiepieces,1.68999889960218E+018,in,🇮🇩,1,1,7,0,https://x.com/artiepieces/status/1847651995576127775,,0,artiepieces,
 foto sama day6 foto sama pelopor guard #Day6ForeverYoung #DAY6_3RD_WORLDTOUR #DAY6_FOREVER_YOUNG_Indonesia https://t.co/PDleW5OhGu,1.84765293476048E+018,2024-10-19 14:56:02+00:00,RYABGL,75992308,in,,0,0,0,2,https://x.com/RYABGL/status/1847652934760485058,,0,RYABGL,
Mukanya asem bgt brou #DAY6_FOREVER_YOUNG_JAKARTA https://t.co/jx4gNcSnkT,1.8476537724888E+018,2024-10-19 14:59:21+00:00,sungddinly,1.32471862371423E+018,in,,0,0,2,2,https://x.com/sungddinly/status/1847653772488814689,,0,sungddinly,
Piri piri wompiriii 241019 #DAY6_FOREVER_YOUNG_JAKARTA #DAY6inJAKARTA #DAY6 #데이식스 https://t.co/kYzRO2zH6u,1.84765419162976E+018,2024-10-19 15:01:01+00:00,sungjjiniya,1.80049210058646E+018,in,01L⊹₊⟡⋆,2,0,41,157,https://x.com/sungjjiniya/status/1847654191629762996,,0,sungjjiniya,
Lihat gemes YoungK menal menul #DAY6_3RD_WORLDTOUR #DAY6_Forever_Young_Jakarta #DAY6inJakarta #데이식스 #DAY6 https://t.co/WDS1yW9wwz,1.84765455094745E+018,2024-10-19 15:02:27+00:00,cupfuckincake,7.37467139548814E+017,in,"Jakarta Capital Region, Indone",4,0,77,235,https://x.com/cupfuckincake/status/1847654550947451129,,0,cupfuckincake,
abis ini nungguin apalagi yaaa :( #Day6ForeverYoung #DAY6_3RD_WORLDTOUR #DAY6_FOREVER_YOUNG_Indonesia https://t.co/9xTRQcZ6BP,1.84765587654883E+018,2024-10-19 15:07:43+00:00,RYABGL,75992308,in,,0,0,0,1,https://x.com/RYABGL/status/1847655876548841592,,0,RYABGL,
@lezgetitbribrii doaku paling kenceng adalah bisa hadir di setiap venue konser #DAY6 dimanapun di Indonesia ,1.84765644086726E+018,2024-10-19 15:09:57+00:00,pu3wiija_,67000045,in,"Denpasar, Bali",1,0,1,25,https://x.com/pu3wiija_/status/1847656440867279123,lezgetitbribrii,1,pu3wiija_,lezgetitbribrii
Penantian 5 thn yg sgt sgt sgt sgt puas aaaaaaa! Thank you so much my super band @day6official ️‍ #DAY6_3RD_WORLDTOUR #DAY6_FOREVER_YOUNG_INDONESIA https://t.co/qGZubrYlyy,1.84765676876538E+018,2024-10-19 15:11:16+00:00,vanessaadeliap,1.0104010779366E+018,in,,0,1,0,6,https://x.com/vanessaadeliap/status/1847656768765382783,day6official,1,vanessaadeliap,day6official
otw surga ga sih #DAY6_FOREVER_YOUNG_JAKARTA https://t.co/sxlfIPYQi9,1.84765704912105E+018,2024-10-19 15:12:22+00:00,sangyeobojagi,1.3996765625978E+018,in,yeop's 🎶 rec:,0,0,0,8,https://x.com/sangyeobojagi/status/1847657049121050725,,0,sangyeobojagi,
Takut bgt ama watermark nya youngk #YOUNGK #DAY6_3RD_WORLDTOUR #DAY6_FOREVER_YOUNG_Jakarta https://t.co/H4us5kVun4,1.84765745572945E+018,2024-10-19 15:13:59+00:00,hannahzooah,1.48044483680091E+018,in,,0,0,1,8,https://x.com/hannahzooah/status/1847657455729463456,,0,hannahzooah,
Fokus yg depan aja ges #DAY6_3RD_WORLDTOUR #DAY6_Forever_Young_Jakarta #Day6inJakarta https://t.co/2dLXXBVW7s,1.84765762192036E+018,2024-10-19 15:14:39+00:00,nagajuseio,1.06657738358129E+018,in,,0,0,6,16,https://x.com/nagajuseio/status/1847657621920371135,,0,nagajuseio,
ketik 1 kalau kalian setuju wonpil naksir gw #DAY6_FOREVER_YOUNG_JAKARTA https://t.co/CBO35rKxoq,1.84765841285284E+018,2024-10-19 15:17:48+00:00,potatonyu,1.06475229914102E+018,in,,0,1,0,2,https://x.com/potatonyu/status/1847658412852859035,,0,potatonyu,
BUTAKKKHAEYO 241019 #DAY6_FOREVER_YOUNG_JAKARTA #DAY6 #데이식스 https://t.co/AV5FXCO37v,1.84765917693332E+018,2024-10-19 15:20:50+00:00,sedanglapar,966236263,in,♡  day6 ♡ en- ♡ ,4,0,32,86,https://x.com/sedanglapar/status/1847659176933339405,,0,sedanglapar,
241019 #데이식스 #성진 #영케이 #원필 #도운 #DAY6_FOREVER_YOUNG_Jakarta visual hari ini ️ https://t.co/mUAr5atoq0,1.84765922564605E+018,2024-10-19 15:21:01+00:00,songil,62308645,in,Indonesia,4,0,159,439,https://x.com/songil/status/1847659225646059746,,0,songil,
dua pilar kehidupan #DAY6_3RD_WORLDTOUR #DAY6_Forever_Young_Jakarta #DAY6inJakarta https://t.co/CLW67FFYR3,1.8476595309494E+018,2024-10-19 15:22:14+00:00,briancokr,1.14678421124575E+018,in,,0,0,1,1,https://x.com/briancokr/status/1847659530949407119,,0,briancokr,
191024 DAY6 FOREVER YOUNG JAKARTA DAY1 Niatnya ga mau rekam banyak tp pria ini terlalu mempesona #DAY6_3RD_WORLDTOUR #DAY6_Forever_Young_Indonesia #DAY6inJakarta https://t.co/vVQvLhUB0A,1.84766092281245E+018,2024-10-19 15:27:46+00:00,bluescooter27,1.26487011788163E+018,in,,0,0,1,3,https://x.com/bluescooter27/status/1847660922812453217,,0,bluescooter27,
vibesnya lagi nonton aa kating di pensi sekolah sumpah #YOUNGK #DAY6_FOREVER_YOUNG_JAKARTA https://t.co/q6ZhLNUsl0,1.84766096329158E+018,2024-10-19 15:27:56+00:00,melonkaira,1.5340441427995E+018,in,,0,0,2,1,https://x.com/melonkaira/status/1847660963291594963,,0,melonkaira,
yonk hari ini gila BANGET 241019 #DAY6_FOREVER_YOUNG_JAKARTA #DAY6inJAKARTA #DAY6 #데이식스 #영케이 https://t.co/q8jB2s1JS5,1.84766200903232E+018,2024-10-19 15:32:05+00:00,sungjjiniya,1.80049210058646E+018,in,01L⊹₊⟡⋆,12,2,175,581,https://x.com/sungjjiniya/status/1847662009032331307,,0,sungjjiniya,
Nyobain ngerekam ampe ngezoom bgt WKWKWKWKW^__^ 241019 #DAY6_FOREVER_YOUNG_JAKARTA #DAY6inJAKARTA #DAY6 #데이식스 https://t.co/lYoVYk1Qit,1.84766334218766E+018,2024-10-19 15:37:23+00:00,sungjjiniya,1.80049210058646E+018,in,01L⊹₊⟡⋆,2,0,32,60,https://x.com/sungjjiniya/status/1847663342187663664,,0,sungjjiniya,
lagu kebangsaan myday+day6 yorobunnnnnn ~ 예뻤어 #DAY6_3RD_WORLDTOUR #Day6inJakarta #day6_forever_young_indonesia https://t.co/6cZ1uYfPZe,1.84766429619041E+018,2024-10-19 15:41:10+00:00,widBram,133651504,in,,0,1,2,4,https://x.com/widBram/status/1847664296190423447,,0,widBram,
Makasih ya mas buat inspirasi taun depan! #DAY6_FOREVER_YOUNG_JAKARTA https://t.co/2NP6m1FX1e,1.84766462625283E+018,2024-10-19 15:42:29+00:00,naniwlndr,263042736,in,Bogor - Tasikmalaya,0,0,0,0,https://x.com/naniwlndr/status/1847664626252849527,,0,naniwlndr,
Gantengg bangett semuanyaa #DAY6_FOREVER_YOUNG_Jakarta https://t.co/RTa0IR93Tg,1.84766469334494E+018,2024-10-19 15:42:45+00:00,misomashou,1.30855996771717E+018,in,💁‍♀️ | INA/ENG | selective ,0,0,1,0,https://x.com/misomashou/status/1847664693344948325,,0,misomashou,
yoon dowoon #DAY6_FOREVER_YOUNG_Indonesia #DAY6_3RD_WORLDTOUR #DAY6inJakarta https://t.co/B218ImpozU,1.84766502372608E+018,2024-10-19 15:44:04+00:00,dountoart,1.67565939934666E+018,in,,0,0,2,5,https://x.com/dountoart/status/1847665023726080359,,0,dountoart,
241019 sungjin singing youngk s rapp in congratulations #DAY6_FOREVER_YOUNG_JAKARTA https://t.co/UwmyNkXgvQ,1.8476653164088E+018,2024-10-19 15:45:14+00:00,terpilwon,1.42334186629289E+018,in,21 | she/her | selective,7,0,161,536,https://x.com/terpilwon/status/1847665316408807875,,0,terpilwon,
wkwkw si yonk lg #DAY6_FOREVER_YOUNG_JAKARTA #DAY6_FOREVER_YOUNG_INDONESIA https://t.co/6sKEKNEh9j,1.84766568205564E+018,2024-10-19 15:46:41+00:00,buceenday6,1.34208102851339E+018,in,00's,0,0,1,1,https://x.com/buceenday6/status/1847665682055647419,,0,buceenday6,
watermarknya suara gue aje hyukdohri sepanjang konser teriak SUNGJIN STRESS LU DIEM IH KACAW BANGET WOOOYYY DIEM GA?! #DAY6_Forever_Young_Jakarta #Day6inJakarta #DAY6_3RD_WORLDTOUR https://t.co/A4ujFz1GjY,1.84766570570732E+018,2024-10-19 15:46:46+00:00,dandeaniee,1.69339055675034E+018,in,уоu.wіᥣᥣ.knоvv,1,0,7,21,https://x.com/dandeaniee/status/1847665705707327922,,0,dandeaniee,
yuk penuhin slot TRIP KONSER DAY6 JKT DAY 2 ONLY AREA JAKARTA YA mau pulang/pergi atau pulang-pergi jg bisa ya #tripkonser #DAY6_3RD_WORLDTOUR_INDONESIA #konser #trip #jakarta,1.84766576206198E+018,2024-10-19 15:47:00+00:00,hellopinkcloud,1.07266205632989E+018,in,"Purwakarta, Indonesia",0,1,0,0,https://x.com/hellopinkcloud/status/1847665762061996430,,0,hellopinkcloud,
241019 Geter kena gebukan dowoon #DAY6_FOREVER_YOUNG_Jakarta #DAY6_FOREVER_YOUNG_Indonesia https://t.co/vV1mOunWEL,1.84766619719585E+018,2024-10-19 15:48:44+00:00,pacemakerstay,1.40808816642733E+018,in,02l,1,0,2,5,https://x.com/pacemakerstay/status/1847666197195866161,,0,pacemakerstay,
241019 ㅡ DAY6 WORLD TOUR &lt;FOREVER YOUNG&gt; IN JAKARTA SOUNDCHECK DAY 1 KIM WONPIL SAYANGKU #원필 #WONPIL #DAY6 #데이식스 #DAY6inJKT #DAY6inJakarta #DAY6_FOREVER_YOUNG_Indonesia #DAY6_FOREVER_YOUNG_Jakarta https://t.co/sTjpIStyMQ,1.84766723771453E+018,2024-10-19 15:52:52+00:00,vitaprs,71485554,en,multifandom🌤,5,1,83,426,https://x.com/vitaprs/status/1847667237714530514,,0,vitaprs,
241019 Lagu yg berasa abis disakitin 1000 kali #DAY6_FOREVER_YOUNG_Jakarta #DAY6_FOREVER_YOUNG_Indonesia https://t.co/OIkdcASF0i,1.84766740578456E+018,2024-10-19 15:53:32+00:00,pacemakerstay,1.40808816642733E+018,in,02l,1,0,1,0,https://x.com/pacemakerstay/status/1847667405784568041,,0,pacemakerstay,
241019 WOI YOUNGK SPILL PUNYA ENERGI SEBANYAK ITU. DI MELTDOWN GW DAH GADA TENAGA ANJR #DAY6_FOREVER_YOUNG_Jakarta #DAY6_FOREVER_YOUNG_Indonesia https://t.co/sc1SCGFiRX,1.84766816557008E+018,2024-10-19 15:56:33+00:00,pacemakerstay,1.40808816642733E+018,in,02l,1,0,2,4,https://x.com/pacemakerstay/status/1847668165570085263,,0,pacemakerstay,
241019 DAY6 World Tour Forever Young in Jakarta Kali ini dowoon keliatan wujudnya #DAY6 #데이식스 #DAY6inJKT #DAY6inJakarta #DOWOON #도운 #DAY6_FOREVER_YOUNG_Jakarta https://t.co/4OjvbQlOzu,1.84766846019903E+018,2024-10-19 15:57:43+00:00,monstraykidsix,1.04935526833142E+018,in,,0,0,21,33,https://x.com/monstraykidsix/status/1847668460199039172,,0,monstraykidsix,
Kongchu mainly yonK focus &gt;__&lt; ah gila dah gw banyak bgt ngerekam doi hari ini soalnya GANTENG BANGET ADAAAHHHHHH 241019 #DAY6_FOREVER_YOUNG_JAKARTA #DAY6inJAKARTA #DAY6 #데이식스 #영케이 https://t.co/GN1IFlHtXr,1.84766892933613E+018,2024-10-19 15:59:35+00:00,sungjjiniya,1.80049210058646E+018,in,01L⊹₊⟡⋆,5,1,150,421,https://x.com/sungjjiniya/status/1847668929336135888,,0,sungjjiniya,
bahkan udah di depan pun masih susah dapet foto dw gara2 sicymbal ituu wkwkwkwk #DAY6_FOREVER_YOUNG_JAKARTA https://t.co/QH70GRI75c,1.84766897136722E+018,2024-10-19 15:59:45+00:00,ryzkifauzan,575983062,in,,0,1,0,5,https://x.com/ryzkifauzan/status/1847668971367239829,,0,ryzkifauzan,
Shoot Me (piri focus) p mksut melet2 di awal???‍ 241019 #DAY6_FOREVER_YOUNG_JAKARTA #DAY6inJAKARTA #DAY6 #데이식스 #원필 https://t.co/1H9UYVLc8R,1.84767164403646E+018,2024-10-19 16:10:22+00:00,sungjjiniya,1.80049210058646E+018,in,01L⊹₊⟡⋆,6,0,161,444,https://x.com/sungjjiniya/status/1847671644036464686,,0,sungjjiniya,
wonpil lu sih bener bener ya aku ga bisa rapopo kalau begini helppp #DAY6 #WONPIL #DAY6_3RD_WORLDTOUR_INDONESIA #DAY6_FOREVER_YOUNG_JAKARTA https://t.co/9uiNq3UxWW,1.8476718363579E+018,2024-10-19 16:11:08+00:00,depheera,50526648,in,,1,2,5,13,https://x.com/depheera/status/1847671836357906836,,0,depheera,
Minum kopi ganteng #DAY6_FOREVER_YOUNG_JAKARTA #Day6inJkt https://t.co/N9MEKHQHni,1.84767218301705E+018,2024-10-19 16:12:31+00:00,shuamesyi,1237680462,in,Exo Planet🪐,0,0,0,1,https://x.com/shuamesyi/status/1847672183017058424,,0,shuamesyi,
mengnya mbul bgttt&gt;___&lt; 241019 #DAY6_FOREVER_YOUNG_JAKARTA #DAY6inJAKARTA #DAY6 #데이식스 #영케이 https://t.co/ORC6iXqgOH,1.84767222397451E+018,2024-10-19 16:12:40+00:00,sungjjiniya,1.80049210058646E+018,in,01L⊹₊⟡⋆,5,0,126,389,https://x.com/sungjjiniya/status/1847672223974511033,,0,sungjjiniya,
gue yg menikmati konser via timeline aja tulang pipi gue pegel banget rasanya cape cengar cengir kek orgil liatin gimana bahagianya Day6 ketemu MyDay Indonesia bahagianya MyDay bisa ketemu Day6. DAY6 and MyDay are so lucky to have each other. Tetep saling membahagiakan ya.. ,1.84767297850456E+018,2024-10-19 16:15:40+00:00,fonduecookie,1.80342199541523E+018,in,,0,0,0,0,https://x.com/fonduecookie/status/1847672978504560965,,0,fonduecookie,
Wejangan dari papah Sungjin #DAY6_FOREVER_YOUNG_JAKARTA https://t.co/nuKQfoYOqp,1.84767377839615E+018,2024-10-19 16:18:51+00:00,Caramelowfat,1.04408811794521E+018,in,,0,0,7,10,https://x.com/Caramelowfat/status/1847673778396156191,,0,Caramelowfat,
FINALLY bisa sing a long lagu 'ONLY' I got only one love not two for you Alasan kenapa ngikutin DAY6 karena lagu ini. Ga sia sia comment &amp; ngemis lagu ini terus menerus #DAY6_Forever_Young_Jakarta #ONLY #DAY6 https://t.co/IOl1HErAnJ,1.84767416027494E+018,2024-10-19 16:20:22+00:00,sanitamima,1.6460807475756E+018,in,,1,0,0,3,https://x.com/sanitamima/status/1847674160274952212,,0,sanitamima,
Review member DAY6 dr suami setelah konser hari ini Member favorit: Sungjin Karena karismatik bgt. Memang spt bapak2 tp tetap punya karisma yg LAKIK bgt. Padahal terlihat berwibawa tp suka joget dan ekspresi receh seperti cowo tongkrongan jd kerasa relatable Wonpil jg,1.84767448515736E+018,2024-10-19 16:21:40+00:00,toyoilohu,728559295,in,Indonesia,62,15,172,680,https://x.com/toyoilohu/status/1847674485157363924,,0,toyoilohu,
mari berbahagia! #DAY6inJAKARTA #DAY6_FOREVER_YOUNG_JAKARTA #YoungK #영케이 https://t.co/0IsBbuWdzG,1.84767910281757E+018,2024-10-19 16:40:00+00:00,cinnamorwooll,3267606307,in,,0,1,5,3,https://x.com/cinnamorwooll/status/1847679102817575351,,0,cinnamorwooll,
241019 habis petantang petenteng berubah jadi bayi #DAY6_3RD_WORLDTOUR #DAY6_Forever_Young_Jakarta #Day6inJakarta #원필 #wonpil https://t.co/FmKSXyTgtB,1.8476791974537E+018,2024-10-19 16:40:23+00:00,mnobba,269696549,in,트레저-D6-영원히,0,0,9,18,https://x.com/mnobba/status/1847679197453701202,,0,mnobba,
Emang konser tuh lapak buat myday karaoke day6nya jadi session player ajah wkwkw #YOUNGK #DAY6_3RD_WORLDTOUR #DAY6INJAKARTA https://t.co/8godN1ahwt,1.84767963909294E+018,2024-10-19 16:42:08+00:00,Amelzing313,2687456299,in,"Jakarta, Indonesia",24,0,319,983,https://x.com/Amelzing313/status/1847679639092941257,,0,Amelzing313,
191024 DAY6 FOREVER YOUNG JAKARTA DAY1 intro ganteng untuk papah ganteng #DAY6_3RD_WORLDTOUR #DAY6_Forever_Young_Indonesia #DAY6inJakarta https://t.co/pmtmRP3Lkv,1.84768044371143E+018,2024-10-19 16:45:20+00:00,bluescooter27,1.26487011788163E+018,in,,0,0,0,3,https://x.com/bluescooter27/status/1847680443711443259,,0,bluescooter27,
WONPIL RAPOPO KEBAWA SAMPE JAKARTA WKWKWK #DAY6_FOREVER_YOUNG_Jakarta https://t.co/WTwW9WEZrq,1.84768110437723E+018,2024-10-19 16:47:58+00:00,maysaftr,8.17178934341025E+017,in,bts • en- • day6 • skz,0,0,1,0,https://x.com/maysaftr/status/1847681104377237850,,0,maysaftr,
2 pilar kehidupan #DAY6_FOREVER_YOUNG_Jakarta https://t.co/Dd26Bw3H7d,1.84768231978587E+018,2024-10-19 16:52:47+00:00,ameeowra,2317234748,in,kadang bandung kadang jogja,0,0,0,0,https://x.com/ameeowra/status/1847682319785873713,,0,ameeowra,
Forever Young Jakarta Day 1 kebagian RAPOPO RAPOPO juga makasih Kim Wonpil #DAY6inJAKARTA #DAY6_FOREVER_YOUNG_JAKARTA #DAY6 #데이식스 #WONPIL #원필 https://t.co/Ipn3BRquDW,1.84768291288561E+018,2024-10-19 16:55:09+00:00,raspdwerry,280404693,in,🏳🏳,0,0,10,15,https://x.com/raspdwerry/status/1847682912885625318,,0,raspdwerry,
wonpil lo denger ga gue ngelamar lo wonpil #DAY6_FOREVER_YOUNG_JAKARTA #DAY6_3RD_WORLDTOUR #DAY6 #데이식스 @day6official https://t.co/zkATWr6pp2,1.84768405297716E+018,2024-10-19 16:59:41+00:00,markjichen,1.09756501784977E+018,in,,0,0,3,1,https://x.com/markjichen/status/1847684052977176620,day6official,1,markjichen,day6official
Tadi pas konser samping kanan orang Jepang udah konser kemana mana ngikutin dri bali sby trus jkt 2 hari pke Samsung s24. Samping kiriku orang Korea yg udh psti sering dtng konser day6 bbrp kali pke Iphone promax 15. Aku terhimpit dgn umr indonesia dan hp seadanya,1.8476858376367E+018,2024-10-19 17:06:46+00:00,Nadiasnaff,2169727578,in,Depok,0,0,0,0,https://x.com/Nadiasnaff/status/1847685837636719043,,0,Nadiasnaff,
dari tatapannya aja sesayang itu loh sungjin sama kalian guys #DAY6 #데이식스 #DAY6_3RD_WORLDTOUR #DAY6_FOREVER_YOUNG_INDONESIA #DAY6inJKT https://t.co/UVYAKnGD9I,1.84768755110637E+018,2024-10-19 17:13:35+00:00,yoomdowoon,1381249050,in,kinda ia👋🏻,0,0,2,6,https://x.com/yoomdowoon/status/1847687551106371950,,0,yoomdowoon,
ADA YANG TEBAL TAPI BUKAN BUKU #DAY6_FOREVER_YOUNG_JAKARTA #DAY6 #데이식스 #YOUNGK #영케이 https://t.co/4PebZQEwny,1.8476883024781E+018,2024-10-19 17:16:34+00:00,raspdwerry,280404693,in,🏳🏳,0,0,3,14,https://x.com/raspdwerry/status/1847688302478114988,,0,raspdwerry,
Pink B mantulzzzz Sebelum konser dimulai udah minta maaf sama yang belakang kalau mau jejingkrakan. Alhamdulillah seblokku mantul betul. Energi kalian ngga ada abisnya Seru banget Pink B!!! #DAY6_FOREVER_YOUNG_Jakarta https://t.co/K7T61pwYZf,1.84768885403754E+018,2024-10-19 17:18:45+00:00,gogumanuna,1.76387330034907E+018,in,,0,5,4,76,https://x.com/gogumanuna/status/1847688854037549235,,0,gogumanuna,
All jadi instrumen geprek Keren semuaaa apalagi Pak Sungjin dan Atomnya #DAY6_3RD_WORLDTOUR #Day6_FOREVER_YOUNG_Surabaya #Day6_FOREVER_YOUNG_Indonesia https://t.co/2FHx0wGksJ,1.84769071242036E+018,2024-10-19 17:26:08+00:00,joanasiapa,358736617,in,,0,1,0,0,https://x.com/joanasiapa/status/1847690712420372904,,0,joanasiapa,
ceritanya mau bikin mini vlog hihi #DAY6_3RD_WORLDTOUR #DAY6_Forever_Young_Jakarta #Day6inJakarta https://t.co/UTTCrw3oJx,1.84769082673616E+018,2024-10-19 17:26:36+00:00,sliceofnattie,1.63746982934625E+018,in,met youngk ಇ.,0,0,1,6,https://x.com/sliceofnattie/status/1847690826736161130,,0,sliceofnattie,
YOUNGK JIDATAN SUNGJIN GANTENG JAKARTA DAY1 SOUNDCHECK #DAY6_3RD_WORLDTOUR #DAY6inJKT #DAY6_FOREVER_YOUNG_JAKARTA https://t.co/VFp08GvRuY,1.84769314802756E+018,2024-10-19 17:35:49+00:00,pipopsilviaa,1953977000,in,Indonesia,0,0,0,0,https://x.com/pipopsilviaa/status/1847693148027572304,,0,pipopsilviaa,
Bapak #DAY6_3RD_WORLDTOUR #DAY6_FOREVER_YOUNG_Indonesia #DAY6_FOREVER_YOUNG_Jakarta https://t.co/YnuRYUAJDx,1.84769406736028E+018,2024-10-19 17:39:28+00:00,Mell_Maysilia,608900184,in,,0,0,0,1,https://x.com/Mell_Maysilia/status/1847694067360288823,,0,Mell_Maysilia,
This happened again Tapi kali ini rasanya ada yang kurang #DAY6_3RD_WORLDTOUR #DAY6_FOREVER_YOUNG_JAKARTA https://t.co/8HUuGgD5ya,1.84769542549269E+018,2024-10-19 17:44:52+00:00,rayennixi,24351132,in,,1,0,2,3,https://x.com/rayennixi/status/1847695425492705603,,0,rayennixi,
dowoon soundcheck rapih banget aku suka #DAY6 #데이식스 #DOWOON #윤도운 #DAY6_3RD_WORLDTOUR #DAY6_FOREVER_YOUNG_INDONESIA #DAY6inJAKARTA https://t.co/o00cPKO73h,1.84769549149845E+018,2024-10-19 17:45:08+00:00,yoomdowoon,1381249050,in,kinda ia👋🏻,0,0,1,6,https://x.com/yoomdowoon/status/1847695491498463302,,0,yoomdowoon,
Apa tidak nangis #DAY6_Forever_Young_Jakarta https://t.co/Ups6TKtKgm,1.84769736340374E+018,2024-10-19 17:52:34+00:00,kyeranhan,1.38748796680991E+018,in,"DKI Jakarta, Indonesia",0,0,1,1,https://x.com/kyeranhan/status/1847697363403755593,,0,kyeranhan,
muka bingungnya lucu bgt bener bener UCING #DAY6inJAKARTA #DAY6_FOREVER_YOUNG_JAKARTA #YoungK #영케이 https://t.co/PZE0UsTxy7,1.84769752877249E+018,2024-10-19 17:53:14+00:00,cinnamorwooll,3267606307,in,,0,0,2,3,https://x.com/cinnamorwooll/status/1847697528772505723,,0,cinnamorwooll,
241013 DAY6 3rd WORLD TOUR FOREVER YOUNG in BALI YOUNG K GWAENCHANA YOUNG K ULJIMA.. TAPI BAPAK SUNGJIN BERUSAHA MELUCU ️ #DAY6inBALI #DAY6_3RD_WORLDTOUR #DAY6_FOREVER_YOUNG_BALI https://t.co/4hFZCTAGPq,1.84769764750074E+018,2024-10-19 17:53:42+00:00,peachjeanim,1120687088,in,mooniverse,0,1,0,1,https://x.com/peachjeanim/status/1847697647500742805,,0,peachjeanim,
Meng iri sama fansnya day6 yang dibikinin konser 3 kota di indonesia lah kita 1 hari weekday pulak awas kau h*be https://t.co/m5g7hmUMgx,1.84769965601031E+018,2024-10-19 18:01:41+00:00,choibora_,1.65291697546161E+018,in,,0,0,0,0,https://x.com/choibora_/status/1847699656010322235,,0,choibora_,
watermarknya gede banget maaf sungjin punya youngk youngk punya sungjin #DAY6 #데이식스 #DAY6inJakartaDay1 #DAY6_FOREVER_YOUNG_Indonesia #DAY6_FOREVER_YOUNG_Jakarta #SUNGJIN #성진 #YOUNGK https://t.co/Ueo3zgrB7e,1.84770013026865E+018,2024-10-19 18:03:34+00:00,arthemisyou,1.62918450891758E+018,in,,0,1,1,4,https://x.com/arthemisyou/status/1847700130268664147,,0,arthemisyou,
lucu banget dowoon pas nyanyi eojjodaboni #DAY6_3RD_WORLDTOUR #DAY6_FOREVER_YOUNG_JAKARTA https://t.co/lofz6zibsL,1.84770117533819E+018,2024-10-19 18:07:43+00:00,sparrowoojin99_,1.03337511752969E+018,in,,1,0,3,8,https://x.com/sparrowoojin99_/status/1847701175338197455,,0,sparrowoojin99_,
Youngk ment Notice my day gak enak badan Warm words SAMPAI KETEMU LAGI YA AKU CINTA KALIAN. KITA FOTO YUK? (Pake bahasa) #DAY6 #데이식스 #DAY6_3RD_WORLDTOUR #DAY6_FOREVER_YOUNG_INDONESIA #Day6inJakarta https://t.co/7B52Q1CGe5,1.84770213663494E+018,2024-10-19 18:11:32+00:00,lezgetitbribrii,1.5075796383775E+018,in,,1,1,50,155,https://x.com/lezgetitbribrii/status/1847702136634954123,,0,lezgetitbribrii,
 : *ment manis panjang kali lebar* : hmmm gitu ya? watermark nya YoungK emang kurang bisa jaga komuk! tapi aku cinta hehe #DAY6 #DAY6_3RD_WORLDTOUR #DAY6_FOREVER_YOUNG_INDONESIA #DAY6inJakarta https://t.co/I0iVHAmEAY,1.84770362289919E+018,2024-10-19 18:17:27+00:00,hypeajjj,1.118707175164E+018,in,stream Eaj’s new single:,0,0,4,6,https://x.com/hypeajjj/status/1847703622899192111,,0,hypeajjj,
Yuk THE LAST SLOT TRIP KONSER DAY6 JKT DAY 2 ONLY AREA JAKARTA YA sisa 2 seat mau pulang/pergi atau pulang-pergi jg bisa ya #tripkonser #DAY6_3RD_WORLDTOUR_INDONESIA #konser #trip #jakarta,1.84770504594256E+018,2024-10-19 18:23:06+00:00,hellopinkcloud,1.07266205632989E+018,in,"Purwakarta, Indonesia",0,0,0,0,https://x.com/hellopinkcloud/status/1847705045942562966,,0,hellopinkcloud,
tadii project pearl ocean pas kongchu bneran cantikkk banget‼️‼️ *maaf ya guys yg masuk ke video aku udh brusaha edit biar ngeblur T____T 241019 #DAY6_FOREVER_YOUNG_JAKARTA #DAY6inJAKARTA #DAY6 #데이식스 https://t.co/3DvDABiEHk,1.847706203516E+018,2024-10-19 18:27:42+00:00,sungjjiniya,1.80049210058646E+018,in,01L⊹₊⟡⋆,17,1,257,959,https://x.com/sungjjiniya/status/1847706203516006889,,0,sungjjiniya,
sayang banget sama kamu kim wonpil! also share ini dulu deh monster pecah suara wonpil ft. young k gausah pake wm gapapa #DAY6_3RD_WORLDTOUR #DAY6_Forever_Young_Jakarta #Day6inJakarta https://t.co/dDBEDJz6Ko,1.8477064869587E+018,2024-10-19 18:28:49+00:00,deisiksofteu,9.62585540578E+017,in,,0,2,5,22,https://x.com/deisiksofteu/status/1847706486958703088,,0,deisiksofteu,
Wonpil gwenchana jadi rapopo udah fasih bgt kayaknya brooww #DAY6_FOREVER_YOUNG_JAKARTA @day6official https://t.co/xz0F7Uz97h,1.84770740170702E+018,2024-10-19 18:32:27+00:00,hohobebee,349662930,in,Living in Dreamland,0,0,0,0,https://x.com/hohobebee/status/1847707401707024745,day6official,1,hohobebee,day6official
malem ini akhirnya setelah agak deket liat sungjin gue baru ngerasain takut liat blio (lovingly). pokoknya auranya kayak... minta maap ya pak kalau ada salah. #DAY6 #DAY6_FOREVER_YOUNG_Jakarta #SUNGJIN #ShootMe https://t.co/Q7bHJtWqDI,1.84770749700571E+018,2024-10-19 18:32:50+00:00,pilafwyu,1051944924,in,caratday fan-account.,0,0,0,3,https://x.com/pilafwyu/status/1847707497005719554,,0,pilafwyu,
DIA TAKUT MYDAY DI TRIBUN SEATING LOMPATNYA KELEPASAN #DAY6_FOREVER_YOUNG_Jakarta https://t.co/9K6d8yLV9t,1.84770830525236E+018,2024-10-19 18:36:03+00:00,starlights1002,237205033,in,,0,0,1,2,https://x.com/starlights1002/status/1847708305252372900,,0,starlights1002,
Iya pak iya kamu paling keren sedunia ga ada yg bisa ngalahin #DAY6_FOREVER_YOUNG_INDONESIA #DAY6 #성진 #DAY6inJAKARTA https://t.co/nBY91j6Ya9,1.84771177876526E+018,2024-10-19 18:49:51+00:00,ilgwazerosai,96127128,in,,0,1,1,4,https://x.com/ilgwazerosai/status/1847711778765262907,,0,ilgwazerosai,
Sungjin bingung mayday ngomong apa padahal kita mau sweet chaos loh pak! Lucu bgt sih paaak~~~~ #DAY6_FOREVER_YOUNG_JAKARTA @day6official #SUNGJIN #DAY6 https://t.co/K1yAZvQpOI,1.84771197676145E+018,2024-10-19 18:50:38+00:00,hohobebee,349662930,in,Living in Dreamland,0,1,0,2,https://x.com/hohobebee/status/1847711976761462864,day6official,1,hohobebee,day6official
PLIS PAKE GAIS as org yg udh nnton d bcis 2x sebelumnya (konser kpop lain) SOUND DAY6 ADALAH SOUND PALING KENCENG ampe telinga gue nging nging,1.84771377195301E+018,2024-10-19 18:57:46+00:00,loeyliness,8.80986509301619E+017,in,kaga tau dah,75,30,33,209,https://x.com/loeyliness/status/1847713771953021008,,0,loeyliness,
- DAY6 - HAPPY - sukses buat aku nangis the reason mau nonton day6 biar bisa nyanyi ini sambil luapin semuanya #DAY6_FOREVER_YOUNG_JAKARTA @day6official #DAY6 https://t.co/cbWEz2s38g,1.84771554724248E+018,2024-10-19 19:04:50+00:00,hohobebee,349662930,in,Living in Dreamland,0,0,1,2,https://x.com/hohobebee/status/1847715547242484144,day6official,1,hohobebee,day6official
KESAMPEAN NNTN DEYSIKS #DAY6_FOREVER_YOUNG_Jakarta https://t.co/OHdaLJbDKq,1.84772288342405E+018,2024-10-19 19:33:59+00:00,floulectra,1.08124659014313E+018,in,"Telos, Smile!:D & GFF Tour",0,1,1,6,https://x.com/floulectra/status/1847722883424067804,,0,floulectra,
Stop manyun2 atuh pak Gemes jadinya #DOWOON #WONPIL #YOUNGK #SUNGJIN #DAY6inJakarta #DAY6_FOREVER_YOUNG_INDONESIA #DAY6_3RD_WORLDTOUR #DAY6 https://t.co/CIcko8UAFr,1.84776898485652E+018,2024-10-19 22:37:10+00:00,kyakya1111,1.34488142022157E+018,in,,0,1,2,5,https://x.com/kyakya1111/status/1847768984856531443,,0,kyakya1111,
Aku bukan didikan lord dk pliss jd pas nyanyi happy suaraku bocor kemana2 #DAY6_3RD_WORLDTOUR #DAY6_Forever_Young_Jakarta #DAY6inJAKARTA https://t.co/UA9hBqilRn,1.84776907854048E+018,2024-10-19 22:37:32+00:00,yourhappinesstt,1.48312339600758E+018,in,,2,3,7,14,https://x.com/yourhappinesstt/status/1847769078540489179,,0,yourhappinesstt,
Pesona YoungK jidatan ga ada lawan #DOWOON #WONPIL #YOUNGK #SUNGJIN #DAY6inJakarta #DAY6_FOREVER_YOUNG_INDONESIA #DAY6_3RD_WORLDTOUR #DAY6 https://t.co/a7DFX0Pzy0,1.84776935404756E+018,2024-10-19 22:38:38+00:00,kyakya1111,1.34488142022157E+018,in,,0,1,1,5,https://x.com/kyakya1111/status/1847769354047570153,,0,kyakya1111,
Congratulation day6 buat ak nangisss dikit #DAY6_3RD_WORLDTOUR #DAY6_Forever_Young_Jakarta #DAY6inJAKARTA https://t.co/u8CqOlLB6W,1.84777999270662E+018,2024-10-19 23:20:55+00:00,yourhappinesstt,1.48312339600758E+018,in,,3,1,8,25,https://x.com/yourhappinesstt/status/1847779992706637954,,0,yourhappinesstt,
Met pageeeh yang lagi PCD #DAY6_Forever_Young_Indonesia #DAY6_3RD_WORLDTOUR_INDONESIA #DAY6_3RD_WORLDTOUR https://t.co/uV98tUEMKe,1.84778048130535E+018,2024-10-19 23:22:51+00:00,mycorner07,1.58894356857541E+018,in,,0,0,2,4,https://x.com/mycorner07/status/1847780481305366540,,0,mycorner07,
Yuh bisa tahun depan day6 konser di indonesia make GBK @day6official,1.84778179078803E+018,2024-10-19 23:28:03+00:00,kthyunjae,1.25057311416286E+018,in,,0,0,0,0,https://x.com/kthyunjae/status/1847781790788047323,day6official,1,kthyunjae,day6official
Melt down!! Keliatannya ga ada satu pun video aku yg bisa sempurna karena aku di belakang dan ya ampuuuun masa diem doang dan ga ikut gerak sih denger mereka??? Kutaksanggup menahan godaannya. Hahahaha . Seru banget! Myday sekitar aku baik-baik!! #day6_forever_young_jakarta https://t.co/xZbCdUP0X5,1.84778611467925E+018,2024-10-19 23:45:14+00:00,gweghea,77613005,in,indonesia,0,0,0,1,https://x.com/gweghea/status/1847786114679263748,,0,gweghea,
sayangku cintaku #데이식스 #성진 #YoungK #원필 #도운 #DAY6_FOREVER_YOUNG_JAKARTA https://t.co/od9t30doYz,1.84778838890219E+018,2024-10-19 23:54:16+00:00,createdbydowoon,1.06523845324209E+018,in,,0,0,1,0,https://x.com/createdbydowoon/status/1847788388902195493,,0,createdbydowoon,
241019 예뻤어 youngk bingung dikit knp ngadep sana???? #DAY6_3RD_WORLDTOUR #DAY6_FOREVER_YOUNG_JAKARTA #DAY6inJKT #DAY6inJakarta https://t.co/0prNnTK7hU,1.84778845955523E+018,2024-10-19 23:54:33+00:00,terpilwon,1.42334186629289E+018,in,21 | she/her | selective,0,0,7,28,https://x.com/terpilwon/status/1847788459555246209,,0,terpilwon,
Menikah part sekian dengan park sungjin #DAY6_FOREVER_YOUNG_INDONESIA #DAY6 #성진 #DAY6inJAKARTA https://t.co/hxOc4jFeK6,1.84779221250094E+018,2024-10-20 00:09:28+00:00,ilgwazerosai,96127128,in,,0,1,2,1,https://x.com/ilgwazerosai/status/1847792212500947437,,0,ilgwazerosai,
Asline mesti cah iki romantis banget ya Pil #DOWOON #WONPIL #YOUNGK #SUNGJIN #DAY6inJakarta #DAY6_FOREVER_YOUNG_INDONESIA #DAY6_3RD_WORLDTOUR #DAY6 https://t.co/QJnrkUGHkF,1.84779968645294E+018,2024-10-20 00:39:10+00:00,kyakya1111,1.34488142022157E+018,in,,0,1,0,0,https://x.com/kyakya1111/status/1847799686452941013,,0,kyakya1111,
Bri jangnlah sekali-kali kamu underestimate myday #DOWOON #WONPIL #YOUNGK #SUNGJIN #DAY6inJakarta #DAY6_FOREVER_YOUNG_INDONESIA #DAY6_3RD_WORLDTOUR #DAY6 https://t.co/OO0bmnQHee,1.84780063267947E+018,2024-10-20 00:42:55+00:00,kyakya1111,1.34488142022157E+018,in,,0,1,0,0,https://x.com/kyakya1111/status/1847800632679473202,,0,kyakya1111,
Ini lupa chord apa gimana Mas Bri.... #DOWOON #WONPIL #YOUNGK #SUNGJIN #DAY6inJakarta #DAY6_FOREVER_YOUNG_INDONESIA #DAY6_3RD_WORLDTOUR #DAY6 https://t.co/jRfoGuxQtx,1.84780862355008E+018,2024-10-20 01:14:41+00:00,kyakya1111,1.34488142022157E+018,in,,0,0,0,1,https://x.com/kyakya1111/status/1847808623550091511,,0,kyakya1111,
[LAST] 2 SLOT TRIP KONSER DAY6 IN JKT RUTE ONLY JAKARTA Yuk yang mau pulang/pergi aja atau pulang-pergi ️PP 185K incl tiket ancol ️OW 150 excl tiket ancol ️mobil pribadi ️langsung masuk grup permobil #trip #konser #DAY6_3RD_WORLDTOUR_INDONESIA,1.84781282241328E+018,2024-10-20 01:31:22+00:00,hellopinkcloud,1.07266205632989E+018,in,"Purwakarta, Indonesia",0,1,0,1,https://x.com/hellopinkcloud/status/1847812822413299922,,0,hellopinkcloud,
241019 DAY6 FOREVER YOUNG JAKARTA DAY1 Young K sama Dowoon lagi bahas apa kira-kira #영케이 #YOUNGK #도운 #DOWOON #DAY6_Forever_Young_Indonesia #DAY6inJAKARTA https://t.co/dvFQ3ejQ6G,1.84782434796642E+018,2024-10-20 02:17:10+00:00,bluescooter27,1.26487011788163E+018,in,,0,0,4,3,https://x.com/bluescooter27/status/1847824347966431268,,0,bluescooter27,
Freebies day 2 See you.. Yonke nya sisa 4 yg lain ada banyak #DAY6_3RD_WORLDTOUR #day6injkt #day6injakarta #day6foreveryoung https://t.co/c93dt8iF66,1.84782583376506E+018,2024-10-20 02:23:04+00:00,melodels_,1.54385022401134E+018,in,,0,5,1,5,https://x.com/melodels_/status/1847825833765065003,,0,melodels_,
@clarissaalma iyah keliling indonesia biar ga bikin macet jakarta aja kemaren2 masih denial karena masih ada day6 disini skrg konser udah mau abis kepala langsung pusing mikirin negara lagi,1.8478288715568E+018,2024-10-20 02:35:08+00:00,yoomdowoon,1381249050,in,kinda ia👋🏻,0,0,0,0,https://x.com/yoomdowoon/status/1847828871556804910,clarissaalma,1,yoomdowoon,clarissaalma
please aku mau mencari kakak kembar org malang yg di section pink A aku mau ngajak mutualan tp mreka keburu ilang waktu slesai #DAY6_FOREVER_YOUNG_Surabaya,1.84783708607599E+018,2024-10-20 03:07:47+00:00,pwnnxz,1.46390471846432E+018,in,s/h - East Java - bxb area,0,0,0,0,https://x.com/pwnnxz/status/1847837086075998580,,0,pwnnxz,
Terima kasih sayang ketemu lagi di konser-konser selanjutnya ya! @day6official @DAY6__SUNGJIN @DAY6BOBSUNG_JIN @Dw_day6_drummer #FOREVERYOUNG #DAY6_3RD_WORLDTOUR_JAKARTA #DAY6_3RD_WORLDTOUR_INDONESIA https://t.co/TaUhnTQ7Vh,1.84783899582236E+018,2024-10-20 03:15:22+00:00,duckwoonie,8.12877377298513E+017,in,,0,0,0,0,https://x.com/duckwoonie/status/1847838995822367182,"day6official,DAY6__SUNGJIN,DAY6BOBSUNG_JIN,Dw_day6_drummer",4,duckwoonie,day6official
241019 Ini karena pegel jd nempelin dipager jadinya geter #DAY6_FOREVER_YOUNG_Jakarta #DAY6_FOREVER_YOUNG_Indonesia https://t.co/e8YVeGOCYH,1.8478398180821E+018,2024-10-20 03:18:38+00:00,pacemakerstay,1.40808816642733E+018,in,02l,0,0,0,1,https://x.com/pacemakerstay/status/1847839818082111785,,0,pacemakerstay,
Ga pernah se-nervous ini mau nonton konser See u soon bujang @day6official DAY 2 KAJJA !! #DAY6_3RD_WORLDTOUR_JAKARTA #DAY6_3RD_WORLDTOUR_INDONESIA https://t.co/0pTlEwPOob,1.84784160501919E+018,2024-10-20 03:25:44+00:00,yourrtwilight,249996712,in,LENIVERSE,0,0,0,1,https://x.com/yourrtwilight/status/1847841605019193712,day6official,1,yourrtwilight,day6official
Day6 - How Can I Say Part Wonpil salah masuk terus dilitiain member lain jadi plonga plongo lucu Banyak yg ngira salah lirik aslinya salah masuk #DAY6_FOREVER_YOUNG_SURABAYA #DAY6_3RD_WORLDTOUR #DAY6inSBY #FOREVERYOUNGINSURABAYA #DAY6inSurabaya #DAY6 #DAY6_FOREVER_YOUNG https://t.co/cFneH52zYC,1.84784907764992E+018,2024-10-20 03:55:26+00:00,mymeiracle,9.94908228872948E+017,in,she/her,1,0,2,11,https://x.com/mymeiracle/status/1847849077649920133,,0,mymeiracle,
Day6 - Freely Part mendekatin akhir nih Di sec pink belakang keliatan melingkar seru banget pas part youngk slow #DAY6_FOREVER_YOUNG_SURABAYA #DAY6_3RD_WORLDTOUR #DAY6inSBY #FOREVERYOUNGINSURABAYA #DAY6inSurabaya #DAY6 #DAY6SURABAYA #DAY6_FOREVER_YOUNG https://t.co/Iyc1FD1KQG,1.84785487328048E+018,2024-10-20 04:18:27+00:00,mymeiracle,9.94908228872948E+017,in,she/her,3,0,11,40,https://x.com/mymeiracle/status/1847854873280487588,,0,mymeiracle,
KESAMPEAN JOGET HEALER DI VENUE KONSER DAY6 https://t.co/AOJevuhivA,1.8478595880179E+018,2024-10-20 04:37:12+00:00,akangaon,1.79040759469749E+018,in,read rentry byf❗,3,0,22,322,https://x.com/akangaon/status/1847859588017901653,,0,akangaon,
mau sharing hasil jepretan forever young jkt day 1 kemaren #DAY6 #데이식스 #DAY6_3RD_WORLDTOUR #DAY6_FOREVER_YOUNG_INDONESIA #DAY6_FOREVER_YOUNG_JAKARTA #DAY6inJKT #DAY6inJAKARTA https://t.co/GAevI7aeSG,1.84786322952101E+018,2024-10-20 04:51:40+00:00,yoomdowoon,1381249050,in,kinda ia👋🏻,1,4,106,350,https://x.com/yoomdowoon/status/1847863229521023428,,0,yoomdowoon,
nangis bgt pengen nonton day6 gaada bagi² tiket konser gratis apa? #DAY6_3RD_WORLDTOUR #DAY6_FOREVER_YOUNG_Indonesia #DAY6_FOREVER_YOUNG_Jakarta #DAY6inJAKARTA,1.84786365329671E+018,2024-10-20 04:53:21+00:00,stersdh,239258310,in,Pirate’s world,0,0,0,1,https://x.com/stersdh/status/1847863653296721924,,0,stersdh,
241016 baru sadar kalo instrumennya wonpil sejelas ini di section B pas lagu first time #DAY6_FOREVER_YOUNG_Surabaya https://t.co/IJKWiwaP74,1.84788043469024E+018,2024-10-20 06:00:02+00:00,youngcyow,1.1311974457051E+018,in,,8,2,93,416,https://x.com/youngcyow/status/1847880434690249016,,0,youngcyow,
241016 salah satu penampilan yang memuaskan adalah lagu my day karena detail suara instrumennya dapet termasuk juga pembagian suara dan part nada tingginya young k sebelum masuk ke partnya sungjin #DAY6_3RD_WORLDTOUR #DAY6_FOREVER_YOUNG_Surabaya https://t.co/CocQ75JekE,1.84788238515485E+018,2024-10-20 06:07:47+00:00,youngcyow,1.1311974457051E+018,in,,0,1,2,13,https://x.com/youngcyow/status/1847882385154855054,,0,youngcyow,
Sini sinii yg mau fribiss https://t.co/jHp2i8VrgF #DAY6_FOREVER_YOUNG_Jakarta #DAY6_FOREVER_YOUNG_Indonesia https://t.co/u0VK0AWP5V,1.84788889397646E+018,2024-10-20 06:33:39+00:00,youngfeelmania,596220809,in,,0,2,1,3,https://x.com/youngfeelmania/status/1847888893976465870,,0,youngfeelmania,
Gila SHOOT ME emang... BANG BANG!! I'M OKAY ‍️ Ga cuman dibikin amazed sama Day6 tapi myday jg gokil bgtt sihhhh #DAY6 #Day6inSurabaya #DAY6_FOREVER_YOUNG_SURABAYA #DAY6_3RD_WORLDTOUR https://t.co/okAUeXypg1,1.84789119275699E+018,2024-10-20 06:42:47+00:00,jihaebaragi,120668920,in,,0,1,0,0,https://x.com/jihaebaragi/status/1847891192757002693,,0,jihaebaragi,
Seberang atm centerrr sini masih ada fribisnyaa syaratnya follow ajahh #DAY6_FOREVER_YOUNG_Jakarta #DAY6_FOREVER_YOUNG_Indonesia https://t.co/KNXY9k7icU,1.84789322639887E+018,2024-10-20 06:50:52+00:00,youngfeelmania,596220809,in,,0,5,0,1,https://x.com/youngfeelmania/status/1847893226398875858,,0,youngfeelmania,
Hi all! Makasiii sudah meramaikan freebiesku see you soon di konser day6 keliling indonesia lagiiii️ selamat pcd guysss ,1.84790347625445E+018,2024-10-20 07:31:35+00:00,Chet___2202,1.15537851769505E+018,in,,0,0,0,0,https://x.com/Chet___2202/status/1847903476254462443,,0,Chet___2202,
Wonpil ngasih nilai 100 buat My Day Surabaya 241016 #DAY6_FOREVER_YOUNG_SURABAYA #DAY6 #데이식스 #원필 #wonpil #DAY6SURABAYA #Day6inSurabaya #DAY6SURABAYA #DAY6SBY https://t.co/XKeJnxUbw1,1.84790434575044E+018,2024-10-20 07:35:03+00:00,sayngbanget,1.53852615007859E+018,in,,1,0,2,5,https://x.com/sayngbanget/status/1847904345750458604,,0,sayngbanget,
Akirnya keturutan! Day6 bawain 어쩌다보니 (somehow) d Surabaya sempet agak tantrum diri ini krn ga masuk setlist pas d Bali wkwk Myday keren pol lah yongke give applause kimpil pun terheran2 #DAY6 #Day6inSurabaya #DAY6_FOREVER_YOUNG_SURABAYA #DAY6_3RD_WORLDTOUR https://t.co/zoebgrXpy3,1.84790706969056E+018,2024-10-20 07:45:52+00:00,jihaebaragi,120668920,in,,0,0,0,0,https://x.com/jihaebaragi/status/1847907069690560941,,0,jihaebaragi,
My Day Surabaya dikasih jempol sama mas Sungjin 241016 #DAY6_FOREVER_YOUNG_SURABAYA #DAY6 #데이식스 #sungjin #wonpil #DAY6SURABAYA #Day6inSurabaya #DAY6SURABAYA #DAY6SBY https://t.co/6gc01bUbkI,1.84790780996873E+018,2024-10-20 07:48:49+00:00,sayngbanget,1.53852615007859E+018,in,,0,0,0,0,https://x.com/sayngbanget/status/1847907809968738743,,0,sayngbanget,
makasih ya Park Sungjin kamu keren banget! #DAY6 #DAY6_3RD_WORLDTOUR #DAY6_FOREVER_YOUNG_INDONESIA #DAY6inJAKARTA https://t.co/llpzWZBy63,1.84790858437137E+018,2024-10-20 07:51:53+00:00,hypeajjj,1.118707175164E+018,in,stream Eaj’s new single:,0,0,0,0,https://x.com/hypeajjj/status/1847908584371388620,,0,hypeajjj,
Ngedit fancam2 dan foto2 pun masih nangis hari ini.. I need to see day6 again as soon as possible.. #DAY6_3RD_WORLDTOUR #DAY6inJakarta #DAY6_FOREVER_YOUNG_Indonesia,1.84791393650886E+018,2024-10-20 08:13:09+00:00,babyoungk19,1.42883334376472E+018,in,🦊🐻,0,0,0,0,https://x.com/babyoungk19/status/1847913936508879229,,0,babyoungk19,
Concert dibuka dgn Indonesia Raya it means it's getting closer woi makin dugun2 lah saya. Trus Mp3 Welcome To The Show diputer auto perform lah Paduan Suara MYDAYNESIA. Blm mulai aja uda sekompak sesemangat ini! #DAY6inSBY #DAY6_3RD_WORLDTOUR #DAY6_FOREVER_YOUNG_Surabaya https://t.co/Tu8jnPq3IC,1.84791593025872E+018,2024-10-20 08:21:05+00:00,gwiyeounbojogae,1.3981693928615E+018,in,,0,1,0,0,https://x.com/gwiyeounbojogae/status/1847915930258722841,,0,gwiyeounbojogae,
BETTER BETTER Ni lagu recently jd kesukaan w dah gaada obat. Dilihat live makin gaada obat. Suara 4 bujang ganteng dan sound nyaaaa super mantips #DAY6inSBY #DAY6_3RD_WORLDTOUR #DAY6_FOREVER_YOUNG_SURABAYA https://t.co/c6IHLVpBVA,1.84791606571376E+018,2024-10-20 08:21:37+00:00,gwiyeounbojogae,1.3981693928615E+018,in,,0,1,0,0,https://x.com/gwiyeounbojogae/status/1847916065713770954,,0,gwiyeounbojogae,
HEALER One of my DAY6 fav songs dengan tingkah YoungK di panggung jogat joget gabisa diem️ #DAY6inSBY #DAY6_3RD_WORLDTOUR #DAY6_FOREVER_YOUNG_SURABAYA https://t.co/VXav40P5eY,1.84791621791248E+018,2024-10-20 08:22:13+00:00,gwiyeounbojogae,1.3981693928615E+018,in,,0,1,0,0,https://x.com/gwiyeounbojogae/status/1847916217912480083,,0,gwiyeounbojogae,
TIME OF OUR LIFE Pas bagian amu geokjeong deo hajineunma pkknya teriak aja daahh. Dalem hati daahh nyanyi aja sekenceng yg lu mau dah tumpehin aja semuaa gausa ada yg dikuatirin #DAY6inSBY #DAY6_3RD_WORLDTOUR #DAY6_FOREVER_YOUNG_SURABAYA https://t.co/e7sM4tGJVL,1.84791634599812E+018,2024-10-20 08:22:44+00:00,gwiyeounbojogae,1.3981693928615E+018,in,,0,1,0,0,https://x.com/gwiyeounbojogae/status/1847916345998135494,,0,gwiyeounbojogae,
SHE SMILED Lagu yg bikin myday (re: aku mksdny) salting sama gitar intronya sungjin dulmane mudae youngk kakkaiwa wonpil beat nya dowoon...... damage kali la 4 bujang ini gaada obat #DAY6inSBY #DAY6_3RD_WORLDTOUR #DAY6_FOREVER_YOUNG_SURABAYA https://t.co/J5E4FI9GyB,1.84791650695873E+018,2024-10-20 08:23:22+00:00,gwiyeounbojogae,1.3981693928615E+018,in,,0,1,0,1,https://x.com/gwiyeounbojogae/status/1847916506958749803,,0,gwiyeounbojogae,
DANCE DANCE EHEMnya DOWOON Pecah bgt asli seru sekaliii day6 and mydayyyy!!! #DAY6_3RD_WORLDTOUR #DAY6inSBY #DAY6_FOREVER_YOUNG_SURABAYA https://t.co/Dz5qgD9tJ1,1.84791888787218E+018,2024-10-20 08:32:50+00:00,gwiyeounbojogae,1.3981693928615E+018,in,,0,1,0,0,https://x.com/gwiyeounbojogae/status/1847918887872196831,,0,gwiyeounbojogae,
Cowoknya nyari duit di bcis Ceweknya nyari duit di pasar #DAY6_FOREVER_YOUNG_Indonesia,1.84792264642131E+018,2024-10-20 08:47:46+00:00,1994rcive,1.17500304514015E+018,in,,0,0,0,0,https://x.com/1994rcive/status/1847922646421328204,,0,1994rcive,
2 pilar kehidupanku #DAY6_FOREVER_YOUNG_Indonesia #DAY6_FOREVER_YOUNG_Jakarta https://t.co/isJMj5is35,1.84794215142405E+018,2024-10-20 10:05:16+00:00,mysibchil,601752178,in,she/her. | rt a lot.,0,0,4,4,https://x.com/mysibchil/status/1847942151424065848,,0,mysibchil,
wonpil ganti lirik lagi jadi rapopo rapopo terus dia ketawa (tangan gemeteran) #DAY6_FOREVER_YOUNG_Indonesia #DAY6_FOREVER_YOUNG_Jakarta https://t.co/4dP7QJ1j7l,1.84794354102636E+018,2024-10-20 10:10:47+00:00,mysibchil,601752178,in,she/her. | rt a lot.,0,0,5,13,https://x.com/mysibchil/status/1847943541026365645,,0,mysibchil,
GAAKAN LUPA SAMA KETAMPANAN YONGKE KEMAREN #영케이 #YoungK #DAY6inJakarta #DAY6_FOREVER_YOUNG_JAKARTA https://t.co/OSPK53tdxo,1.84794848644212E+018,2024-10-20 10:30:27+00:00,harutonie,1.07842135371837E+018,in,kinda fan acc,104,5,963,2736,https://x.com/harutonie/status/1847948486442139790,,0,harutonie,
lucu terus pls. #DAY6_FOREVER_YOUNG_Indonesia #DAY6 #데이식스 #DOWOON #DAY6_3RD_WORLDTOUR https://t.co/JNHaDc9S5e,1.84794902310337E+018,2024-10-20 10:32:34+00:00,tetehgaonbogor,1.0159247560281E+018,in,,0,0,0,4,https://x.com/tetehgaonbogor/status/1847949023103385922,,0,tetehgaonbogor,
(+new entry) warga myday sec pink b Day 1 kalian kerennn!! sugoheso ditengah ombak manusya kita tetap bertahan dan enjoy the concert tag @geuuueg @hoshylovebot @dindhaesica @crescentkims @inistefanie @uqiahmad003 #DAY6_FOREVER_YOUNG_Indonesia #DAY6_FOREVER_YOUNG_Jakarta https://t.co/I3grchmq63,1.8479515224597E+018,2024-10-20 10:42:30+00:00,pilafwyu,1051944924,in,caratday fan-account.,1,2,4,7,https://x.com/pilafwyu/status/1847951522459717853,"geuuueg,hoshylovebot,dindhaesica,crescentkims,inistefanie,uqiahmad003",6,pilafwyu,geuuueg
ini day6 hari ini kelar konser di indo terus abis itu balik ke kr aku boleh ikut aja ga sih gapapa deh nebeng di koper mahal sungjin itu (ga sanggup tinggal di indonesia dan jauh dari day6),1.84795374965616E+018,2024-10-20 10:51:21+00:00,hyejours,1.51652528924474E+018,in,selective followback.,0,0,0,2,https://x.com/hyejours/status/1847953749656162741,,0,hyejours,
241020 DAY6 World Tour Forever Young in Jakarta Day 2 YoungK apasih lucu bgt???? #DAY6 #데이식스 #DAY6inJKT #DAY6inJakarta #YoungK #영케이 #DAY6_FOREVER_YOUNG_Jakarta https://t.co/qmBNkbH8Gh,1.84795464776987E+018,2024-10-20 10:54:56+00:00,monstraykidsix,1.04935526833142E+018,in,,51,1,543,1263,https://x.com/monstraykidsix/status/1847954647769874791,,0,monstraykidsix,
Wishlist 2024 Sempet stres May kemarin gak nonton mereka.. Syukurnya DAY6 beneran worldtour seneng bahagia stress bercampur jadii satu. DAY6 dah makin besar sekarang See u another concert #DAY6 #데이식스 #DAY6_3RD_WORLDTOUR #DAY6_FOREVER_YOUNG_INDONESIA https://t.co/gHzY4eVNDv,1.84795625701948E+018,2024-10-20 11:01:19+00:00,anastasia_tf,261413919,in,"ÜT: -6.13150125,106.8176825",0,0,0,0,https://x.com/anastasia_tf/status/1847956257019482441,,0,anastasia_tf,
Cek2 galeri... Lah nemu foto ini... Kayak: Ih gemwesss.... tak cubit kamuu Park Sungjin... #DAY6_3RD_WORLDTOUR #DAY6_FOREVER_YOUNG_SURABAYA https://t.co/0wIn0OCKQ4,1.84796284606557E+018,2024-10-20 11:27:30+00:00,happyfyt,1.17980403614644E+018,in,,0,0,0,1,https://x.com/happyfyt/status/1847962846065574233,,0,happyfyt,
Tiba2 menyadari kalo hari ini konser hari terakhir Day6 in Indonesia Tiba2 jadi sedih....,1.84796632485476E+018,2024-10-20 11:41:20+00:00,cokelatkaramel_,1.11160759416078E+018,in,,0,0,0,0,https://x.com/cokelatkaramel_/status/1847966324854779969,,0,cokelatkaramel_,
emg boleh secakep ini #DAY6_FOREVER_YOUNG_Indonesia #DAY6_3RD_WORLDTOUR #Day6inJakarta https://t.co/0lE9OjyR9y,1.84796759908437E+018,2024-10-20 11:46:23+00:00,beenbiebers,1581945666,in,she/her,6,0,22,62,https://x.com/beenbiebers/status/1847967599084380409,,0,beenbiebers,
Papah #DAY6_FOREVER_YOUNG_Jakarta https://t.co/As4IpTX0Eb,1.84796876180839E+018,2024-10-20 11:51:01+00:00,Caramelowfat,1.04408811794521E+018,in,,12,1,99,306,https://x.com/Caramelowfat/status/1847968761808404598,,0,Caramelowfat,
241020 #데이식스 #원필 #DAY6_FOREVER_YOUNG_Jakarta WONPIL RAPOPO AGAIN https://t.co/WD6t8cX4PL,1.84796913569669E+018,2024-10-20 11:52:30+00:00,songil,62308645,in,Indonesia,6,0,54,168,https://x.com/songil/status/1847969135696707968,,0,songil,
241020 youngk &amp; wonpil healer rapopo rapopo #DAY6 #데이식스 #Day6inJAKARTA #DAY6_FOREVER_YOUNG_Indonesia #DAY6_FOREVER_YOUNG_Jakarta https://t.co/BCgVldwA2u,1.84797448439507E+018,2024-10-20 12:13:45+00:00,skznim,2314994545,in,dnf,5,0,75,250,https://x.com/skznim/status/1847974484395086242,,0,skznim,
Noah Noah Noah Tapi bukan Ariel ini Park Sungjin #DAY6_FOREVER_YOUNG_Jakarta https://t.co/J3RiKpcTSb,1.84797661581873E+018,2024-10-20 12:22:13+00:00,Caramelowfat,1.04408811794521E+018,in,,10,0,327,792,https://x.com/Caramelowfat/status/1847976615818748027,,0,Caramelowfat,
Hari terakhir day6 konser di Indonesia. Kalau dipikir lama juga mereka seminggu disini tapi tetep aja kerasa cepet hahaha. Tahun depan bisa yuk nonton lagi Saatnya kembali ke dunia nyata.,1.84797776159349E+018,2024-10-20 12:26:46+00:00,haqnippp,225353041,in,,0,0,0,0,https://x.com/haqnippp/status/1847977761593508087,,0,haqnippp,
sungjin adzan #DAY6_FOREVER_YOUNG_JAKARTA https://t.co/CB7BuhDxEc,1.84797855873779E+018,2024-10-20 12:29:56+00:00,sjddnly,9.77910512494173E+017,in,,371,43,718,2198,https://x.com/sjddnly/status/1847978558737801284,,0,sjddnly,
abis ngapelin drummer hobi mancing itu kmrn #DAY6_3RD_WORLDTOUR #DAY6_FOREVER_YOUNG_JAKARTA https://t.co/jLLtjIbWOQ,1.84797885219651E+018,2024-10-20 12:31:06+00:00,butterdoie,1.35915081816379E+018,in,🐰🐶🦊🐻,0,1,0,25,https://x.com/butterdoie/status/1847978852196528417,,0,butterdoie,
tuhan menghadiahi konser day6 additional day untuk menghibur warga indonesia yg lagi kiamat nasional,1.8479788650056E+018,2024-10-20 12:31:09+00:00,killahour,1.09027297932848E+018,in,,0,0,0,1,https://x.com/killahour/status/1847978865005601225,,0,killahour,
stage adalah wahana bermain kh bang? ️ #DAY6_FOREVER_YOUNG_JAKARTA https://t.co/5nhASQylYa,1.84798298957534E+018,2024-10-20 12:47:33+00:00,wonumingo,1.12709553676542E+018,in,mdni,0,0,3,10,https://x.com/wonumingo/status/1847982989575344186,,0,wonumingo,
Rapopo rapopo Min-ah juga rapopo mass sarangheyoo Healer - Day6 #DAY6_FOREVER_YOUNG_Indonesia #DAY6_FOREVER_YOUNG_Bali @mecimapro https://t.co/zvBONe3CTn,1.84798332527068E+018,2024-10-20 12:48:53+00:00,KapanlagiKorea,1.16479621224915E+018,in,Indonesia,0,1,2,3,https://x.com/KapanlagiKorea/status/1847983325270683897,mecimapro,1,KapanlagiKorea,mecimapro
Asupan mewekk Min-ah Better Better - Day6 #DAY6_FOREVER_YOUNG_Indonesia #DAY6_FOREVER_YOUNG_Bali @mecimapro https://t.co/WFF8gsmLxC,1.84798355620463E+018,2024-10-20 12:49:48+00:00,KapanlagiKorea,1.16479621224915E+018,in,Indonesia,0,1,2,6,https://x.com/KapanlagiKorea/status/1847983556204638517,mecimapro,1,KapanlagiKorea,mecimapro
dowoon s solo drum &amp; sungjin s solo guitar on shoot me 241020 #DAY6_3RD_WORLDTOUR #DAY6_FOREVER_YOUNG_JAKARTA #DAY6inJAKARTA https://t.co/ieWCOsVkBi,1.84798717433731E+018,2024-10-20 13:04:10+00:00,jjongraphy,1.70837906686332E+018,in,,10,0,269,603,https://x.com/jjongraphy/status/1847987174337327334,,0,jjongraphy,
Barae ㅠㅠ sedi bgt gw desik kelar tour indo ;-; 241020 #DAY6_FOREVER_YOUNG_JAKARTA #DAY6inJAKARTA #DAY6 #데이식스 https://t.co/VXZti8jJUO,1.84799093588143E+018,2024-10-20 13:19:07+00:00,sungjjiniya,1.80049210058646E+018,in,01L⊹₊⟡⋆,7,1,253,752,https://x.com/sungjjiniya/status/1847990935881437256,,0,sungjjiniya,
cakep2 bgt semuanya.. #DAY6_FOREVER_YOUNG_Indonesia #DAY6_3RD_WORLDTOUR #Day6inJakarta https://t.co/oX228eQFXA,1.84799267085944E+018,2024-10-20 13:26:01+00:00,beenbiebers,1581945666,in,she/her,0,0,0,5,https://x.com/beenbiebers/status/1847992670859444346,,0,beenbiebers,
mau depresi karena dapet wapres fufufafa tp sadar hari ini the last day konser day6 in indonesia ,1.84799355470005E+018,2024-10-20 13:29:32+00:00,kaitoseblak,1.50458406800381E+018,in,⚠️ 🔞,0,0,0,0,https://x.com/kaitoseblak/status/1847993554700063191,,0,kaitoseblak,
Venue DBL Surabaya cantik banget cuma terlalu kecil untuk konser(jadi intimate). Tapi tata letaknya bagus duduk dimana aja ttep worth it #DAY6_FOREVER_YOUNG_SURABAYA #DAY6_3RD_WORLDTOUR #DAY6inSBY #FOREVERYOUNGINSURABAYA #DAY6inSurabaya #DAY6 #DAY6SURABAYA #DAY6_FOREVER_YOUNG https://t.co/xuJbh693Bx,1.84799364241552E+018,2024-10-20 13:29:53+00:00,mymeiracle,9.94908228872948E+017,in,she/her,0,2,0,12,https://x.com/mymeiracle/status/1847993642415538619,,0,mymeiracle,
Gak dibiarin lengah sedikit pun Min-ah kan jadi sukkaaa Monster - Day6 #DAY6_FOREVER_YOUNG_Indonesia #DAY6_FOREVER_YOUNG_Jakarta @mecimapro https://t.co/wH2SD7i9m3,1.8479969885515E+018,2024-10-20 13:43:10+00:00,KapanlagiKorea,1.16479621224915E+018,in,Indonesia,0,0,3,3,https://x.com/KapanlagiKorea/status/1847996988551508411,mecimapro,1,KapanlagiKorea,mecimapro
Auto nyanyi sih Min-ah denger inii ‍️ Zombie - Day6 #DAY6_FOREVER_YOUNG_Indonesia #DAY6_FOREVER_YOUNG_Jakarta @mecimapro https://t.co/tKzrqXfHxR,1.84799703578748E+018,2024-10-20 13:43:22+00:00,KapanlagiKorea,1.16479621224915E+018,in,Indonesia,0,0,5,4,https://x.com/KapanlagiKorea/status/1847997035787481531,mecimapro,1,KapanlagiKorea,mecimapro
Lagu kebangsaan yg ga bikin bosen Min-ah Congratulations - Day6 #DAY6_FOREVER_YOUNG_Indonesia #DAY6_FOREVER_YOUNG_Jakarta @mecimapro https://t.co/SZ9aAfjvle,1.84799718071771E+018,2024-10-20 13:43:56+00:00,KapanlagiKorea,1.16479621224915E+018,in,Indonesia,0,0,6,11,https://x.com/KapanlagiKorea/status/1847997180717719622,mecimapro,1,KapanlagiKorea,mecimapro
Raaww nya oppaa bikin nagih gimana gak cinta How to Love - Day6 #DAY6_FOREVER_YOUNG_Indonesia #DAY6_FOREVER_YOUNG_Jakarta @mecimapro https://t.co/p6tst2shKO,1.84799724304085E+018,2024-10-20 13:44:11+00:00,KapanlagiKorea,1.16479621224915E+018,in,Indonesia,0,0,5,8,https://x.com/KapanlagiKorea/status/1847997243040866489,mecimapro,1,KapanlagiKorea,mecimapro
Aku okayy Min-ah mah okey okey ajahh #DAY6_FOREVER_YOUNG_Indonesia #DAY6_FOREVER_YOUNG_Jakarta @mecimapro https://t.co/33aWKN9cAq,1.84799736556496E+018,2024-10-20 13:44:40+00:00,KapanlagiKorea,1.16479621224915E+018,in,Indonesia,0,0,3,1,https://x.com/KapanlagiKorea/status/1847997365564977159,mecimapro,1,KapanlagiKorea,mecimapro
dari hati banget kayaknya awowkwk #DAY6 #FOREVER_YOUNG #DAY6_FOREVER_YOUNG_SURABAYA #DAY6_3RD_WORLDTOUR https://t.co/bvOlpr20mv,1.84799753409626E+018,2024-10-20 13:45:20+00:00,sadfatdragon___,1.16692216996149E+018,in,,0,1,0,0,https://x.com/sadfatdragon___/status/1847997534096265393,,0,sadfatdragon___,
youngk dance squidward + ment dowoon kaget kok pelafalan nyanyi surabaya fasih (dasar cowo jayus) (lovingly) #Day6 #day6inSBY #DAY6_3RD_WORLDTOUR #DAY6_Forever_Young_Surabaya https://t.co/gnmwLIoq4g,1.8479998365007E+018,2024-10-20 13:54:29+00:00,warmhelios,327765829,in,,0,0,0,3,https://x.com/warmhelios/status/1847999836500717800,,0,warmhelios,
Bikin meleleh emang Melt Down - Day6 #DAY6_FOREVER_YOUNG_Indonesia #DAY6_FOREVER_YOUNG_Jakarta @mecimapro https://t.co/NWYb7RgZ9R,1.84799985920024E+018,2024-10-20 13:54:35+00:00,KapanlagiKorea,1.16479621224915E+018,in,Indonesia,0,0,2,2,https://x.com/KapanlagiKorea/status/1847999859200242142,mecimapro,1,KapanlagiKorea,mecimapro
youngk said terimakasih &amp; i love u in indo #DAY6_FOREVER_YOUNG_Indonesia #DAY6_3RD_WORLDTOUR #Day6inJakarta https://t.co/VDYpNzmU2v,1.84800029783641E+018,2024-10-20 13:56:19+00:00,beenbiebers,1581945666,in,she/her,0,0,23,81,https://x.com/beenbiebers/status/1848000297836417265,,0,beenbiebers,
Ga ada yg bisa bikin Min-ah happy selain iniih HAPPY - Day6 #DAY6_FOREVER_YOUNG_Indonesia #DAY6_FOREVER_YOUNG_Jakarta @mecimapro https://t.co/nYXeyLs8ne,1.84800125002309E+018,2024-10-20 14:00:06+00:00,KapanlagiKorea,1.16479621224915E+018,in,Indonesia,0,0,2,3,https://x.com/KapanlagiKorea/status/1848001250023104519,mecimapro,1,KapanlagiKorea,mecimapro
Setelah konser day6 1 minggu ini menurut kalian venue / konser paling worth it dimna? Kalau aku di surabaya Grahapena karna semua keliatan dan tertib banget bahkan sampai yang diluar juga tertib semoga next day6 konser di grahapena lagi 1 minggu yaa ,1.84800269868952E+018,2024-10-20 14:05:52+00:00,sungdenlyly,1.35604627823741E+018,in,,98,23,34,347,https://x.com/sungdenlyly/status/1848002698689524108,,0,sungdenlyly,
Harapan Min-ah sih ga mau cepet2 selesaii Wish - Day6 #DAY6_FOREVER_YOUNG_Indonesia #DAY6_FOREVER_YOUNG_Jakarta @mecimapro https://t.co/JBZ3ORTmFt,1.84800306386242E+018,2024-10-20 14:07:19+00:00,KapanlagiKorea,1.16479621224915E+018,in,Indonesia,0,0,3,3,https://x.com/KapanlagiKorea/status/1848003063862431780,mecimapro,1,KapanlagiKorea,mecimapro
YOUNGK NANGISSSS #DAY6_FOREVER_YOUNG_Indonesia #DAY6_3RD_WORLDTOUR #Day6inJakarta https://t.co/KWXZd1VkfN,1.8480033345167E+018,2024-10-20 14:08:23+00:00,beenbiebers,1581945666,in,she/her,0,0,9,40,https://x.com/beenbiebers/status/1848003334516719938,,0,beenbiebers,
BRIAN NANGIS #DAY6_FOREVER_YOUNG_Jakarta https://t.co/bKCS7X3ZiC,1.84800346694768E+018,2024-10-20 14:08:55+00:00,everyvvonu,1.32651146602799E+018,in,13명—150526 ~✰,10,0,194,629,https://x.com/everyvvonu/status/1848003466947698996,,0,everyvvonu,
Dimanapun konsernya thankyou day6 sudah konser 4 hari dan 1 minggu di Indonesia dengan sangat baik dan berkesan banget buat myday indonesia balik lagi ke indonesia yaaa @day6official ,1.84800360085918E+018,2024-10-20 14:09:27+00:00,sungdenlyly,1.35604627823741E+018,in,,0,0,1,1,https://x.com/sungdenlyly/status/1848003600859185556,day6official,1,sungdenlyly,day6official
Sumpaahh ganteng banget sihh mata Min-ah gak bisa kedip niih My Day - Day6 #DAY6_FOREVER_YOUNG_Indonesia #DAY6_FOREVER_YOUNG_Jakarta @mecimapro https://t.co/KeX2IRcYwJ,1.84800464809305E+018,2024-10-20 14:13:37+00:00,KapanlagiKorea,1.16479621224915E+018,in,Indonesia,0,0,4,3,https://x.com/KapanlagiKorea/status/1848004648093057289,mecimapro,1,KapanlagiKorea,mecimapro
Gak abis-abislah cinta Min-ah ke Oppa gak cuma first time First Time - Day6 #DAY6_FOREVER_YOUNG_Indonesia #DAY6_FOREVER_YOUNG_Jakarta @mecimapro https://t.co/feEBeAu9Oy,1.84800633070939E+018,2024-10-20 14:20:18+00:00,KapanlagiKorea,1.16479621224915E+018,in,Indonesia,0,0,1,4,https://x.com/KapanlagiKorea/status/1848006330709393479,mecimapro,1,KapanlagiKorea,mecimapro
Nggak mau babay #DAY6_FOREVER_YOUNG_Jakarta https://t.co/E0fZz0LxtT,1.84800667267512E+018,2024-10-20 14:21:39+00:00,Caramelowfat,1.04408811794521E+018,in,,23,0,529,1621,https://x.com/Caramelowfat/status/1848006672675127469,,0,Caramelowfat,
siapa yang setuju kalau day6 tur indonesia satu provinsi satu konser tiap minggu,1.84800975640291E+018,2024-10-20 14:33:54+00:00,indomieingi,485492305,in,rps / fa,0,0,0,1,https://x.com/indomieingi/status/1848009756402929781,,0,indomieingi,
 kak saya izin foto dulu ya jederr ngeluarin TALENAN #DAY6_FOREVER_YOUNG_Indonesia #DAY6_FOREVER_YOUNG_Jakarta https://t.co/8To5H8tZFg,1.84801085809119E+018,2024-10-20 14:38:17+00:00,goingpretty_,1.6157234123785E+018,in,open!!,2,0,1,7,https://x.com/goingpretty_/status/1848010858091196574,,0,goingpretty_,
myday dan day6 hati-hati di jalan. selamat tidur semoga mimpinya indah. besok hari senin konser di Indonesia nya udah selesai. TMI AKU IKUTAN PCD ,1.84801194740665E+018,2024-10-20 14:42:37+00:00,Migoo467,1.7992465487586E+018,in,,0,0,0,0,https://x.com/Migoo467/status/1848011947406659942,,0,Migoo467,
Project di Bali pembuka yg menyentuh project di Surabaya semangat ceria project Jakarta penutup dg kenangan indah. Yep Tour Indonesia Day6 Complete Semoga next bs konser lg di Indo dengan menambah kota. Misal : KOTA MALANG ,1.84801427493085E+018,2024-10-20 14:51:52+00:00,vtaeminkim,1.15982663920052E+018,in,Hopeworld,0,0,0,7,https://x.com/vtaeminkim/status/1848014274930851942,,0,vtaeminkim,
Terima kasih udah mampir ke Indonesia datang lagi plis Min-ah tunggu konser berikutnya ️ Welcome to the Show - Day6 #DAY6_FOREVER_YOUNG_Indonesia #DAY6_FOREVER_YOUNG_Jakarta @mecimapro https://t.co/XBlRQ7DJVo,1.84801583037589E+018,2024-10-20 14:58:03+00:00,KapanlagiKorea,1.16479621224915E+018,in,Indonesia,0,0,4,0,https://x.com/KapanlagiKorea/status/1848015830375907776,mecimapro,1,KapanlagiKorea,mecimapro
Yak dengan berakhirnya Forever Young Day6 Indonesia Tour seminggu ini maka berakhir pula agenda mantengin TL dari pagi sampe pagi lagi dari akun ini. Semoga kedepannya Day6 bisa sehat terus bisa konser lagi di Indonesia dan saya bisa lihat langsung ga cuma mantengin TL aja,1.84801593577877E+018,2024-10-20 14:58:28+00:00,nayaa177,7.27463245510921E+017,in,Indonesia,0,1,0,1,https://x.com/nayaa177/status/1848015935778783555,,0,nayaa177,
Setelah ekspresi dia sedih banget ituuu Kemudian beliau senyum senyum manisss WONPIIILLLLL #DAY6_FOREVER_YOUNG_Indonesia #DAY6_FOREVER_YOUNG_Jakarta #DAY6 #WONPIL https://t.co/n98S7O0rJh,1.84801700795199E+018,2024-10-20 15:02:43+00:00,hi_nanaminana,9.75735510889987E+017,in,Day and Dream only,0,0,2,6,https://x.com/hi_nanaminana/status/1848017007951991056,,0,hi_nanaminana,
Hari ini pun gagal dapet intro adlib YoungK di Time of Our Life Super iri sama #DAY6inBali dan #Day6inSurabaya yg dapet doi harmoni #DOWOON #WONPIL #YOUNGK #SUNGJIN #DAY6inJakarta #DAY6_FOREVER_YOUNG_INDONESIA #DAY6_3RD_WORLDTOUR #DAY6,1.84801708648605E+018,2024-10-20 15:03:02+00:00,kyakya1111,1.34488142022157E+018,in,,0,0,0,0,https://x.com/kyakya1111/status/1848017086486053177,,0,kyakya1111,
️ 19.10 #Day6ForeverYoung Sungjin Gulung lengan baju. Myday histeris dia bingung https://t.co/jwmtYKR1lP,1.84801835652976E+018,2024-10-20 15:08:05+00:00,dda0kgeon,458904132,in,,0,0,0,2,https://x.com/dda0kgeon/status/1848018356529774864,,0,dda0kgeon,
YoungK 'Kita semua adalah manusia yang pantas untuk bahagia' #DAY6_FOREVER_YOUNG_Indonesia #DAY6_FOREVER_YOUNG_Jakarta #DAY6 #YOUNGK https://t.co/HVPjcFFPNY,1.84801905218022E+018,2024-10-20 15:10:51+00:00,hi_nanaminana,9.75735510889987E+017,in,Day and Dream only,0,0,11,16,https://x.com/hi_nanaminana/status/1848019052180230167,,0,hi_nanaminana,
Konser day6 bukan perlombaan jadi ga ada yang A paling ini B paling itu C paling yoi selama day6 yang dateng DOWOON YOUNGK WONPIL SUNGJIN yh ga ada yg perlu dipermasalahin day6 nya juga adil ngasih surprise di setiap kota yang ga adil tuh mecima,1.84802011309579E+018,2024-10-20 15:15:04+00:00,quackGshock,1.38707439834814E+018,in,,22,0,262,640,https://x.com/quackGshock/status/1848020113095790930,,0,quackGshock,
Day6 World Tour di Indonesia udahan. Makasih banyak Sungjin YoungK Wonpil Dowoon udah nyamperin kita ke 3 kota 4 hari. Kita happy banget Semoga Indonesia bisa berkesan buat kalian. Sehat sehat dan take care balik Korea nya ya. Sampai ketemu lagi di konser selanjutnya ️ https://t.co/4MQmspgZYL,1.84802107690494E+018,2024-10-20 15:18:53+00:00,novazakiyaa,70881038,in,,0,0,0,0,https://x.com/novazakiyaa/status/1848021076904943895,,0,novazakiyaa,
Kata Dowoon MANA SUARANYAAAA #DAY6_FOREVER_YOUNG_Indonesia #DAY6_FOREVER_YOUNG_Jakarta #DAY6 #DOWOON https://t.co/duBtGhlefq,1.84802188781493E+018,2024-10-20 15:22:07+00:00,hi_nanaminana,9.75735510889987E+017,in,Day and Dream only,0,0,0,4,https://x.com/hi_nanaminana/status/1848021887814947191,,0,hi_nanaminana,
parkir bus simpatisan pelantikan park sungjin sebagai presiden myday #DAY6_FOREVER_YOUNG_Indonesia #DAY6_FOREVER_YOUNG_Jakarta https://t.co/VtRHxav5sN,1.84802240394914E+018,2024-10-20 15:24:10+00:00,ppppanteqqqq,1.3997737844758E+018,in,,0,0,0,5,https://x.com/ppppanteqqqq/status/1848022403949150581,,0,ppppanteqqqq,
Rangkaian #DAY6_FOREVER_YOUNG_Indonesia sudah selesai semangat dan pesan cinta My Day sudah tersampaikan dengan maksimal kepada DAY6 pun sebaliknya. Semoga energi baik pekan ini bisa terus membara sampai bertemu konser berikutnya ️ Let's be happy and healthy ,1.8480225968704E+018,2024-10-20 15:24:56+00:00,dfi_official,1.06594522871504E+018,in,Indonesia,6,2,87,209,https://x.com/dfi_official/status/1848022596870406471,,0,dfi_official,
Ini lagu yg pertama kali bikin gue suka dan ngepoin day6 duluu bjirrr Merinding dikit pas denger inii #DAY6_3RD_WORLDTOUR #DAY6_FOREVER_YOUNG_Indonesia #DAY6inJKT https://t.co/ndJBYVKIRH,1.84802348243472E+018,2024-10-20 15:28:27+00:00,fransiskacely,142229410,in,Indonesia,0,1,0,1,https://x.com/fransiskacely/status/1848023482434732420,,0,fransiskacely,
Fanproject completed. Gue nangis bangeeeeet Day6 kalian harus balik lagi tahun depan! #DAY6_FOREVER_YOUNG_Jakarta #DAY6_FOREVER_YOUNG_Indonesia https://t.co/2xDHK0crAc,1.84802361700477E+018,2024-10-20 15:28:59+00:00,marizkay,100740891,in,"Jakarta Capital Region, Indone",5,1,118,411,https://x.com/marizkay/status/1848023617004773608,,0,marizkay,
SUMPAH KONSER DAY6 SERU BANGET GILAAAKKKK️ #DAY6_3RD_WORLDTOUR #DAY6inJakarta #DAY6_FOREVER_YOUNG_INDONESIA #DAY6Concert #DAY2 https://t.co/aUGPWkf1xg,1.84802393374189E+018,2024-10-20 15:30:15+00:00,auliaaffii,1.66061640381956E+018,in,,0,0,0,2,https://x.com/auliaaffii/status/1848023933741891940,,0,auliaaffii,
241020 #데이식스 #도운 #DAY6_FOREVER_YOUNG_Jakarta doun lucu banget!! telinganya merah gitu https://t.co/boccH40bv8,1.84802461020337E+018,2024-10-20 15:32:56+00:00,songil,62308645,in,Indonesia,7,0,132,416,https://x.com/songil/status/1848024610203386143,,0,songil,
MARI MENABUNG LEBIH KERAS! AKAN AKU TONTON KONSER DI SEMUA KOTA NEXT DAY6 INDONESIA TOUR ITUU ,1.8480247677289E+018,2024-10-20 15:33:33+00:00,mydannychoii,1.26080762049702E+018,in,She/Her,0,1,1,3,https://x.com/mydannychoii/status/1848024767728906606,,0,mydannychoii,
@MydayCrewINA Shoot Me dengan outro gantengnya #SUNGJIN #YOUNGK #DOWOON #WONPIL #데이식스 #DAY6 #DAY6_3RD_WORLDTOUR #DAY6inSBY #DAY6_Forever_Young_Surabaya #DAY6_Forever_Young https://t.co/GThbFo4Rhd,1.84802513815309E+018,2024-10-20 15:35:02+00:00,alaady_,151847386,in,,0,0,0,1,https://x.com/alaady_/status/1848025138153091164,MydayCrewINA,1,alaady_,MydayCrewINA
@piilkapouw Kongcuu yaa kak bisa nonton day6 Teruntuk myday jangan lupa bahagiaaa (kata sungjin) dan semoga kita semua bisa nonton konser day6 lagiii Untuk day6 semoga semakin sukses kedepannya dan bisa indonesia tour sihhh biar myday ina bahagianya++++,1.84802546284673E+018,2024-10-20 15:36:19+00:00,dowoonlovelyy,1.54833320028368E+018,in,,0,0,0,0,https://x.com/dowoonlovelyy/status/1848025462846747036,piilkapouw,1,dowoonlovelyy,piilkapouw
Ini lagu bikin gue salting sih #DAY6_3RD_WORLDTOUR #DAY6_FOREVER_YOUNG_Indonesia #DAY6inJKT https://t.co/50GmQeh6fC,1.84802758204814E+018,2024-10-20 15:44:44+00:00,fransiskacely,142229410,in,Indonesia,0,1,0,1,https://x.com/fransiskacely/status/1848027582048141703,,0,fransiskacely,
Anggep masing2 blok isinya 900 orang #DOWOON #WONPIL #YOUNGK #SUNGJIN #DAY6inJakarta #DAY6_FOREVER_YOUNG_INDONESIA #DAY6_3RD_WORLDTOUR #DAY6 #MSD https://t.co/Kvvq6i6Jzb,1.84802851294875E+018,2024-10-20 15:48:26+00:00,kyakya1111,1.34488142022157E+018,in,,0,0,0,0,https://x.com/kyakya1111/status/1848028512948756761,,0,kyakya1111,
Setelah kembali dari hiruk pikuk weekend saatnya drop Fancam: Day 6 Forever Young World Toir in Jakarta - Day 1 A FYI aku di Green A lt 3 row kedua dari atas. Soalnya qn akhir jadi ya..sedapetnya.. #DAY6_3RD_WORLDTOUR #DAY6_FOREVER_YOUNG_INDONESIA #Day6inJakarta https://t.co/a4zh8nFXp1,1.84802866651905E+018,2024-10-20 15:49:03+00:00,bbushyu,7.42696457820621E+017,in,,1,1,1,2,https://x.com/bbushyu/status/1848028666519064935,,0,bbushyu,
ALASAN KENAPA DOWOON BIKIN SALFOK YOUNGK GILA BANGET SUNGJIN PAPAH BANGET DOWOON BAYI BANGET BJIR GEMES Mager kasih wm. Jangan disalah gunakan ya guys #day6injakarta #foreveryounginjkt #DAY6_Forever_Young_Indonesia #DAY6_Forever_Young_Jakarta #DAY6_3RD_WORLDTOUR https://t.co/zNZtBmfzPS,1.84802907613469E+018,2024-10-20 15:50:41+00:00,BBUUNNAA,130347714,in,김선호 & 영케이’s donut dimple,1,0,4,9,https://x.com/BBUUNNAA/status/1848029076134695262,,0,BBUUNNAA,
201024 #DAY6 #데이식스 Forever Young in Jakarta Niatnya mau videoin lighting play nya soalnya bAGUS BANGET HEY?? Eh dapet pas confetti juga yaolo baru mulai aja udah terkesima.. #DAY6_3RD_WORLDTOUR #DAY6_FOREVER_YOUNG_INDONESIA #Day6inJakarta https://t.co/nRyfbzmiUd,1.84802909383473E+018,2024-10-20 15:50:45+00:00,bbushyu,7.42696457820621E+017,in,,0,1,0,0,https://x.com/bbushyu/status/1848029093834747998,,0,bbushyu,
201024 #DAY6 #데이식스 Forever Young in Jakarta Terkesima part 2 adalah denger MyDay yg pada nyanyi merdu bgtt wkkwkw sama kayak yg gue denger di Surabaya uy kerenn #DAY6_3RD_WORLDTOUR #DAY6_FOREVER_YOUNG_INDONESIA #Day6inJakarta https://t.co/XE9YzA48wP,1.84802919543327E+018,2024-10-20 15:51:09+00:00,bbushyu,7.42696457820621E+017,in,,0,1,0,1,https://x.com/bbushyu/status/1848029195433279821,,0,bbushyu,
201024 #DAY6 #데이식스 Forever Young in Jakarta Lihat ini tatapannya?? Mennn Also we have Wonpil s jowo era dan Young K s anak band era.. sEMUWA! #DAY6_3RD_WORLDTOUR #DAY6_FOREVER_YOUNG_INDONESIA #Day6inJakarta https://t.co/yvX15AEdom,1.84802935638142E+018,2024-10-20 15:51:47+00:00,bbushyu,7.42696457820621E+017,in,,0,1,0,0,https://x.com/bbushyu/status/1848029356381425966,,0,bbushyu,
201024 #DAY6 #데이식스 Forever Young in Jakarta Dari atas gini bisa liat light band MyDay yg gerak2 ucul ngikutin beat lagunya. Once again you guys are so cooll!! #DAY6_3RD_WORLDTOUR #DAY6_FOREVER_YOUNG_INDONESIA #Day6inJakarta https://t.co/ScXhJEVujW,1.84802943110286E+018,2024-10-20 15:52:05+00:00,bbushyu,7.42696457820621E+017,in,,0,1,0,1,https://x.com/bbushyu/status/1848029431102865516,,0,bbushyu,
201024 #DAY6 #데이식스 Forever Young in Jakarta Gils ini udah mulai makin pecah!! Mana lucu bgt confetti nya di akhir woi! Agak nyesel di buat 0.5 #DAY6_3RD_WORLDTOUR #DAY6_FOREVER_YOUNG_INDONESIA #Day6inJakarta https://t.co/3qpK743eZZ,1.84802968453528E+018,2024-10-20 15:53:06+00:00,bbushyu,7.42696457820621E+017,in,,0,1,0,0,https://x.com/bbushyu/status/1848029684535283744,,0,bbushyu,
201024 #DAY6 #데이식스 Forever Young in Jakarta Speechless lah udah lah #DAY6_3RD_WORLDTOUR #DAY6_FOREVER_YOUNG_INDONESIA #Day6inJakarta https://t.co/d5KWTCHx5J,1.84803034110322E+018,2024-10-20 15:55:42+00:00,bbushyu,7.42696457820621E+017,in,,0,1,0,0,https://x.com/bbushyu/status/1848030341103239388,,0,bbushyu,
201024 #DAY6 #데이식스 Forever Young in Jakarta Sungjin nih nyanyi udah kayak mau meninggalkan apa gitu ya memori ga sih? Jiakh #DAY6_3RD_WORLDTOUR #DAY6_FOREVER_YOUNG_INDONESIA #Day6inJakarta https://t.co/bNpat0KfTJ,1.84803047909172E+018,2024-10-20 15:56:15+00:00,bbushyu,7.42696457820621E+017,in,,0,1,0,0,https://x.com/bbushyu/status/1848030479091732747,,0,bbushyu,
201024 #DAY6 #데이식스 Forever Young in Jakarta Nih konser berasa noraebang dah bener.. reflek nyanyi bareng terus perasaann #DAY6_3RD_WORLDTOUR #DAY6_FOREVER_YOUNG_INDONESIA #Day6inJakarta https://t.co/rsJGBfOc4f,1.84803100826182E+018,2024-10-20 15:58:21+00:00,bbushyu,7.42696457820621E+017,in,,0,1,0,0,https://x.com/bbushyu/status/1848031008261836965,,0,bbushyu,
201024 #DAY6 #데이식스 Forever Young in Jakarta Ah wae time Ini juga bikin nyanyi terus??? #DAY6_3RD_WORLDTOUR #DAY6_FOREVER_YOUNG_INDONESIA #Day6inJakarta https://t.co/mTxCa0j58u,1.84803123527433E+018,2024-10-20 15:59:15+00:00,bbushyu,7.42696457820621E+017,in,,0,1,0,0,https://x.com/bbushyu/status/1848031235274338455,,0,bbushyu,
201024 #DAY6 #데이식스 Forever Young in Jakarta Nah ini nih.. di awal panik dulu soalnya lampunya tuh UNGU IJO?? Like.. hey itu warna ijo nya Hamin bgt dan ungu itu identik dgn Noah.. PLAVE6 Crumbs hello?? #DAY6_3RD_WORLDTOUR #DAY6_FOREVER_YOUNG_INDONESIA #Day6inJakarta https://t.co/tj0gBuF9MN,1.84803137413513E+018,2024-10-20 15:59:49+00:00,bbushyu,7.42696457820621E+017,in,,0,1,0,0,https://x.com/bbushyu/status/1848031374135132554,,0,bbushyu,
201024 #DAY6 #데이식스 Forever Young in Jakarta Peluk bang Sungjin #DAY6_3RD_WORLDTOUR #DAY6_FOREVER_YOUNG_INDONESIA #Day6inJakarta https://t.co/ov2ZP3R8by,1.8480316665411E+018,2024-10-20 16:00:58+00:00,bbushyu,7.42696457820621E+017,in,,0,1,0,0,https://x.com/bbushyu/status/1848031666541105418,,0,bbushyu,
201024 #DAY6 #데이식스 Forever Young in Jakarta Kaget bgt ada confetti HAHAHA tp ini juga asik bgttt #DAY6_3RD_WORLDTOUR #DAY6_FOREVER_YOUNG_INDONESIA #Day6inJakarta https://t.co/5V1oQwsfhO,1.84803187716645E+018,2024-10-20 16:01:48+00:00,bbushyu,7.42696457820621E+017,in,,0,1,0,0,https://x.com/bbushyu/status/1848031877166465252,,0,bbushyu,
201024 #DAY6 #데이식스 Forever Young in Jakarta A glimpse of tingkah anak 95 ya pantes sih sefrekuensi sama Shinwon ya #DAY6_3RD_WORLDTOUR #DAY6_FOREVER_YOUNG_INDONESIA #Day6inJakarta https://t.co/JmyNFmqsHt,1.84803220199429E+018,2024-10-20 16:03:06+00:00,bbushyu,7.42696457820621E+017,in,,0,1,0,0,https://x.com/bbushyu/status/1848032201994305928,,0,bbushyu,
201024 #DAY6 #데이식스 Forever Young in Jakarta Diingetin tuh sama bang Sungjin everyday continue alt F4neun obso ceunahhh #DAY6_3RD_WORLDTOUR #DAY6_FOREVER_YOUNG_INDONESIA #Day6inJakarta https://t.co/EIZ90cG1VD,1.84803239440806E+018,2024-10-20 16:03:52+00:00,bbushyu,7.42696457820621E+017,in,,0,1,0,0,https://x.com/bbushyu/status/1848032394408075318,,0,bbushyu,
kita usahakan nabung untuk konser day6 di Indonesia arena itu ,1.84803269063069E+018,2024-10-20 16:05:02+00:00,yailahweyyy,1.36518215183929E+018,in,,0,0,0,0,https://x.com/yailahweyyy/status/1848032690630693299,,0,yailahweyyy,
Liat ini makin mleyooottt Ya Allah makasih ya DAY6 udah nemenin dan buat aku hepi. Karena emang beberapa bulan terakhir ini beneran kacauu dan kelabu. Makasih udah ada dan udah konser di Indonesia. Makasih udah bikin lagu-lagu yg bagus. Makasih udah sehat dan bahagia ,1.84803279841592E+018,2024-10-20 16:05:28+00:00,wonpilisfree,1.32766530455865E+018,in,Universe,0,0,0,1,https://x.com/wonpilisfree/status/1848032798415925652,,0,wonpilisfree,
Day6 habis selesai konser di Indonesia aku yg gak nonton langsung aja berasa sedihnya apalagi kalian yg nonton langsung ,1.84803314179525E+018,2024-10-20 16:06:50+00:00,n0owodly,1.38425268608679E+018,in,mydayland,0,0,0,0,https://x.com/n0owodly/status/1848033141795266567,,0,n0owodly,
Samaaaaa bgt cmn modal mixlr dan scroll twitter tp berasa deket sama day6. Please next Indonesia Tour sebulan.... seminggu itu bentar bgt... ngedipin mata sekali udah selesai..... ikutan PCD padahal ga nonton konser ,1.8480332847288E+018,2024-10-20 16:07:24+00:00,ailulice,8.31460603583606E+017,in,in desikland ꕤ,0,0,0,0,https://x.com/ailulice/status/1848033284728803579,,0,ailulice,
201024 #DAY6 #데이식스 Forever Young in Jakarta Uwaaa #DAY6_3RD_WORLDTOUR #DAY6_FOREVER_YOUNG_INDONESIA #Day6inJakarta https://t.co/0vM8LQ0i1r,1.84803482014598E+018,2024-10-20 16:13:30+00:00,bbushyu,7.42696457820621E+017,in,,0,1,0,0,https://x.com/bbushyu/status/1848034820145995846,,0,bbushyu,
nungguin handbanner level 5 karena di ujung lv 4 masih ada awan yang kepotong kudos to the design team #DAY6_FOREVER_YOUNG_Indonesia https://t.co/T19klJgnaB,1.84803599559544E+018,2024-10-20 16:18:10+00:00,skznim,2314994545,in,dnf,186,19,798,2247,https://x.com/skznim/status/1848035995595448826,,0,skznim,
201024 #DAY6 #데이식스 Forever Young in Jakarta Ini paling reog sereognya sih.. monmaap yah goyang2 soalnya riil nya udah sampe loncat2 enih #DAY6_3RD_WORLDTOUR #DAY6_FOREVER_YOUNG_INDONESIA #Day6inJakarta https://t.co/EsELfg0oiJ,1.84803728494136E+018,2024-10-20 16:23:18+00:00,bbushyu,7.42696457820621E+017,in,,0,1,0,0,https://x.com/bbushyu/status/1848037284941365550,,0,bbushyu,
241020 #데이식스 #성진 #DAY6_FOREVER_YOUNG_Jakarta Sungjin di layar aja secakep ini ya Allah https://t.co/M9tD39fysG,1.84803762404655E+018,2024-10-20 16:24:39+00:00,songil,62308645,in,Indonesia,22,0,161,525,https://x.com/songil/status/1848037624046551154,,0,songil,
aku memang bukan gus samsudin tapi cintaku padamu hooh tenan #DAY6inJAKARTA #DAY6_FOREVER_YOUNG_JAKARTA #DAY6 #데이식스 #DOWOON #도운 https://t.co/y54Vpk5fcW,1.8480377545146E+018,2024-10-20 16:25:10+00:00,dowoonieyaa,1.27941121628522E+018,in,DAY6,0,1,0,14,https://x.com/dowoonieyaa/status/1848037754514612714,,0,dowoonieyaa,
Setiap perjalanan ada masanya~~ menemaniku dr 2015 di eraku jomblo pacaran menikah melahirkan berkeluarga ah Day6 kamu mewarnai hidupku ️ #day6 #DAY6inJAKARTA #day6foreveryoung #DAY6_3RD_WORLDTOUR https://t.co/u9cfoK8vVl,1.84803838478847E+018,2024-10-20 16:27:40+00:00,cmietamagotchi,112921719,in,day6 / myday / cnblue / boice,179,48,518,3676,https://x.com/cmietamagotchi/status/1848038384788471877,,0,cmietamagotchi,
Semenitan batin gue berucap 'I LOVE YOU KIM WONPIL' repeat seribu kali Ga begitu dengerin dia ngomong apaa Alias lagi mode bucin parahh Nahan2 buat ga teriak #DAY6_3RD_WORLDTOUR #DAY6_FOREVER_YOUNG_Indonesia #DAY6inJKT https://t.co/VaneZZGTSF,1.84803861136894E+018,2024-10-20 16:28:34+00:00,fransiskacely,142229410,in,Indonesia,0,1,0,0,https://x.com/fransiskacely/status/1848038611368944075,,0,fransiskacely,
Karena serangkaian konser Day6 di Indonesia (Bali Surabaya dan Jakarta) sudah selesai aku mau share dikit untuk submissionku untuk fanproject terutama di Bali dan Jakarta hehe ,1.84803966312851E+018,2024-10-20 16:32:45+00:00,aehyooo,793894664,in,,0,1,1,5,https://x.com/aehyooo/status/1848039663128522752,,0,aehyooo,
201024 #DAY6 #데이식스 Forever Young in Jakarta Bonus ini pas Wish MyDay yg di section Pink B pada muter2 kayak cult hahahahah lucu bgt ini liatnya dari section sebelahh #DAY6_3RD_WORLDTOUR #DAY6_FOREVER_YOUNG_INDONESIA #Day6inJakarta https://t.co/FTSbeA0UPP,1.84804133302769E+018,2024-10-20 16:39:23+00:00,bbushyu,7.42696457820621E+017,in,,0,1,0,3,https://x.com/bbushyu/status/1848041333027705207,,0,bbushyu,
Agak nangis dikit pas lagu inii Bener2 kek ngerasain banget arti lagunya ️ Kek..mempertanyakan apakah gue boleh bahagia sementara yg bikin gue bahagia ya salah satunya yg lagi nyanyiin ini laguu #DAY6_3RD_WORLDTOUR #DAY6_FOREVER_YOUNG_Indonesia #DAY6inJKT https://t.co/JJDWFLtVck,1.84804404628517E+018,2024-10-20 16:50:10+00:00,fransiskacely,142229410,in,Indonesia,0,0,0,1,https://x.com/fransiskacely/status/1848044046285185178,,0,fransiskacely,
Sorry ini gajelass tp lucu bgt briwoon #DAY6inJAKARTA #DAY6_FOREVER_YOUNG_JAKARTA #DAY6 #데이식스 #YOUNGK #DOWOON #영케이 #도운 https://t.co/3fWJJm7GWl,1.84804477571658E+018,2024-10-20 16:53:04+00:00,raspdwerry,280404693,in,🏳🏳,55,3,832,2480,https://x.com/raspdwerry/status/1848044775716581773,,0,raspdwerry,
Terima kasih #DAY6_FOREVER_YOUNG_Jakarta #DAY6_FOREVER_YOUNG_INDONESIA https://t.co/rsYy4EhTDf,1.84804572230387E+018,2024-10-20 16:56:49+00:00,irnspektur,3190674254,in,24   |    Homophobic dni.,0,3,0,20,https://x.com/irnspektur/status/1848045722303889519,,0,irnspektur,
Butuh duit yg banyak biar next konser day6 bisa terbang ke indo biar nonton di indo aja sungguh my day Indonesia asik2 bangettt ,1.84804805868194E+018,2024-10-20 17:06:06+00:00,yulindrahelen,1.15578737756416E+018,in,Germany,0,0,0,1,https://x.com/yulindrahelen/status/1848048058681958810,,0,yulindrahelen,
FANCAM WONG MUMET CYOKKK #DAY6_3RD_WORLDTOUR #DAY6_FOREVER_YOUNG_JAKARTA #DAY6inJAKARTA https://t.co/c1MRQeRcBG,1.84804870866093E+018,2024-10-20 17:08:41+00:00,balabetdil,1.00381748262313E+018,in,"St. Gallen, Switzerland",1,1,2,8,https://x.com/balabetdil/status/1848048708660933058,,0,balabetdil,
Layar ganteng spesial buat kmmmmmm @akunarakk #DAY6_Forever_Young_Indonesia #DAY6_3RD_WORLDTOUR_INDONESIA #DAY6_3RD_WORLDTOUR https://t.co/Q9uU1WXpj2,1.84804906414913E+018,2024-10-20 17:10:06+00:00,mycorner07,1.58894356857541E+018,in,,0,1,1,1,https://x.com/mycorner07/status/1848049064149147807,akunarakk,1,mycorner07,akunarakk
Versi bukan layaaar @akunarakk #DAY6_Forever_Young_Indonesia #DAY6_3RD_WORLDTOUR_INDONESIA #DAY6_3RD_WORLDTOUR https://t.co/CRgpJJfjv2,1.84805172914704E+018,2024-10-20 17:20:42+00:00,mycorner07,1.58894356857541E+018,in,,0,0,1,1,https://x.com/mycorner07/status/1848051729147048341,akunarakk,1,mycorner07,akunarakk
Om Brian you must be so proud of me too.. right? Biarpun ngga ketemu nonton nggak nonton semoga om juga ikut menikmati hypenya konser day6 di Indonesia bulan ini. Now that the concert was all done I'm done looking for u too.,1.84805214158127E+018,2024-10-20 17:22:20+00:00,For_Yonk6,1.35333450629229E+018,in,22 | She/her | YoungK brainrot,0,1,0,0,https://x.com/For_Yonk6/status/1848052141581271523,,0,For_Yonk6,
Layar ganteng versi doun #DAY6_Forever_Young_Indonesia #DAY6_3RD_WORLDTOUR_INDONESIA #DAY6_3RD_WORLDTOUR https://t.co/bn1eyGsRyL,1.84805239659921E+018,2024-10-20 17:23:21+00:00,mycorner07,1.58894356857541E+018,in,,0,1,0,4,https://x.com/mycorner07/status/1848052396599226663,,0,mycorner07,
Eh sumpah tapi wonpil ganteng banget. Bias after concert gue kali ini fix wonpil! #DAY6inJAKARTA #Day6ForeverYoung #DAY6_3RD_WORLDTOUR #DAY6_FOREVER_YOUNG_Indonesia https://t.co/IUvUzbQiFn,1.84806200548128E+018,2024-10-20 18:01:32+00:00,andariisset,64345152,in,TangGRUNGE Selatan,0,0,0,2,https://x.com/andariisset/status/1848062005481287794,,0,andariisset,
Usai Bali dan Surabaya Tur Konser DAY6 Indonesia Ditutup Megah di Jakarta: Tak hanya Jakarta DAY6 turut menyambangi Bali dan Surabaya dalam 2024 DAY6 3RD WORLD TOUR FOREVER YOUNG In Indonesia . https://t.co/WVgkEZOTQV https://t.co/Vn5WhZT6Pe,1.84807777323733E+018,2024-10-20 19:04:11+00:00,tvOneNews,55507370,in,"Pulo Gadung, Indonesia",0,0,0,0,https://x.com/tvOneNews/status/1848077773237342416,,0,tvOneNews,
Day6 gaslah belajar Bahasa Indonesia biar kalo konser ga usah pake interpreter lagi bisa fafifu Indo. Entar aku kenalin sama Ivan Lanin deh,1.84814751315042E+018,2024-10-20 23:41:18+00:00,itsagudeday,235859706,in,"Kpop, jpop, asia centrist",0,0,0,1,https://x.com/itsagudeday/status/1848147513150439735,,0,itsagudeday,
Reaksi sungjin pas ditanyain debut solo nya kapan Sebelum Sesudah #Day6inSurabaya #DAY6_3RD_WORLDTOUR #DAY6_FOREVER_YOUNG_Indonesia https://t.co/VuD5neT5XW,1.84815432579066E+018,2024-10-21 00:08:22+00:00,Yoo_Fiii,1.12865535240306E+018,in,"Jawa Timur, Indonesia",0,0,0,0,https://x.com/Yoo_Fiii/status/1848154325790667125,,0,Yoo_Fiii,
Tampak masih mengantuk wkwkwwk ucu bgt dudutttt #DAY6 #데이식스 #DAY6_3RD_WORLDTOUR #DAY6inJAKARTA #DAY6inJKT #DAY6_FOREVER_YOUNG_Indonesia #DAY6_FOREVER_YOUNG_Jakarta #YoungK #영케이 https://t.co/AeiUhUWffr,1.84816468674075E+018,2024-10-21 00:49:33+00:00,DeisikseuJombie,1.65126395358937E+018,in,,0,1,0,1,https://x.com/DeisikseuJombie/status/1848164686740750624,,0,DeisikseuJombie,
241016 𝐅𝐎𝐑𝐄𝐕𝐄𝐑 𝐘𝐎𝐔𝐍𝐆 Park Sungjin bikin istighfar sapa gk gila depan mata pas beginian WOYYY #DAY6inSBY #DAY6_3RD_WORLDTOUR #DAY6_FOREVER_YOUNG_Indonesia https://t.co/IxoTHiEMwB,1.84817083254537E+018,2024-10-21 01:13:58+00:00,Yoo_Fiii,1.12865535240306E+018,in,"Jawa Timur, Indonesia",0,0,0,0,https://x.com/Yoo_Fiii/status/1848170832545374559,,0,Yoo_Fiii,
@day6official BEST PART #day6injakarta #foreveryounginjkt #DAY6_Forever_Young_Indonesia #DAY6_Forever_Young_Jakarta #DAY6_3RD_WORLDTOUR (Gapake WM deh mager editnya) https://t.co/eYjzpxOMgT,1.8481751222111E+018,2024-10-21 01:31:01+00:00,BBUUNNAA,130347714,in,김선호 & 영케이’s donut dimple,0,1,0,1,https://x.com/BBUUNNAA/status/1848175122211119535,day6official,1,BBUUNNAA,day6official
akhirnya denger wonpil rapopo rapopo #DAY6_FOREVER_YOUNG_INDONESIA https://t.co/tXEIKfPwZ1,1.84818089870716E+018,2024-10-21 01:53:58+00:00,brianchaaa,1.06599361504901E+018,in,,0,0,0,0,https://x.com/brianchaaa/status/1848180898707169308,,0,brianchaaa,
Siapa suruh mic nya dihapadin ke penonton Day 1 #DAY6_FOREVER_YOUNG_Indonesia #DAY6 #데이식스 #DAY6_3RD_WORLDTOUR #DAY6inJAKARTA #영케이 #YOUNGK https://t.co/uLsrqrdJRw,1.84818334467424E+018,2024-10-21 02:03:41+00:00,devonnel_,225297709,in,,0,0,0,1,https://x.com/devonnel_/status/1848183344674246871,,0,devonnel_,
Pagi-pagi gini masih gak nyangka jir day6 konser di Indonesia 3 kota dan 4 hari???? ,1.84818720359753E+018,2024-10-21 02:19:01+00:00,linglung_f,1.18652789648079E+018,in,,0,0,0,0,https://x.com/linglung_f/status/1848187203597533318,,0,linglung_f,
@piilkapouw selamat yaa udah bisa nonton day6 makasi udah berbagi kesenangannya! semoga day6 kedepannya semakin sukses dan bisa konser ke indonesia selalu biar myday yg blm ada kesempatan bisa nonton juga. sehat sehat day6 dan kita semoga diberi kelancaran rezeki,1.84818845217476E+018,2024-10-21 02:23:59+00:00,meaningfavor,1.43489462813046E+018,in,,0,0,0,0,https://x.com/meaningfavor/status/1848188452174774761,piilkapouw,1,meaningfavor,piilkapouw
Lighting yg sangat cantik saat DAY6 bawain Love or Leave Me featuring My Day Indonesia moshing! Cantik! #Sungjin #YoungK #Wonpil #Dowoon #DAY6 #DAY6inJKT #DAY6_3RD_WORLDTOUR #DAY6_FOREVER_YOUNG_Jakarta https://t.co/vrPa3Q4VBz,1.84819557231197E+018,2024-10-21 02:52:16+00:00,detii0730,102844413,in,Indonesia,1,0,4,3,https://x.com/detii0730/status/1848195572311978243,,0,detii0730,
Love You guys YoungK Dowoon Wonpil Bapak Sungjin Thanks guys makasih banyak udah tour ke indo Good Job Uri Super Band Bisa yok Tour mendatang Lirik Medan wkwk #DAY6 #DAY6_FOREVER_YOUNG_INDONESiA #DAY6_3RD_WORLDTOUR_INDONESIA,1.84819685357112E+018,2024-10-21 02:57:22+00:00,_beepov,1.38400024385168E+018,in,,0,0,0,0,https://x.com/_beepov/status/1848196853571129366,,0,_beepov,
Just dowoon kaos hitam encore duduk nengok belakang ngasi jempol sambil senyum on loop #DAY6inJAKARTA #DAY6_FOREVER_YOUNG_Indonesia https://t.co/WDiL5afHWr,1.84821531585722E+018,2024-10-21 04:10:44+00:00,samjjei,1.02491990932565E+018,in,INA,40,5,947,2730,https://x.com/samjjei/status/1848215315857224179,,0,samjjei,
Wah myday sebanyak ini ya? Aku masih ga nyangka walaupun udh ngerasain war yg berdarah2 Jadi penasaran gimana perasaan member day6 yg 4 hari konser liat venue penuh mulu apalagi yg sby sampe di luar venue pun rame Yok bisa yok indonesia tour lagi tapi 38 provinsi ,1.84822060272709E+018,2024-10-21 04:31:44+00:00,ineedwoo,1420686474,in, 🇮🇩 ,0,0,1,2,https://x.com/ineedwoo/status/1848220602727104807,,0,ineedwoo,
PLIS DAY6 ILICHIL TREASURE HARUS KONSER SELAMANYA DI INDONESIA ARENA,1.84822309976402E+018,2024-10-21 04:41:39+00:00,cattbury,160813428,in,,0,0,0,0,https://x.com/cattbury/status/1848223099764039985,,0,cattbury,
Vibes konser Day6 Forever Young Indonesia Bali : Kondangan/Seminar ESQ Surabaya : Konser/Suporteran Jakarta : Exhibition/Reuni Akbar,1.84822847140493E+018,2024-10-21 05:03:00+00:00,Caramelowfat,1.04408811794521E+018,in,,0,0,0,12,https://x.com/Caramelowfat/status/1848228471404937281,,0,Caramelowfat,
saatnya bilang : PCD IS REAL rasanya patah hati banget deh aneh #Day6ForeverYoung #DAY6_3RD_WORLDTOUR #DAY6_FOREVER_YOUNG_Indonesia,1.84822907831657E+018,2024-10-21 05:05:25+00:00,EMoontaee,1.02433581396897E+018,in,ID,0,0,0,3,https://x.com/EMoontaee/status/1848229078316572913,,0,EMoontaee,
yg depan vibenya garang yg belakang gemes banget 16102024 #Sungjin #성진 #Dowoon #도운 #DAY6_3RD_WORLDTOUR #FOREVER_YOUNG #DAY6_FOREVER_YOUNG_Surabaya #DAY6inSBY #DAY6inSurabaya https://t.co/LrB95kMg2s,1.84822921329346E+018,2024-10-21 05:05:57+00:00,cherrydalkomhae,79103989,in,,0,0,0,2,https://x.com/cherrydalkomhae/status/1848229213293470176,,0,cherrydalkomhae,
Kalo kata wonpil rapopo rapopo wkwkwkwk (ft. Yonke joged) #DAY6 #데이식스 #DAY6_3RD_WORLDTOUR #DAY6inJAKARTA #DAY6inJKT #DAY6_FOREVER_YOUNG_Indonesia #DAY6_FOREVER_YOUNG_Jakarta #YoungK #영케이 https://t.co/xCvssCuedI,1.84823033573528E+018,2024-10-21 05:10:25+00:00,DeisikseuJombie,1.65126395358937E+018,in,,0,1,0,0,https://x.com/DeisikseuJombie/status/1848230335735284186,,0,DeisikseuJombie,
salalu seneng nonton dr pov belakang bisa liat how crowds hype the artist keren bgtttt THIS IS CONCERT BROOO WE ARE HAVING FUNNNN pada jingkrak2 nyanyi2 seru bgttt #DAY6inJAKARTA #DAY6_FOREVER_YOUNG_Indonesia https://t.co/Dbzjig3jU5,1.84823307864237E+018,2024-10-21 05:21:19+00:00,woonjeonghwan,1.42433640084176E+018,in,,0,0,1,0,https://x.com/woonjeonghwan/status/1848233078642377096,,0,woonjeonghwan,
Ending Day2 Forever Young in Jakarta. Berharap dikasih encore sekali lagi eh ternyata engga. Yaudah encore WT aja ntar yak tahun depan. Aamiin. #DAY6_FOREVER_YOUNG_Indonesia #DAY6 #데이식스 #DAY6_3RD_WORLDTOUR #FOREVER_YOUNG #Band_Aid #녹아내려요 https://t.co/6EwD8H5Q2T,1.84823355794221E+018,2024-10-21 05:23:13+00:00,marizkay,100740891,in,"Jakarta Capital Region, Indone",0,0,1,1,https://x.com/marizkay/status/1848233557942218939,,0,marizkay,
241019 DAY6 World Tour Forever Young in Jakarta day 1 Bahagia itu sederhana. Liat sungjin gulung lengan baju aja aku happy #DAY6 #데이식스 #DAY6inJKT #DAY6inJakarta #SUNGJIN #성진 #DAY6_FOREVER_YOUNG_Indonesia #DAY6_FOREVER_YOUNG_Jakarta https://t.co/NRsLXu0V3H,1.84823600174087E+018,2024-10-21 05:32:56+00:00,monstraykidsix,1.04935526833142E+018,in,,1,0,8,20,https://x.com/monstraykidsix/status/1848236001740882268,,0,monstraykidsix,
Johaaaahamnidaaaaaa~~~ Raga di kamar tp jiwa di bcis.. PCD AKUUUT AAAAKKKK #DAY6_3RD_WORLDTOUR #DAY6inJAKARTA #day6_forever_young_Indonesia https://t.co/F1wFPfDve1,1.84823917137637E+018,2024-10-21 05:45:31+00:00,T_LLa,88891621,in,jakarta-bojong gede-jakarta,0,0,0,0,https://x.com/T_LLa/status/1848239171376382344,,0,T_LLa,
Saatnya saya dalam waktu My day nge-spam WORLD TOUR TER BADDAAAS !!!! Konser nyaris 3 jam penuh Setlist hampiiir 30 laguu DAY6 Luar biasa My day bner bner keren BCIS aja yg biasa dan ga keren!!! Please next Indonesia Arena dear mecima !!!!,1.84824217854145E+018,2024-10-21 05:57:28+00:00,bitubiluv,1.2881308904223E+018,in,"Jakarta Capital Region, Indone",0,1,0,0,https://x.com/bitubiluv/status/1848242178541465668,,0,bitubiluv,
241013 DAY6 World Tour Forever Young in Bali Park sungjin nih attractive abissss. Tapi momen teraktratifnya versiku tuh pas beliau main gitar 1 lalu switch ke gitar lainnya KAYAK PAHAM GAKSI LU HAAAA GITUDEH POKOKNYA #DAY6 #데이식스 #DAY6inBALI #DAY6_FOREVER_YOUNG_Indonesia https://t.co/lhYdPTpeCE,1.84824265278298E+018,2024-10-21 05:59:21+00:00,monstraykidsix,1.04935526833142E+018,in,,0,0,8,20,https://x.com/monstraykidsix/status/1848242652782985409,,0,monstraykidsix,
Semua ter-rapopo #day6 #younk #wonpil #foreveryoung #day6foreveryoung #foreveryoungworldtour #foreveryounginjkt #foreveryounginjktday2 #myday #kpop #kpopers #kpopconcert #pinksoundcheck #bcis #beachcityinternationalstadium https://t.co/mHGjiUPkXD,1.84824925817008E+018,2024-10-21 06:25:36+00:00,liaRUFIO,52278243,in,청담동,0,0,0,0,https://x.com/liaRUFIO/status/1848249258170081464,,0,liaRUFIO,
34. DAY6 Forever Young in Bali Surabaya Jakarta #DAY6_FOREVER_YOUNG_Indonesia #DAY6_FOREVER_YOUNG_Bali #DAY6_FOREVER_YOUNG_Surabaya #DAY6_FOREVER_YOUNG_JAKARTA https://t.co/JzgpDFkHt4,1.84825728855512E+018,2024-10-21 06:57:31+00:00,tbzerrie,1.27734653110061E+018,in,she/her • 20s,1,1,0,0,https://x.com/tbzerrie/status/1848257288555127093,,0,tbzerrie,
Plisss promotor yg bakal bawa day6 lagii ke indo tolong venue nya di indonesia arena my day tuh banyakkk jan khawatir. PR bgt konser ke BCIS tuh,1.8482592040225E+018,2024-10-21 07:05:07+00:00,hankyowo,1.28950790522642E+018,in,,0,0,0,1,https://x.com/hankyowo/status/1848259204022509716,,0,hankyowo,
Ingin merangkum perjalanan dan fancam nonton konser DAY6 Jakarta day 1 kemaren tapi belum mood karena masih belum terima Forever Young in Indonesia resmi selesai,1.848263287148E+018,2024-10-21 07:21:21+00:00,D2gh_arief,196087320,in,Jakarta Capital Region,0,0,0,1,https://x.com/D2gh_arief/status/1848263287148003414,,0,D2gh_arief,
Gada yang namanya ini lebih better daripada ini enggak guys gada kaya gitu...semua stop di indonesia tuh day6 try hard buat kasih fanservice yang beda2 biar semua kena dan nyampe gitu loh ke hati myday yg udah nyempetin dateng konser,1.84827280063059E+018,2024-10-21 07:59:09+00:00,tohdorokii,1.16771601067939E+018,in,♡̷ ̖́- random acc,0,0,0,0,https://x.com/tohdorokii/status/1848272800630607951,,0,tohdorokii,
Shoot me dowoon drum n sungjin guitar session #dowoon #sungjin #DAY6 #DAY6_3RD_WORLDTOUR #Day6inJakarta #day6_forever_young_indonesia #day6_forever_young_jakarta #TikTok https://t.co/qmNmLlO0vY,1.84827562261701E+018,2024-10-21 08:10:22+00:00,znijmulb,1.60002016563405E+018,in,mostly on tiktok,0,0,0,0,https://x.com/znijmulb/status/1848275622617022512,,0,znijmulb,
241020 forever young in jakarta day 2 pesona pria yang tidak bisa ditolak bapak sungjin lempar pick‍️ #성진 #SUNGJIN #DAY6 #데이식스 #DAY6inJAKARTA #DAY6_FOREVER_YOUNG_Indonesia https://t.co/rLF60pQuQg,1.84827890794406E+018,2024-10-21 08:23:25+00:00,dongsaengiie,1.41806384479918E+018,in,,0,0,2,0,https://x.com/dongsaengiie/status/1848278907944079607,,0,dongsaengiie,
@piilkapouw Halo Jaa! Aku izin ikutan walau aku pun juga seneng karena bisa nonton day6. Semoga kita semua selalu diberi kesehatan dan dilancarkan rezeki kita untuk next konser day6 di Indonesia. Dan juga semoga DAY6 sehat sehat supaya bisa balik lagi ke indo aaamiiinn.,1.84828186798183E+018,2024-10-21 08:35:11+00:00,ngegalaau,1.48874044249344E+018,in,,0,0,0,0,https://x.com/ngegalaau/status/1848281867981844554,piilkapouw,1,ngegalaau,piilkapouw
kok gue ngomong ampe sesek ya meanwhile gue pas konser: #DAY6inJAKARTA #DAY6_FOREVER_YOUNG_Indonesia https://t.co/otyJzmZDC8,1.84828492189662E+018,2024-10-21 08:47:19+00:00,bbh3nthusiast,1.17050122591096E+018,in,◇ day6 ◇ exo ◇ eaj ◇ RV ◇,0,0,0,2,https://x.com/bbh3nthusiast/status/1848284921896620192,,0,bbh3nthusiast,
-my6 maaf terkesan norak abis konser kemarin sender bawa pulang sebagian confetti biar jadi motivasi nabung buat konser wt day6 berikutnya https://t.co/rFgE1of835,1.84828614081557E+018,2024-10-21 08:52:10+00:00,day6confess,1.20758027347636E+018,in,How to send menfess👉🏻,105,163,27,550,https://x.com/day6confess/status/1848286140815581533,,0,day6confess,
DAY6 baru saja menyelesaikan konsernya di sejumlah kota di Indonesia yaitu Bali Surabaya dan Jakarta. Nah ini dia kesan-kesan My DAy mengenai konser DAY6 hari kedua di Jakarta. Seperti apa? #detikpop #DAY6 #DAY6inJAKARTA #MyDay https://t.co/nzkCKG5Cdp,1.84828811795588E+018,2024-10-21 09:00:01+00:00,detik_pop,1.66887535514131E+018,in,,0,0,0,0,https://x.com/detik_pop/status/1848288117955899470,,0,detik_pop,
aku punya fancam dowoon lucu ternyata IIYEAAAAAAAHHHHH MANA SUARANYAAAAAAAAA #DAY6inJakarta #DAY6_FOREVER_YOUNG_Jakarta #DAY6_3RD_WORLDTOUR #데이식스 https://t.co/84VHW6zA2Y,1.84828860738535E+018,2024-10-21 09:01:58+00:00,sunmoonphile,1.41780220848196E+018,in,,0,1,2,17,https://x.com/sunmoonphile/status/1848288607385366646,,0,sunmoonphile,
bang udah bang #DAY6_FOREVER_YOUNG_Indonesia #DAY6_3RD_WORLDTOUR #DAY6inJakarta https://t.co/jjWtXUUfhq,1.84829202627574E+018,2024-10-21 09:15:33+00:00,dountoart,1.67565939934666E+018,in,,0,0,0,0,https://x.com/dountoart/status/1848292026275758527,,0,dountoart,
inilah KAPORIT dance-dance seseru itu #DAY6_FOREVER_YOUNG_Indonesia #DAY6_3RD_WORLDTOUR #DAY6inJakarta https://t.co/68dGhzz3x4,1.84829410386548E+018,2024-10-21 09:23:48+00:00,dountoart,1.67565939934666E+018,in,,0,0,0,2,https://x.com/dountoart/status/1848294103865496061,,0,dountoart,
241013 DAY6 World Tour Forever Young in Bali Eh gimana ya ini gw jatuh cinta bgt sama park sungjin tolongin #DAY6 #데이식스 #DAY6inBali #DAY6_FOREVER_YOUNG_Indonesia #DAY6_FOREVER_YOUNG_Bali #SUNGJIN #성진 https://t.co/VFGo9wf6w7,1.84831333287872E+018,2024-10-21 10:40:13+00:00,monstraykidsix,1.04935526833142E+018,in,,0,0,8,21,https://x.com/monstraykidsix/status/1848313332878737550,,0,monstraykidsix,
gak cuma diliatin tp disenyumin jg dikasih heart jg #DAY6_FOREVER_YOUNG_Surabaya https://t.co/9WzFZGXXTh,1.8483148147431E+018,2024-10-21 10:46:06+00:00,choikupsu,1.42690943067996E+018,in,,0,0,1,0,https://x.com/choikupsu/status/1848314814743118172,,0,choikupsu,
btw aku di green dan engga banget deh ini please @mecimapro next time ambil venue yang bagusan dikit ya buat konser nya DAY6 di jakarta. ada Indonesia arena yg jauh lebih bagus ayo usahakan ,1.84832813467823E+018,2024-10-21 11:39:02+00:00,dazzlingstarksm,1.52799147038045E+018,in,"Seungmin,Young K, Keiju 🤍💚🖤",0,0,0,0,https://x.com/dazzlingstarksm/status/1848328134678233230,mecimapro,1,dazzlingstarksm,mecimapro
241013 DAY6 World Tour Forever Young in Bali Lu liat ajadeh gimana bentuknya park sungjin sungjin itu #DAY6 #데이식스 #DAY6inBali #DAY6_FOREVER_YOUNG_Indonesia #DAY6_FOREVER_YOUNG_Bali #SUNGJIN #성진 https://t.co/BpnGAW61ls,1.84832918199591E+018,2024-10-21 11:43:11+00:00,monstraykidsix,1.04935526833142E+018,in,,0,0,23,40,https://x.com/monstraykidsix/status/1848329181995921679,,0,monstraykidsix,
DAY6 telah sukses menggelar empat konser di Indonesia. https://t.co/0ZrNhIzrxt,1.84832963671692E+018,2024-10-21 11:45:00+00:00,Insertlivettv,48890883,in,"Jakarta Capital Region, Indone",0,0,0,0,https://x.com/Insertlivettv/status/1848329636716925120,,0,Insertlivettv,
241019 #DOWOON #윤도운 : aaah~ Kiyowokk #DAY6_3RD_WORLDTOUR #DAY6_FOREVER_YOUNG_JAKARTA #DAY6_FOREVER_YOUNG_Indonesia https://t.co/ARM4r7NLp5,1.84833129972939E+018,2024-10-21 11:51:36+00:00,Mell_Maysilia,608900184,in,,0,0,0,2,https://x.com/Mell_Maysilia/status/1848331299729399862,,0,Mell_Maysilia,
241019 Leader x Maknae kiiyooWOK #성진 #도운 #데이식스 #DAY6_3RD_WORLDTOUR #FOREVER_YOUNG #DAY6_FOREVER_YOUNG_Indonesia #DAY6inJKT #DAY6inJakarta https://t.co/Zjebjf7q1S,1.84833375852678E+018,2024-10-21 12:01:23+00:00,parksungjjiniya,1.76857171185808E+018,in,23 🐻🦊🐰🐶+🧑🏻‍🚀 DIVE🌷,2,0,3,8,https://x.com/parksungjjiniya/status/1848333758526792188,,0,parksungjjiniya,
The real jinja noman issemyeon gwenchana gwenchana D-1 konser keseleo pas konser maksain tetep dateng walau standing ga ngerasain sakit besoknya cuti sakit 1 minggu trs extend jadi 2 minggu karena ga bisa jalan Ril only day6 can be my healer #DAY6_FOREVER_YOUNG_BALI https://t.co/3BMcjOmGK2,1.84833774939032E+018,2024-10-21 12:17:14+00:00,iminhyukie,9.52773597734382E+017,in,bali,0,1,0,0,https://x.com/iminhyukie/status/1848337749390328055,,0,iminhyukie,
terpantau ngedit ini karena masih terdowoon-dowoon #DAY6_FOREVER_YOUNG_Indonesia #DAY6_3RD_WORLDTOUR #DAY6inJakarta https://t.co/wBpzsAhWHl,1.84833922205654E+018,2024-10-21 12:23:05+00:00,dountoart,1.67565939934666E+018,in,,0,0,0,4,https://x.com/dountoart/status/1848339222056558729,,0,dountoart,
Gomawo Day6! Ditunggu kunjungannya lagi ke Indonesia ya! #DAY6_3RD_WORLDTOUR #Day6inBali #Day6inSurabaya #Day6inJakarta #DAY6 #DAY6_FOREVER_YOUNG_Indonesia https://t.co/WvxzL4tciN,1.84834400851657E+018,2024-10-21 12:42:06+00:00,mydayjarsocpro,1.46756066504063E+018,in,Indonesia,0,0,1,4,https://x.com/mydayjarsocpro/status/1848344008516575672,,0,mydayjarsocpro,
241016 Say Wow Belah dadaku isinya jari jemari lincah wonpil di sarang suroboyo you make me say wow #DAY6_3RD_WORLDTOUR #Day6inSurabaya #DAY6inSBY #DAY6_FOREVER_YOUNG_INDONESIA https://t.co/HPGjPxYpRv,1.84834558882976E+018,2024-10-21 12:48:23+00:00,gyeoulairplane,1.07126722390005E+018,in,,0,0,0,3,https://x.com/gyeoulairplane/status/1848345588829761601,,0,gyeoulairplane,
Pas better better jiwa supporter sangat tersalurkan Terlihat wajah bangga bapak dan tuan muda #DAY6inSBY #DAY6 #데이식스 #DAY6_3RD_WORLDTOUR #DAY6_FOREVER_YOUNG_Surabaya https://t.co/9qz28RIJMD,1.84834598557726E+018,2024-10-21 12:49:58+00:00,amydayurluve,437193310,in,,0,0,0,2,https://x.com/amydayurluve/status/1848345985577267391,,0,amydayurluve,
behind the scene freebies buat #Day6_Forever_Young_Bali pake acara ketinggalan pula dah nyampe venue. dikirim lagi pke gosend dr hotel. ngakak abiezzzzzzzzz pliss klo ada yg dapat tolong dikeep yach hahaha https://t.co/0rjJPyhYoB,1.84834909988154E+018,2024-10-21 13:02:20+00:00,lecielvoir,758684868,in,,0,0,0,0,https://x.com/lecielvoir/status/1848349099881545828,,0,lecielvoir,
#day6 you were beautiful an exclusive noraebang by myday surabaya suara ngecracm dikit gk ngaruh. giliran sing along aj suaranya gk ngreog #DAY6_FOREVER_YOUNG_Surabaya #DesakDesik #DAY6inSBY https://t.co/czufFL9RFR,1.84835041780738E+018,2024-10-21 13:07:34+00:00,nadthing_,1.74616801633599E+018,in,'00 • 🔮🍀🏴‍☠️,0,0,1,8,https://x.com/nadthing_/status/1848350417807392938,,0,nadthing_,
Editan ala2 makasih banyak yg udh ngepost framenya #DAY6_FOREVER_YOUNG_Surabaya #DAY6_3RD_WORLDTOUR #DAY6_FOREVER_YOUNG_INDONESIA #DAY6 #DAY6INSBY https://t.co/bu5VgSDhFs,1.84835469572907E+018,2024-10-21 13:24:34+00:00,fluffymochi97,1.0190400279033E+018,in,INA,0,0,0,0,https://x.com/fluffymochi97/status/1848354695729078686,,0,fluffymochi97,
Gue kalo misalnya nikah nih bukan tergantung jadwal MUA atau jadwal gedung kosong ya tapi tergantung DAY6 world tournya kapan. Kek takut pas gue akad malah DAY6 konser Please calon suami gue nanti i beg you dah kalo bisa sebelum DAY6 worl tour kita nikahnya ,1.84837978428974E+018,2024-10-21 15:04:16+00:00,Disforus,1343759910,in,one ok rock japan,18,2,131,286,https://x.com/Disforus/status/1848379784289743075,,0,Disforus,
hbs lihatin fancam lagi dan nyadar youngk ini banyak banget tingkahnya akhirnya aku edit youngk core surabaya ver #DAY6_3RD_WORLDTOUR #DAY6_FOREVER_YOUNG_Surabaya https://t.co/wqhOSeBsAk,1.84838002995435E+018,2024-10-21 15:05:15+00:00,sugarkookiexx,1010782310,in,,26,4,339,1217,https://x.com/sugarkookiexx/status/1848380029954351276,,0,sugarkookiexx,
241020 #DAY6 #데이식스 mau post banyak fancam di twitter takut video pecah jadi post ini aja karna indah banget #DAY6_3RD_WORLDTOUR #DAY6inJAKARTA #DAY6_FOREVER_YOUNG_Indonesia https://t.co/Ma2TvPVYzl,1.84840554914008E+018,2024-10-21 16:46:39+00:00,dew6kilogram,1.80693781558815E+018,in,Fourever,0,0,0,0,https://x.com/dew6kilogram/status/1848405549140086905,,0,dew6kilogram,
241020 dowoon drum session n sungjin guitae solo session in shoot me #dowoon #sungjin #day6 #DAY6_3RD_WORLDTOUR #day6_forever_young_indonesia #day6_forever_young_jakarta #TikTok https://t.co/1NU3exdhD4,1.84841185080079E+018,2024-10-21 17:11:41+00:00,znijmulb,1.60002016563405E+018,in,mostly on tiktok,0,0,0,0,https://x.com/znijmulb/status/1848411850800795735,,0,znijmulb,
Seneng banget ngeliat tl beberapa hari ini karna full fancam Day6 di Indonesia dan semua fancam all member keliatan bahagia bangett dan bener bener nikmatin konser mereka. Myday juga keren bangettttt,1.84844063226591E+018,2024-10-21 19:06:03+00:00,sourjuneee,1.25990372137652E+018,in,,0,0,1,1,https://x.com/sourjuneee/status/1848440632265912620,,0,sourjuneee,
12 tahun menggeluti kpop malah konser pertama di 2nd fandom wkwk Ceritanya 1 hari setelah putus ada announce kalo Day6 mau world tour dan ke Indonesia. Auto ikut war buat ngilangin galau2 gitu. Setelah nunggu 2 bulan akhirmya kalian beneran ngebantu aku move on https://t.co/UXTJQMQPhO,1.84850994920024E+018,2024-10-21 23:41:30+00:00,iamyourmatcha_,496001412,in,,0,0,0,3,https://x.com/iamyourmatcha_/status/1848509949200240947,,0,iamyourmatcha_,
Dadaah day6 makasi udh dtg ke indonesia yaah. Main main lagiii ga konser gapapaa liburan aja. 많이 즐겨웠엉 잘가,1.84851982327555E+018,2024-10-22 00:20:44+00:00,jjhsarang,625411663,in,,0,0,0,0,https://x.com/jjhsarang/status/1848519823275569643,,0,jjhsarang,
241019 #YoungK kita foto yuk #DAY6_FOREVER_YOUNG_JAKARTA #DAY6inJAKARTA https://t.co/5roD8KXQY6,1.84853673802694E+018,2024-10-22 01:27:57+00:00,injaewuf,1.30297128949413E+018,in,INTJ,0,0,1,0,https://x.com/injaewuf/status/1848536738026950861,,0,injaewuf,
my first Day6 concert sehat2 yaa Day6 dan Myday sampai bertemu di konser2 selanjutnyaaa #DAY6inJAKARTA #DAY6_FOREVER_YOUNG_JAKARTA https://t.co/lJRDc7Qgrd,1.84854853605464E+018,2024-10-22 02:14:50+00:00,ddaybluu,1535856900,in,,0,0,0,0,https://x.com/ddaybluu/status/1848548536054649284,,0,ddaybluu,
@pilaylistlive gpp kak kan #DAY6FOREVERYOUNG,1.84855863533466E+018,2024-10-22 02:54:57+00:00,itsdddangerous,1182135535,in,,0,1,0,0,https://x.com/itsdddangerous/status/1848558635334668296,pilaylistlive,1,itsdddangerous,pilaylistlive
kim wonpil beneran ganteng seganteng ganteng nya orang lebih ganteng dari kata ganteng itu sendiri #DAY6_3RD_WORLDTOUR #DAY6_Forever_Young_Jakarta #DAY6inJakarta #데이식스 #DAY6 #WONPIL #원필 https://t.co/JbY9i49OTY,1.84856039076835E+018,2024-10-22 03:01:56+00:00,haechanyeolssi,2218253683,in,Romantic Universe,0,0,1,2,https://x.com/haechanyeolssi/status/1848560390768365754,,0,haechanyeolssi,
tell me aku berlebihan tp ini pertama kalinya ak nonton konser yang artisnya tulus sayang banget sm fansnya. bahkan aku ga merasa kalo kita fansnya malah berasa kita ini keluarganya temennya timnya apapun yg lebih dari sekadar fans. makasih ya day6 karena kalian aku tau kalo https://t.co/gdCu6FPHHs,1.84856108105852E+018,2024-10-22 03:04:40+00:00,nadthing_,1.74616801633599E+018,in,'00 • 🔮🍀🏴‍☠️,45,15,198,933,https://x.com/nadthing_/status/1848561081058529612,,0,nadthing_,
DUNG DUNG TAK TAK YANG DITUNGGU SELAMA 5 TAHUN!!! #DAY6 #bestpart #day6foreveryoung #day6_forever_young_jakarta #BCIS #SUNGJIN #YOUNGK #DOWOON #WONPIL https://t.co/gnodd8W2wn,1.84856409862949E+018,2024-10-22 03:16:40+00:00,bangkkeeyy,431565636,in,,0,0,0,0,https://x.com/bangkkeeyy/status/1848564098629501085,,0,bangkkeeyy,
FROM REQUEST LAGU DI MIXLR TO REAL CONCERT BALI - SURABAYA - JAKARTA Bersatu berdua berombongan Nanti semoga nonton di satu kota semua ya @sukasukadh @agusttus @Iittlestarr @zxphyrre Sekali badut tetap badut #DAY6_3RD_WORLDTOUR #DAY6_FOREVER_YOUNG_INDONESIA https://t.co/VThzY613Lg,1.84856420937593E+018,2024-10-22 03:17:06+00:00,winterinsm,1.00447949335488E+018,in,How can I stop the rain?,4,0,4,8,https://x.com/winterinsm/status/1848564209375936665,"sukasukadh,agusttus,Iittlestarr,zxphyrre",4,winterinsm,sukasukadh
Pov yellow bcis bagus banget lampu-lampunya #DAY6 #bestpart #day6foreveryoung #day6_forever_young_jakarta #BCIS #SUNGJIN #YOUNGK #DOWOON #WONPIL https://t.co/HsfVejtdeS,1.84856513482816E+018,2024-10-22 03:20:47+00:00,bangkkeeyy,431565636,in,,0,0,0,0,https://x.com/bangkkeeyy/status/1848565134828179558,,0,bangkkeeyy,
semoga cepet sembuh rapopongitisnya #DAY6_3RD_WORLDTOUR #DAY6_FOREVER_YOUNG_JAKARTA #DAY6inJAKARTA #DAY6 #데이식스 https://t.co/bA6QeeSab4,1.84856716086156E+018,2024-10-22 03:28:50+00:00,hehwonpil,1121000118,in,she/her,0,0,0,0,https://x.com/hehwonpil/status/1848567160861561225,,0,hehwonpil,
Setiap ditatap wonpil begini pengen langsung lompat ke stage aja rasanya #데이식스 #DAY6inJAKARTA #DAY6_FOREVER_YOUNG_JAKARTA #WONPIL #KIMWONPIL https://t.co/4DCtGmGZ70,1.84857108548024E+018,2024-10-22 03:44:26+00:00,kimbear2804,1.12744379853814E+018,in,,0,0,0,1,https://x.com/kimbear2804/status/1848571085480247376,,0,kimbear2804,
Iyaa dihati aku jg ada wonpil #데이식스 #DAY6inJAKARTA #DAY6_FOREVER_YOUNG_JAKARTA https://t.co/qDqCG9xCMu,1.84857381099765E+018,2024-10-22 03:55:16+00:00,kimbear2804,1.12744379853814E+018,in,,0,0,0,4,https://x.com/kimbear2804/status/1848573810997661942,,0,kimbear2804,
aku wonpil halooo~~~ #DAY6_FOREVER_YOUNG_JAKARTA #DAY6inJAKARTA #DAY6 #데이식스 https://t.co/Cx1i0gXJjl,1.84857755169186E+018,2024-10-22 04:10:07+00:00,hehwonpil,1121000118,in,she/her,0,0,0,2,https://x.com/hehwonpil/status/1848577551691878845,,0,hehwonpil,
tengil banget dh u #DAY6_FOREVER_YOUNG_JAKARTA #YoungK #영케이 https://t.co/4VNNpJ3Yl8,1.84860051395438E+018,2024-10-22 05:41:22+00:00,kiskimood,1.51034191048932E+018,in,mulfand,0,0,0,1,https://x.com/kiskimood/status/1848600513954386316,,0,kiskimood,
Setelah konser nambah suka bgt sama pouring confettinya cantik bgt kalau rewatch fancamnya kaya berasa lagi mimpi #DAY6_3RD_WORLDTOUR_INDONESIA #DAY6_FOREVER_YOUNG_Jakarta https://t.co/6JuTi3GmLk,1.84860057755677E+018,2024-10-22 05:41:37+00:00,xwinterbear__,1.17996675251757E+018,in,she/her ,0,0,0,1,https://x.com/xwinterbear__/status/1848600577556771003,,0,xwinterbear__,
Mohon maaf bgt tapi aku masih muterin fancam sungjin salting ini wkwk abisnya puas bgt ngetawainnya #DAY6 #DAY6_FOREVER_YOUNG_SURABAYA #DAY6_3RD_WORLDTOUR #DAY6inSBY #FOREVERYOUNGINSURABAYA https://t.co/MVWTTRgCsh,1.84860806278721E+018,2024-10-22 06:11:22+00:00,ayjaehae,1.26228915343513E+018,in,,0,0,0,0,https://x.com/ayjaehae/status/1848608062787228051,,0,ayjaehae,
Ya allah heboh sekali akuu #DAY6_FOREVER_YOUNG_JAKARTA https://t.co/uRynv2bvdP,1.84862792112636E+018,2024-10-22 07:30:16+00:00,keyboardwon94,1.76506792828909E+018,in,,0,0,0,1,https://x.com/keyboardwon94/status/1848627921126363643,,0,keyboardwon94,
Dowoon toa masjid Sungjin mangap megalodon dan Gayut Parkir #DAY6inJAKARTA #DAY6_FOREVER_YOUNG_Indonesia https://t.co/PWKx8GAYNd,1.84865268141149E+018,2024-10-22 09:08:40+00:00,iamadeadstar,1.22254909089598E+018,in,,2,2,0,4,https://x.com/iamadeadstar/status/1848652681411498259,,0,iamadeadstar,
@kangpybara Bismillah kak aku mau bangetttt. Siapa tau jadi pengobat galau ku gara2 ga bisa nonton konser day6 sama sekali di indonesia kemaren,1.8486563478791E+018,2024-10-22 09:23:14+00:00,inopiri,1.35733381724619E+018,in,Indonesia,0,0,0,0,https://x.com/inopiri/status/1848656347879117144,kangpybara,1,inopiri,kangpybara
Yasss akhirnya rampung juga konser day6 di Indonesia nih Sobat Muda! Total ada 3 kota yang jadi tempat konser day6 yaitu Bali Surabaya dan Jakarta. Wahh pasti My Day happy bangett yaa disamperin di 3 kota selamat menikmati masa-masa PCD buat My Day #KWAVE https://t.co/mdk4D4ZACz,1.84865807531999E+018,2024-10-22 09:30:06+00:00,radiountar,36908999,in,Lt. 3 Hall BC Kampus II UNTAR,0,0,0,0,https://x.com/radiountar/status/1848658075319996589,,0,radiountar,
aku 2 kali nonton konser yang day6 ini ngerasa kalo lighting sama led-nya jelek banget ‍ muka member di layar tuh kusem gelap gitu. apa perasaan ku aja yaaa https://t.co/HrBjGWUS62,1.84866375385395E+018,2024-10-22 09:52:40+00:00,dearonewoo,1.07167244022322E+018,in,svt-day6,127,78,47,382,https://x.com/dearonewoo/status/1848663753853964712,,0,dearonewoo,
Masih ngakak sama suaraku sendiri aowkaowkwka #DAY6_FOREVER_YOUNG_JAKARTA https://t.co/tNw2aKNsPL,1.84866388831915E+018,2024-10-22 09:53:12+00:00,choi_miun,1.26664075509262E+018,in,lapak multifandom ok ,0,0,0,0,https://x.com/choi_miun/status/1848663888319156294,,0,choi_miun,
Manifesting aku kerja dan settle agar bisa nonton konser day6 di tiap stop di Indonesia dan VIP,1.8486807067358E+018,2024-10-22 11:00:01+00:00,sunshimoonshi,1.37615977970224E+018,in,,0,0,0,0,https://x.com/sunshimoonshi/status/1848680706735804671,,0,sunshimoonshi,
Kenalan dengan Day6 Band Asal Korea yang Baru Saja Konser di Indonesia! https://t.co/W1TCU8iNq1 https://t.co/MXQdo9U0La,1.84868632100464E+018,2024-10-22 11:22:20+00:00,CosmoIndonesia,150182138,in,Jakarta Capital Region,0,0,0,1,https://x.com/CosmoIndonesia/status/1848686321004650581,,0,CosmoIndonesia,
Siluet nya aja tampan #DAY6_3RD_WORLDTOUR #DAY6_Forever_Young_Jakarta #DAY6inJakarta #데이식스 #DAY6 https://t.co/b8rEjUcNhr,1.8486878615725E+018,2024-10-22 11:28:27+00:00,cupfuckincake,7.37467139548814E+017,in,"Jakarta Capital Region, Indone",0,0,0,0,https://x.com/cupfuckincake/status/1848687861572514055,,0,cupfuckincake,
eh gatau deh udh berapa kali ngulang fancam ini suka bgtbgtbgt lobbbbuu i ll see you again as sooooon~~ #DAY6_3RD_WORLDTOUR #DAY6_Forever_Young_Jakarta https://t.co/vmalaHUtvi,1.84869261279199E+018,2024-10-22 11:47:20+00:00,roseesareblack,1.52587723243009E+018,in,,0,0,0,0,https://x.com/roseesareblack/status/1848692612791996735,,0,roseesareblack,
Best Part baru mulai udah menyerah senggol bacok bgt di kawasan papah nangisss #Day6 #DAY6inJAKARTA #DAY6_FOREVER_YOUNG_Jakarta https://t.co/P0JItI0liV,1.84869932981465E+018,2024-10-22 12:14:02+00:00,DA6_BOBSUNGJIN,7.53235839409191E+017,in,,0,1,0,0,https://x.com/DA6_BOBSUNGJIN/status/1848699329814651356,,0,DA6_BOBSUNGJIN,
Buat my days yang masih PCD/PCA dan mau relive konsernya lagi bisa banget mampir ke playlistku aku upload bbrp full fancams dari front row recorded in 4K https://t.co/bwxAu7FIrK #DAY6_3RD_WORLDTOUR #DAY6_FOREVER_YOUNG_Indonesia #DAY6_FOREVER_YOUNG_Jakarta @day6official https://t.co/gd5nQjyogb,1.84870185504959E+018,2024-10-22 12:24:04+00:00,rayennixi,24351132,in,,26,25,363,1470,https://x.com/rayennixi/status/1848701855049593045,day6official,1,rayennixi,day6official
Detik-detik sebelum bapak sungjin bingung dan panik karena se-venue teriak liat doi gulung lengan baju maapin kita ya pak bikin bapak kaget #Sungjin #DAY6inJAKARTA #DAY6_FOREVER_YOUNG_Jakarta https://t.co/rCVoM6Vr0a,1.84870372617924E+018,2024-10-22 12:31:30+00:00,DA6_BOBSUNGJIN,7.53235839409191E+017,in,,0,1,0,0,https://x.com/DA6_BOBSUNGJIN/status/1848703726179258808,,0,DA6_BOBSUNGJIN,
Guys kita tuh perlu konser DAY6 United gasih?? jadi semua lagu Day6 entah itu lagu solonya member EOD sampe lagu Jepang juga dibawain. pls ngidam bgt denger live ver. Semua lagu D6 apalagi yg jepang sama EOD,1.84870674570454E+018,2024-10-22 12:43:30+00:00,wakkgondrong,1.13989453921936E+018,in,,98,46,145,669,https://x.com/wakkgondrong/status/1848706745704554679,,0,wakkgondrong,
yang ada juga confettinya takut sama bapak #DAY6_Forever_Young_Surabaya #Day6inSurabaya #DAY6_3RD_WORLDTOUR https://t.co/FQfLKqIvfH,1.84871144233548E+018,2024-10-22 13:02:09+00:00,161kilograms,8.61473106199666E+017,in,,0,0,0,3,https://x.com/161kilograms/status/1848711442335482021,,0,161kilograms,
Healer sudah terlaksana tugas q #Sungjin #Youngk #DAY6inJAKARTA #DAY6_FOREVER_YOUNG_Jakarta https://t.co/cWzC36F6Ps,1.84871148130864E+018,2024-10-22 13:02:19+00:00,DA6_BOBSUNGJIN,7.53235839409191E+017,in,,0,1,0,0,https://x.com/DA6_BOBSUNGJIN/status/1848711481308651825,,0,DA6_BOBSUNGJIN,
Sungjin heran ngegulung lengan baju aja pada histeris #DAY6_3RD_WORLDTOUR #DAY6_FOREVER_YOUNG_Indonesia https://t.co/91Y6Rbt0et,1.84871387565666E+018,2024-10-22 13:11:50+00:00,sucyrhy,193270197,in,Indonesia,0,0,0,1,https://x.com/sucyrhy/status/1848713875656675364,,0,sucyrhy,
 ayah ga tuh #Sungjin #DAY6inJAKARTA #DAY6_FOREVER_YOUNG_Jakarta https://t.co/IObKcw4Px6,1.84872330397817E+018,2024-10-22 13:49:17+00:00,DA6_BOBSUNGJIN,7.53235839409191E+017,in,,0,1,0,0,https://x.com/DA6_BOBSUNGJIN/status/1848723303978176575,,0,DA6_BOBSUNGJIN,
241020 #DAY6inJAKARTA #DAY6_3RD_WORLDTOUR #DAY6_FOREVER_YOUNG_Indonesia gimana gak diliatin wonpil row belakang pink B aja crowdnya SESERU INIIII Wish Help Me Rock&amp;Roll https://t.co/7aONKlFYAD,1.84874512386748E+018,2024-10-22 15:16:00+00:00,terpilwon,1.42334186629289E+018,in,21 | she/her | selective,1,1,0,46,https://x.com/terpilwon/status/1848745123867488737,,0,terpilwon,
241019 Emg boleh joget2 kecil segemes ini?️ #YoungK #영케이 #DAY6 #데이식스 #DAY6_FOREVER_YOUNG_Jakarta #DAY6_FOREVER_YOUNG_Indonesia https://t.co/bs59bl218Q,1.84874988732173E+018,2024-10-22 15:34:55+00:00,itsjooyeon,1.02180089582088E+018,in,,0,0,9,10,https://x.com/itsjooyeon/status/1848749887321739395,,0,itsjooyeon,
Gak mau babaiiii #DAY6_Forever_Young_Surabaya #Day6inSurabaya #DAY6_3RD_WORLDTOUR https://t.co/LG5zPHy2gf,1.8487505975977E+018,2024-10-22 15:37:45+00:00,Kang_Doun,1.4473655605058E+018,in,12481485♡,0,0,0,0,https://x.com/Kang_Doun/status/1848750597597704355,,0,Kang_Doun,
Day6 - Wish️ Section purple a qn 57 tb 160cm tinggi sepatu ±6cm barricade ±1cm Oke bngt 241020 #DAY6_FOREVER_YOUNG_JAKARTA #DAY6inJAKARTA #DAY6 #데이식스 https://t.co/ENJW7vvlNi,1.84887977650699E+018,2024-10-23 00:11:03+00:00,_xxentixx,1.27796449409053E+018,in,,0,0,0,1,https://x.com/_xxentixx/status/1848879776506994690,,0,_xxentixx,
Masih ngetawain suara ku sendiri 241020 #DAY6_FOREVER_YOUNG_JAKARTA #DAY6inJAKARTA #DAY6 #데이식스 https://t.co/oqexVjS0qs,1.848886539256E+018,2024-10-23 00:37:56+00:00,_xxentixx,1.27796449409053E+018,in,,0,0,0,0,https://x.com/_xxentixx/status/1848886539256009036,,0,_xxentixx,
 [GIVEAWAY] 2 album solo Sungjin [30] (1 Nemo Ver &amp; 1 Photobook Ver) untuk 2 My Day yang beruntung! Like tweet ini ️ Ceritakan momen konser Day6 terbaik versi kalian di reply/quote tweet My Day only Good luck! https://t.co/lMOwURUoew,1.84890455292346E+018,2024-10-23 01:49:31+00:00,_youngdi_,1.39371551898136E+018,in,,22,133,131,340,https://x.com/_youngdi_/status/1848904552923468231,,0,_youngdi_,
Kumpulan Dowoon lucu segede layar #DAY6 #DAY6_3RD_WORLDTOUR #DAY6SURABAYA #DAY6inSBY #DAY6_FOREVER_YOUNG_SURABAYA #FOREVER_YOUNG_SURABAYA #FOREVERYOUNGINSURABAYA https://t.co/ILJqbRT3hq,1.84892846208366E+018,2024-10-23 03:24:31+00:00,winterinsm,1.00447949335488E+018,in,How can I stop the rain?,0,1,0,4,https://x.com/winterinsm/status/1848928462083662160,,0,winterinsm,
Beli tebu beli sagu Selamat hari rabu buat kamu yg semanis madu Kiww kiww #DAY6_FOREVER_YOUNG_BALI #DAY6inBali #데이식스 #원필 https://t.co/2BoITe355E,1.84893522273127E+018,2024-10-23 03:51:23+00:00,kimbear2804,1.12744379853814E+018,in,,0,0,0,2,https://x.com/kimbear2804/status/1848935222731280501,,0,kimbear2804,
pas pouring seru banget sihh mandi confettiiii #DAY6_FOREVER_YOUNG_INDONESIA https://t.co/ybn8uztqbi,1.84893944637445E+018,2024-10-23 04:08:10+00:00,brianchaaa,1.06599361504901E+018,in,,0,0,0,0,https://x.com/brianchaaa/status/1848939446374465597,,0,brianchaaa,
@_youngdi_ akuuu belum pernah dateng ke konser day6 but bismillah semoga bakal. karena aku baby myday jadi aku baru ngerasain konser world tour day6 kali ini. aku benerbener terharu banget selama day6 ada seminggu lebih di Indonesia. day6 benerbener SE sayang itu sama myday INA semoga-,1.848945922967E+018,2024-10-23 04:33:54+00:00,cewekmomo,1.61519241748088E+018,in,,0,1,0,1,https://x.com/cewekmomo/status/1848945922967003379,_youngdi_,1,cewekmomo,_youngdi_
241019 Rapopo Wonpil diiringi dance gemesnya youngk #day6 #jakarta #DAY6 #데이식스 #DAY6_3RD_WORLDTOUR #DAY6_FOREVER_YOUNG_Indonesia https://t.co/IMLqjUxS9i,1.84895703879538E+018,2024-10-23 05:18:04+00:00,marizkay,100740891,in,"Jakarta Capital Region, Indone",0,0,3,2,https://x.com/marizkay/status/1848957038795399366,,0,marizkay,
241019 Singkat padat jatuh cinta #day6 #jakarta #DAY6 #데이식스 #DAY6_3RD_WORLDTOUR #DAY6_FOREVER_YOUNG_Indonesia https://t.co/9uJUm0pxXH,1.84895882182751E+018,2024-10-23 05:25:09+00:00,marizkay,100740891,in,"Jakarta Capital Region, Indone",0,0,0,1,https://x.com/marizkay/status/1848958821827510746,,0,marizkay,
#DAY6_FOREVER_YOUNG_BALI #DAY6_FOREVER_YOUNG_SURABAYA #DAY6_FOREVER_YOUNG_JAKARTA_DAY1 #DAY6_FOREVER_YOUNG_JAKARTA_DAY2 #DAY6_3RD_WORLDTOUR oleh oleh ngonser : SUARA ABIS SEABIS ABIS NYAAAA (11 taun ngonseran baru kali ini bawa pulang serpihan2 confetti ) https://t.co/YIUC746KZW,1.84897832436806E+018,2024-10-23 06:42:39+00:00,widBram,133651504,in,,0,0,0,1,https://x.com/widBram/status/1848978324368076978,,0,widBram,
@dowoonigiri haloo kak makasih udah mau berbagi pc iniii smoga rejeki kamu lancar selalu yaa aku berharap day6 semakin sukses melebihi skrg karya2 mereka makin dicintai dan semoga mreka sering konser ke indonesia supaya kita sering ktemu mreka wkwk ,1.84900346976128E+018,2024-10-23 08:22:34+00:00,pwnnxz,1.46390471846432E+018,in,s/h - East Java - bxb area,0,0,0,0,https://x.com/pwnnxz/status/1849003469761294815,dowoonigiri,1,pwnnxz,dowoonigiri
Hehehehehe finally berhasil di upload walaupun jelek bgt suara gue bocor nya gak karua2n yaudahlah :(( https://t.co/UJ8XXltIFs #DAY6_3RD_WORLDTOUR #DAY6_Forever_Young_Jakarta #DAY6inJakarta #데이식스 #DAY6 https://t.co/fCMaTOvEc3,1.84900574915605E+018,2024-10-23 08:31:38+00:00,cupfuckincake,7.37467139548814E+017,in,"Jakarta Capital Region, Indone",0,0,0,1,https://x.com/cupfuckincake/status/1849005749156065290,,0,cupfuckincake,
EH KOCAK.. COBA LU BELAH DADA GUA.. DAN LU LIAT ISINYA APAAN.. ISINYA WONPIL.. ITU ARTINYA GUA CINTA WONPIL.. KIM WONPIL TILL I DIE.. PAHAM LU #DAY6_FOREVER_YOUNG_BALI #DAY6inBali #데이식스 #원필 https://t.co/qCDe4XI835,1.84902192103756E+018,2024-10-23 09:35:53+00:00,luckyshownu,8.92289722013305E+017,in,,2,0,1,6,https://x.com/luckyshownu/status/1849021921037566093,,0,luckyshownu,
bangga banget jadi bagian forever young surabaya yaa tim cat a (aspal) alias ngemper #Day6inSurabaya #day6inSBY #Day6_Forever_Young_Surabaya #DAY6_3RD_WORLDTOUR @day6official https://t.co/l0J67s59uF,1.84902346855536E+018,2024-10-23 09:42:02+00:00,ellganeth,1378901450,in,,0,0,0,1,https://x.com/ellganeth/status/1849023468555362564,day6official,1,ellganeth,day6official
Here's my participation for Fan Video Project Forever Young Jakarta sugoheso juga buat all team dan semua yang terlibat kalian luar biasaaa Jangan lupa nonton fullnya di youtube DFI!! #day6fanart #데이식스 #DAY6_FOREVER_YOUNG_Indonesia #DAY6_3RD_WORLDTOUR https://t.co/05XuE5ZLsO,1.8490295741073E+018,2024-10-23 10:06:18+00:00,lemonia79,170241795,in,Fanartsonthreadorcheckmyig➪,1,4,12,31,https://x.com/lemonia79/status/1849029574107304358,,0,lemonia79,
Berita konser DAY6 Indonesia Tour sampe ke korea. Wiiiiih,1.84904466188702E+018,2024-10-23 11:06:15+00:00,dsyandarini,121308991,in,"Jakarta, Indonesia",0,0,0,0,https://x.com/dsyandarini/status/1849044661887021524,,0,dsyandarini,
Please ya Day6 next konser Di Indonesia Arena aja plis... Kalo NCT Dream levelnya uda di GBK ya jadi kek next mau ke venue lebih kecil mereka pasti kek gimana ya... Tp hampir semua review Suka Indonesia Arena...,1.84904848484408E+018,2024-10-23 11:21:27+00:00,Nieza_Styles,2384292036,in,Yogyakarta,0,0,0,0,https://x.com/Nieza_Styles/status/1849048484844089484,,0,Nieza_Styles,
@foureverdaysix Iya album wehhh ini day6 udah konser indonesia tour. Album fourever blm dkrm2 ,1.84905779493646E+018,2024-10-23 11:58:26+00:00,niellsszz_,1.69715139258104E+018,in,,0,0,6,79,https://x.com/niellsszz_/status/1849057794936467475,foureverdaysix,1,niellsszz_,foureverdaysix
Kalau gak boleh angkat tangan pas bagian ini kita semua harus apa dong? Masa angkat derajat keluarga :( #DAY6_3RD_WORLDTOUR #DAY6ForeverYoung https://t.co/SsuhsGeyU6,1.849062650657E+018,2024-10-23 12:17:44+00:00,Dynawawaw,234687782,in,MX - Lone Ranger 0:19,0,1,0,0,https://x.com/Dynawawaw/status/1849062650657014035,,0,Dynawawaw,
20241019 ketemu fancam ini sungjin ngeliat mydays warm banget feels like a hug kalo diliat dia tuh #DAY6_3RD_WORLDTOUR #DAY6inJAKARTA #DAY6_FOREVER_YOUNG_JAKARTA https://t.co/H2MLe2Ur1W,1.84907029881524E+018,2024-10-23 12:48:07+00:00,jaebeomsfrhead,9.82894552934525E+017,in,Ahgase nest,1,0,0,0,https://x.com/jaebeomsfrhead/status/1849070298815250593,,0,jaebeomsfrhead,
@day6official Salah satu part ter HAPPYY bisa karaokean bareng ribuan myday Mana dikasih lirik romanji #DAY6_3RD_WORLDTOUR #DAY6_Forever_Young_Jakarta #Day6inJakarta https://t.co/dFbrsggS2E,1.8490746195061E+018,2024-10-23 13:05:18+00:00,DeclareStay,1.26014175301891E+018,in,,0,1,0,0,https://x.com/DeclareStay/status/1849074619506110668,day6official,1,DeclareStay,day6official
@day6official Kalo ini karaokean yang di iringi langsung sama mas mas @day6official #DAY6_3RD_WORLDTOUR #DAY6_Forever_Young_Jakarta #Day6inJakarta https://t.co/uNHmPCH0el,1.84907704971948E+018,2024-10-23 13:14:57+00:00,DeclareStay,1.26014175301891E+018,in,,0,1,0,0,https://x.com/DeclareStay/status/1849077049719484532,"day6official,day6official",2,DeclareStay,day6official
Babak 1: Pertanyaan day6 konser di 3 kota di indonesia. Dimanakah kota tersebut?,1.84907962312177E+018,2024-10-23 13:25:11+00:00,KW0NPIL,2892683286,in,SND — dm for fast respon,0,13,0,0,https://x.com/KW0NPIL/status/1849079623121781026,,0,KW0NPIL,
@day6official Bonussss... Mau liatin youngk tapi sungjin mengintai terooosss #DAY6_3RD_WORLDTOUR #DAY6_Forever_Young_Jakarta #Day6inJakarta https://t.co/KQaQCV9UUc,1.84907989373853E+018,2024-10-23 13:26:15+00:00,DeclareStay,1.26014175301891E+018,in,,0,0,0,1,https://x.com/DeclareStay/status/1849079893738533119,day6official,1,DeclareStay,day6official
Hiii yang mau cetak polaroid foto kalian pas di konser day6 bisa banget yaa. Kalian bisa CO via oren gratong loh Yuk yg berminat bisa langsung co di link https://t.co/NY35pOiYFR #DAY6_3RD_WORLDTOUR #DAY6inJakarta #DAY6_FOREVER_YOUNG_INDONESIA #DAY6Concert #CetakPolaroid,1.84908116827849E+018,2024-10-23 13:31:19+00:00,auliaaffii,1.66061640381956E+018,in,,0,0,3,2,https://x.com/auliaaffii/status/1849081168278495484,,0,auliaaffii,
Thank you Forever Young in Jakarta Day 1&amp;2!!️ Happy banget bisa ketemu sama moots ketemu temen lama yg udah lama ga ketemu juga terus dapet temen baru juga So thrilled to meet you guys hihi see youuu! #DAY6_FOREVER_YOUNG_Indonesia #DAY6_FOREVER_YOUNG_Jakarta https://t.co/n6LqyldJFC,1.84908619589423E+018,2024-10-23 13:51:18+00:00,vitaprs,71485554,in,multifandom🌤,0,1,2,12,https://x.com/vitaprs/status/1849086195894231254,,0,vitaprs,
Ga bakat jadi masternim soalnya anaknya ga bisa diem #DAY6_3RD_WORLDTOUR #DAY6_Forever_Young_Jakarta #DAY6inJakarta #DAY6 #Band_Aid https://t.co/dUGdUlaESo,1.84908636493725E+018,2024-10-23 13:51:58+00:00,clownchakras,1.47943511821309E+018,in,1996,0,0,0,0,https://x.com/clownchakras/status/1849086364937257432,,0,clownchakras,
Sudah rindu 241020 #영케이 #YoungK #DAY6inJakarta #DAY6_FOREVER_YOUNG_JAKARTA https://t.co/Pd8NNiUEny,1.8490899773068E+018,2024-10-23 14:06:19+00:00,younghyeoni_,1.07357359827784E+018,in,,0,0,0,0,https://x.com/younghyeoni_/status/1849089977306804673,,0,younghyeoni_,
What chu doing wae wae wae #DAY6_Forever_Young_Jakarta https://t.co/YCcbUBcRWq,1.84909210230899E+018,2024-10-23 14:14:46+00:00,kyeranhan,1.38748796680991E+018,in,"DKI Jakarta, Indonesia",0,0,0,0,https://x.com/kyeranhan/status/1849092102309007523,,0,kyeranhan,
Beberapa hasil jepretan sndiri yang menurut ku lmnyn lah wokwowkowk #DAY6_3RD_WORLDTOUR #DAY6_FOREVER_YOUNG_Jakarta https://t.co/3OcTnGxjLF,1.849096540172E+018,2024-10-23 14:32:24+00:00,xxprwie,1354954832,in,,0,2,0,0,https://x.com/xxprwie/status/1849096540172009713,,0,xxprwie,
241019 Wooo ooo woooo ooo mulut dowoon lucu banget wkwkwk #day6 #jakarta #DAY6 #데이식스 #DAY6_3RD_WORLDTOUR #DAY6_FOREVER_YOUNG_Indonesia https://t.co/TBWHYe02Sz,1.84909918819968E+018,2024-10-23 14:42:55+00:00,marizkay,100740891,in,"Jakarta Capital Region, Indone",0,0,0,0,https://x.com/marizkay/status/1849099188199682323,,0,marizkay,
Apa yg kita lakukan saat itu blm tentu moment &amp; rasanya akan terasa sm jika dilakukan lg. wlpn di tempat &amp; dengan org yg sama. Terima kasih untk moment indahnya sehat-sehat Day6 &amp; Myday. Mari kita bertemu lg dengan membuat moment indah lainnya #DAY6_Forever_Young_Surabaya https://t.co/sFZUWFjItF,1.84911843048357E+018,2024-10-23 15:59:23+00:00,FebyTandrian,1243806948,in,,1,1,0,1,https://x.com/FebyTandrian/status/1849118430483587511,,0,FebyTandrian,
Best Part maaf baru post sekarang soalnya BARU SEMPET @day6official #DAY6_Forever_Young_Surabaya #Day6inSurabaya #DAY6_3RD_WORLDTOUR https://t.co/udAJPgUrl4,1.84912323337699E+018,2024-10-23 16:18:28+00:00,daengnyangjeu,515374168,in,97 - 민원rps,0,0,0,0,https://x.com/daengnyangjeu/status/1849123233377001735,day6official,1,daengnyangjeu,day6official
241019 Si paling demen eye contact sama semua section #day6 #jakarta #DAY6 #데이식스 #DAY6_3RD_WORLDTOUR #DAY6_FOREVER_YOUNG_Indonesia https://t.co/KStmWuwuNF,1.84912328583088E+018,2024-10-23 16:18:41+00:00,marizkay,100740891,in,"Jakarta Capital Region, Indone",0,0,0,0,https://x.com/marizkay/status/1849123285830889777,,0,marizkay,
Bbrp momen gemes di konser Day1 #DAY6_FOREVER_YOUNG_Jakarta Baru sadar ga byak foto krn trlalu fokus fancam https://t.co/TFFqqHFL3w,1.84912826643692E+018,2024-10-23 16:38:28+00:00,millsmileee,247234879,in,Indonesia,0,1,0,0,https://x.com/millsmileee/status/1849128266436923508,,0,millsmileee,
241019 Dowoon Ment ️ Ada fanboy yg teriak manggil Dowoon terus dia jawabnya sambil teriak juga wkwkwk semua yg dilakuin Dowoon tuh selalu gemesinnn #DAY6 #데이식스 #DAY6_3RD_WORLDTOUR #FOREVER_YOUNG #DAY6_FOREVER_YOUNG_JAKARTA https://t.co/sE2eCoTJeU,1.84914049677151E+018,2024-10-23 17:27:04+00:00,calista_sthd,1.00498027379089E+018,in,,0,0,0,1,https://x.com/calista_sthd/status/1849140496771514700,,0,calista_sthd,
KALIAN KUAT LIAT INI? KOK AKU GILA YA!? #YOUNGK #DAY6_FOREVER_YOUNG_JAKARTA #DAY6inJAKARTA #DAY6 #데이식스 https://t.co/a4LWcJ0O8E,1.84914147869999E+018,2024-10-23 17:30:58+00:00,hannahzooah,1.48044483680091E+018,in,,0,0,0,2,https://x.com/hannahzooah/status/1849141478699999697,,0,hannahzooah,
riil meng ndud #영케이 #YoungK #DAY6inJakarta #DAY6_FOREVER_YOUNG_JAKARTA https://t.co/robuSBpNsk,1.84914167446921E+018,2024-10-23 17:31:45+00:00,3saosracha,1.30193886468929E+018,in,TS ; day6 – eaJ ; skz ; svt ,0,0,1,1,https://x.com/3saosracha/status/1849141674469216519,,0,3saosracha,
241016 I Loved You fancam amatiran banyak ngeblur ga fokusnya yah #DAY6_FOREVER_YOUNG_Surabaya #DAY6inSBY #DAY6 #데이식스 https://t.co/EnA3rgG5LN,1.84914539749281E+018,2024-10-23 17:46:32+00:00,bblueholic,1.51340040806846E+018,in,,1,0,0,1,https://x.com/bblueholic/status/1849145397492826535,,0,bblueholic,
241019 Wonpil Ment ️ Wonpil nyuruh My Day bahagia &amp; selalu nyebut bahagia pake Bahasa Indo awww our sweet &amp; soft boy #DAY6 #데이식스 #DAY6_3RD_WORLDTOUR #FOREVER_YOUNG #DAY6_FOREVER_YOUNG_JAKARTA https://t.co/lLmOlhHDZn,1.84914548324526E+018,2024-10-23 17:46:53+00:00,calista_sthd,1.00498027379089E+018,in,,0,0,0,0,https://x.com/calista_sthd/status/1849145483245265282,,0,calista_sthd,
241019 Sungjin Ment ️ Ekspresi Sungjin pas kaget denger My Day teriak &amp; nyuruh My Day supaya tenang gemes bgt Young K &amp; Dowoon malah ngomporin My Day biar teriakin Sungjin lebih kenceng lagi #DAY6 #데이식스 #DAY6_3RD_WORLDTOUR #FOREVER_YOUNG #DAY6_FOREVER_YOUNG_JAKARTA https://t.co/nmNN6OCpEZ,1.84914857953922E+018,2024-10-23 17:59:11+00:00,calista_sthd,1.00498027379089E+018,in,,0,0,0,1,https://x.com/calista_sthd/status/1849148579539235031,,0,calista_sthd,
YA ALLAH PIL SAMAAN Tadi malem ngimpiin ada lagi konser day6 di Indonesia Arena pake stage 360° ,1.84914865340091E+018,2024-10-23 17:59:29+00:00,babseonsaeng,1.35428818594621E+018,in,241013,0,0,0,0,https://x.com/babseonsaeng/status/1849148653400912281,,0,babseonsaeng,
241019 Young K Ment + Photo Time ️ Lagi2 Young K minta staff periksa My Day yg mau pingsan Gemes bgt tiap dia niruin translatornya &amp; pas ngajakin foto pake Bahasa Indo #DAY6 #데이식스 #DAY6_3RD_WORLDTOUR #FOREVER_YOUNG #DAY6_FOREVER_YOUNG_JAKARTA https://t.co/WfYgKrtjzH,1.84915480663365E+018,2024-10-23 18:23:56+00:00,calista_sthd,1.00498027379089E+018,in,,0,0,4,3,https://x.com/calista_sthd/status/1849154806633664856,,0,calista_sthd,
Secuil kenang kenangan forever young kemarin temanya flower karena lagi berbunga bunga soalnya ketemu mas bri #DAY6_FOREVER_YOUNG_Indonesia #DAY6_FOREVER_YOUNG_JAKARTA #DAY6inJAKARTA #DAY6_3RD_WORLDTOUR #MyDay #Mydaynesia https://t.co/yZ8YXtrdQh,1.84915666296124E+018,2024-10-23 18:31:18+00:00,HooneyRose0529,9.23877289997229E+017,in,,0,0,0,1,https://x.com/HooneyRose0529/status/1849156662961246389,,0,HooneyRose0529,
semoga soon day6 kalo konser bisa ke seluruh indonesia yaa wkwkk ~ biar yg di luar pulau jawaa tidak begitu berat di ongkos haha ,1.84917928484341E+018,2024-10-23 20:01:12+00:00,titaaekas,224620551,in,MYDAY 🐣,0,0,0,0,https://x.com/titaaekas/status/1849179284843422045,,0,titaaekas,
Kangen banget sama Young K rap di Congratulations. ️ Full: https://t.co/8aCZcIgMLO #Sungjin #YoungK #Wonpil #Dowoon #DAY6 #DAY6inJKT #DAY6_3RD_WORLDTOUR #DAY6_FOREVER_YOUNG_Jakarta https://t.co/0uQAOyenZd,1.84924543358515E+018,2024-10-24 00:24:03+00:00,detii0730,102844413,in,Indonesia,1,1,0,3,https://x.com/detii0730/status/1849245433585164679,,0,detii0730,
241016 #데이식스 #원필 Surabaya beautiful #DAY6_FOREVER_YOUNG_SURABAYA #DAY6_3RD_WORLDTOUR #DAY6_FOREVER_YOUNG_INDONESIA https://t.co/1gNkbVyXje,1.84928697184967E+018,2024-10-24 03:09:06+00:00,yongkfox,159489207,in,,0,1,0,0,https://x.com/yongkfox/status/1849286971849683029,,0,yongkfox,
@dowoonigiri Haloo makasih udah buat GA ini. Doaku buat day6 semoga mereka selalu bahagia dalam bermusik dikelilingi orang baik makin banyak yang kenal mereka punya fans yg baik loyal dan dewasa dan soon bisa konser di indonesia arena selama 3 hari,1.84929810258868E+018,2024-10-24 03:53:20+00:00,wontfeeldown,1.79780771370096E+018,in,,0,0,0,0,https://x.com/wontfeeldown/status/1849298102588699029,dowoonigiri,1,wontfeeldown,dowoonigiri
dua pilar kitaa 241020 #YoungK #SUNGJIN #DAY6 #데이식스 #DAY6inJAKARTA #DAY6_FOREVER_YOUNG_JAKARTA https://t.co/SSwbQI0voQ,1.84929977479894E+018,2024-10-24 03:59:59+00:00,tyyaaannnn,1.23088233050125E+018,in,Waktu Indonesia Timur,0,0,0,0,https://x.com/tyyaaannnn/status/1849299774798954691,,0,tyyaaannnn,
 KPOP Siapa yang kemarin nonton konser DAY6 di Indonesia? Gimana tanggapan kalian? Gue ngerasa emang mereka keren banget sih itu band isinya musisi-musisi pintar dan talented banget. Jarang ada band yang isinya vokalis semua kecuali si drummer nya. (cont),1.84930203691303E+018,2024-10-24 04:08:58+00:00,tanyakanrl,1.33165055951899E+018,in,Indonesia,0,1,0,4,https://x.com/tanyakanrl/status/1849302036913049700,,0,tanyakanrl,
@dowoonigiri Thank you GA nya kak semoga day6 makin sukses sehat dan bahagia selalu &amp; day6 next bisa konser di 38 provinsi di Indonesia amiin,1.8493072437052E+018,2024-10-24 04:29:40+00:00,bbirongstrong,1.33377989289523E+018,in,,0,0,0,0,https://x.com/bbirongstrong/status/1849307243705200922,dowoonigiri,1,bbirongstrong,dowoonigiri
@niellsszz_ Semoga day6 bisa cepet dateng lagi ke Indonesia konser di 38 provinsi https://t.co/dfLSpBTAjr,1.84930874056418E+018,2024-10-24 04:35:36+00:00,bbirongstrong,1.33377989289523E+018,in,,0,0,0,0,https://x.com/bbirongstrong/status/1849308740564197783,niellsszz_,1,bbirongstrong,niellsszz_
guys kan kemarin aku sempet fotoin confettinya feel free to save atau dijadiin lock screen juga boleh tapi semoga ga ada yang ngeclaim hak milik ya hehe :D #DAY6inJAKARTA #DAY6_3RD_WORLDTOUR #DAY6_FOREVER_YOUNG_Indonesia https://t.co/lD3OXNuYMg,1.84931119624953E+018,2024-10-24 04:45:22+00:00,cosmayu,7.6820865875684E+017,in,241020,2,6,76,354,https://x.com/cosmayu/status/1849311196249538944,,0,cosmayu,
241019 Ment ️ Young K nyuruh Sungjin ngelakuin Scream Check buat semua area sebelum mereka perform lagu Welcome to the Show #DAY6 #데이식스 #DAY6_3RD_WORLDTOUR #FOREVER_YOUNG #DAY6_FOREVER_YOUNG_JAKARTA https://t.co/exh5KkmUFN,1.84931248378307E+018,2024-10-24 04:50:29+00:00,calista_sthd,1.00498027379089E+018,in,,0,0,0,2,https://x.com/calista_sthd/status/1849312483783086272,,0,calista_sthd,
241020 ㅡ DAY6 WORLD TOUR &lt;FOREVER YOUNG&gt; IN JAKARTA SOUNDCHECK DAY 2 Seminggu di Indonesia alhamdulillah semakin sehat dan berisi #영케이 #YoungK #DAY6 #데이식스 #DAY6inJKT #DAY6inJakarta #DAY6_FOREVER_YOUNG_Indonesia #DAY6_FOREVER_YOUNG_Jakarta https://t.co/amLbi9z33t,1.84931795178846E+018,2024-10-24 05:12:13+00:00,vitaprs,71485554,in,multifandom🌤,1,0,5,14,https://x.com/vitaprs/status/1849317951788462315,,0,vitaprs,
241019 #도운 #원필 #성진 Suka sama part welcome to the show ini soalnya drumnya Dowoon tak ces ces dukdududukdududuk #DAY6_FOREVER_YOUNG_Jakarta https://t.co/LwPMr1H9Wf,1.84931990964758E+018,2024-10-24 05:19:59+00:00,babydoun_at,1.21436849892047E+018,in,selective,0,0,0,3,https://x.com/babydoun_at/status/1849319909647598072,,0,babydoun_at,
241019 Ending Ment ️ Sungjin udah nungguin translatornya buat translatein tapi malah diem aja akhirnya dia langsung lanjutin sendiri bilang terima kasih Bowing + dadah2nya gemes bgttt #DAY6 #데이식스 #DAY6_3RD_WORLDTOUR #FOREVER_YOUNG #DAY6_FOREVER_YOUNG_JAKARTA https://t.co/2LjD372zxz,1.84932199444319E+018,2024-10-24 05:28:16+00:00,calista_sthd,1.00498027379089E+018,in,,0,0,0,1,https://x.com/calista_sthd/status/1849321994443190397,,0,calista_sthd,
iseng meskipun fancamku tidak HD dan banyak tremornya #DAY6_FOREVER_YOUNG_Bali #ParkSungjin https://t.co/CUxzVKDiku,1.84932412306507E+018,2024-10-24 05:36:44+00:00,casaneid,1.28220940573636E+018,in,🇮🇩,0,1,5,10,https://x.com/casaneid/status/1849324123065074040,,0,casaneid,
lihat tuan muda kita centil sekali #DAY6injkt #DAY6_FOREVER_YOUNG_JAKARTA #day6injakarta #DAY6 #데이식스 #wonpil #kimwonpil #원필 https://t.co/Lew8uCzLCc,1.84932708873574E+018,2024-10-24 05:48:31+00:00,chaechatime,8.76827943288176E+017,in,🎪ID-EN-KR,0,0,0,0,https://x.com/chaechatime/status/1849327088735756778,,0,chaechatime,
241019 #원필 forever young jakarta wp: 2 3 floor gini ya? bener ya? gw: benerr wp: *lirik* gw: iyah wp: ok wkkwkwkw #DAY6 #데이식스 #wonpil #DAY6_FOREVER_YOUNG_Indonesia https://t.co/MiIerbAFE2,1.84933461861851E+018,2024-10-24 06:18:26+00:00,wonpilsitompul,7.20800541509422E+017,in,21 INTP,0,0,1,6,https://x.com/wonpilsitompul/status/1849334618618511625,,0,wonpilsitompul,
@niellsszz_ Hai kakk! Aku ikutan yaah doa buat member DAY6..... semoga dgn rangkaian konser forever young kmrn di Indonesia papah Sungjin mas YoungK abang Wonpil dd Dowoon bisa makin bahagia dan makin sayang sama MYDAYNESIA️️ ditunggu balik ke Indo lagi untuk encore️ https://t.co/gl6HspweWG,1.84934056852842E+018,2024-10-24 06:42:05+00:00,gwiyeounbojogae,1.3981693928615E+018,in,,0,0,0,0,https://x.com/gwiyeounbojogae/status/1849340568528420986,niellsszz_,1,gwiyeounbojogae,niellsszz_
buat warga purple B day 2 di barricade silahkan di save foto nyaaa karena aku pun juga lupa nge airdrop pas disitu #DAY6_FOREVER_YOUNG_Jakarta,1.84934843801995E+018,2024-10-24 07:13:21+00:00,ayahyungg,1335693656,in,she-her,0,0,0,0,https://x.com/ayahyungg/status/1849348438019953035,,0,ayahyungg,
[241019] DAY6 FOREVER YOUNG in JAKARTA DOWOON Dan kau hadir....merubah segala nya Menjadi lebih indah #DAY6_3RD_WORLDTOUR #DAY6_FOREVER_YOUNG_JAKARTA https://t.co/cS0wGtk988,1.84935781483087E+018,2024-10-24 07:50:37+00:00,dsyandarini,121308991,in,"Jakarta, Indonesia",0,0,0,1,https://x.com/dsyandarini/status/1849357814830870908,,0,dsyandarini,
@sunkissedpluto @bbirongstrong Semoga kita semua diberi sehat banyak rezeki dan dikasih waktu luang ketika ada konser day6 di Indonesia Jd semuanya ikut nonton Izin ikutt yaaa Thankyouu for the GA!!,1.8493628691352E+018,2024-10-24 08:10:42+00:00,mrshanbaobao,535936537,in,surabaya,0,0,0,0,https://x.com/mrshanbaobao/status/1849362869135212896,"sunkissedpluto,bbirongstrong",2,mrshanbaobao,sunkissedpluto
@niellsszz_ Izin ikutan ya kak aku belum punya album Day6 Aku ga nonton konser kemarin aku nontonnya pas Saranghaeyo Indonesia. Semoga mereka sering2 dateng &amp; konser lagi di Indonesia dan aku bisa nonton konser mereka. Aamiin https://t.co/6JfaOxJVQ1,1.84937846453482E+018,2024-10-24 09:12:40+00:00,revousme,1399639376,in,,0,0,0,0,https://x.com/revousme/status/1849378464534823119,niellsszz_,1,revousme,niellsszz_
241019 #DAY6_FOREVER_YOUNG_JAKARTA DAY 1 Park Sungjin dan 1001 ekspresi ajaibnya #DAY6inJAKARTA #DAY6_3RD_WORLDTOUR #DAY6 #데이식스 #성진 https://t.co/mJFRUd2Ih4,1.84937871897388E+018,2024-10-24 09:13:41+00:00,kkepiriya,1.29286176513961E+018,in,,0,0,0,1,https://x.com/kkepiriya/status/1849378718973882553,,0,kkepiriya,
join myday choir 2024 ga begitu kedengeran tapi gapapa lah #DAY6_FOREVER_YOUNG_Surabaya #DAY6inSBY #DAY6 #데이식스 https://t.co/ODNMprUJ1O,1.84938025095184E+018,2024-10-24 09:19:46+00:00,bblueholic,1.51340040806846E+018,in,,1,0,1,3,https://x.com/bblueholic/status/1849380250951847992,,0,bblueholic,
perjalanan bocil bocil bertemu bapaknya! #DAY6_FOREVER_YOUNG_Jakarta #DAY6_FOREVER_YOUNG_Indonesia https://t.co/MaMECQg4iZ,1.8493862202559E+018,2024-10-24 09:43:29+00:00,dkdhkfl,3297599234,in,,0,0,0,0,https://x.com/dkdhkfl/status/1849386220255916400,,0,dkdhkfl,
Kongchuu Congratulations #DAY6 #데이식스 #DAY6inJAKARTA #DAY6_FOREVER_YOUNG_JAKARTA https://t.co/TGeaxba7RN,1.84938802552629E+018,2024-10-24 09:50:39+00:00,adorleeyr,562648865,in,,1,0,0,0,https://x.com/adorleeyr/status/1849388025526300777,,0,adorleeyr,
@niellsszz_ Semoga day6 selalu sukses selalu sehat dan bisa konser ke Indonesia lagi (terutama ke Surabaya) aku mau nonton juga dan ketemu mereka (terutama wonpil) https://t.co/vbPVNe8M8f,1.84938897883698E+018,2024-10-24 09:54:27+00:00,DeaRania2,1.43041022275807E+018,in,,0,0,0,0,https://x.com/DeaRania2/status/1849388978836996480,niellsszz_,1,DeaRania2,niellsszz_
@sunkissedpluto semoga day6 selalu bareng-bareng terus sampai mereka udah punya anak-cucu dan semoga lebih sering ngadain konser di Indonesia dengan harga tiket yang murah (aamin ya Allah),1.84940204932853E+018,2024-10-24 10:46:23+00:00,cewekmomo,1.61519241748088E+018,in,,0,0,0,0,https://x.com/cewekmomo/status/1849402049328542130,sunkissedpluto,1,cewekmomo,sunkissedpluto
Baru ngeh saking happy nya youngk sampe goyang2 macem dangdutan asek asek jossss #DAY6_3RD_WORLDTOUR #DAY6_Forever_Young_Jakarta #DAY6inJakarta #데이식스 #DAY6 https://t.co/RFWCkXjMPM,1.84941124757557E+018,2024-10-24 11:22:56+00:00,cupfuckincake,7.37467139548814E+017,in,"Jakarta Capital Region, Indone",0,0,0,1,https://x.com/cupfuckincake/status/1849411247575585000,,0,cupfuckincake,
Kesibukan DAY6 di satu video: - keyboard geprek wonpil - dowoon gebuk drum pake semangat bung tomo - alih fungsi ricky sbg pemukul simbal oleh youngk - sungjin lempar pick gitar #DAY6inSBY #DAY6 #데이식스 #DAY6inSurabaya #DAY6_3RD_WORLDTOUR_INDONESIA #DAY6_Forever_Young_Surabaya https://t.co/X30Mp8Z1h9,1.84941295220366E+018,2024-10-24 11:29:42+00:00,myouphoria,1.16071246260319E+018,in,Caratland,0,0,0,5,https://x.com/myouphoria/status/1849412952203665734,,0,myouphoria,
Lapak apresiasi dari akun Magnaeum untuk semua Mydaynesia yang membuat tanggal 16 Oktober 2024 semakin bermakna ️‍ #DAY6_FOREVER_YOUNG_Surabaya,1.84942553772034E+018,2024-10-24 12:19:43+00:00,Magnaeum,501477338,in,62,1,1,0,2,https://x.com/Magnaeum/status/1849425537720352802,,0,Magnaeum,
Selalu happy klo liat foto sungjin No watermarks. Feel free to save ~ #DAY6_3RD_WORLDTOUR #SUNGJIN #DAY6inJAKARTA #성진 #DAY6_FOREVER_YOUNG_JAKARTA #DAy6_FOREVER_YOUNG https://t.co/MOEUumVxw2,1.84942975453931E+018,2024-10-24 12:36:28+00:00,bocilsungjin,126581549,in,"Jakarta, Indonesia",0,0,0,0,https://x.com/bocilsungjin/status/1849429754539315380,,0,bocilsungjin,
Gebukan Dowoon kerennya kebangetan #DAY6_3RD_WORLDTOUR #day6_forever_young_jakarta https://t.co/jHNNrf8Yaz,1.84943621716487E+018,2024-10-24 13:02:09+00:00,fikrispecs,140032988,in,,0,0,0,2,https://x.com/fikrispecs/status/1849436217164886374,,0,fikrispecs,
WONPIL + YOUNGK #DAY6_3RD_WORLDTOUR #day6_forever_young_jakarta https://t.co/iyVOHJyKHc,1.84943941540975E+018,2024-10-24 13:14:52+00:00,fikrispecs,140032988,in,,0,0,0,0,https://x.com/fikrispecs/status/1849439415409754172,,0,fikrispecs,
Video Jawaban Promotor Terkait Evaluasi dari My Day soal Konser DAY6 https://t.co/fzJ06EsTS1,1.84944188210925E+018,2024-10-24 13:24:40+00:00,20detik,598959076,in,JKT-INA,363,6,194,313,https://x.com/20detik/status/1849441882109259862,,0,20detik,
Dalam rangka PCD berat konser Day6 Jakarta aku mau lanjut upload fancam2nya. Kalo day 1 temenku yg biasa nonton bareng gajadi trade day 2 krn dia gabisa cuti senennya hpnya juga ngedukung bagus #DAY6_3RD_WORLDTOUR #DAY6_Forever_Young_Jakarta #DAY6inJakarta #데이식스 #DAY6 https://t.co/GoBDUU9jyl,1.84945205440798E+018,2024-10-24 14:05:05+00:00,alyfbe,219884091,in,Indonesia,0,2,0,3,https://x.com/alyfbe/status/1849452054407987403,,0,alyfbe,
Hahahahhahah bagus banget eaJ mau ke Indo lagi terutama Bandung. Day6 tertarik konser di kota lain di Indonesia lagi hahahaha seru bgtt (Tertawa sambil menangis) https://t.co/e4YMY1WbAm,1.84945831693171E+018,2024-10-24 14:29:58+00:00,frommelodyy,1922812386,in,Indonesia,0,0,0,0,https://x.com/frommelodyy/status/1849458316931727785,,0,frommelodyy,
Masalah sound jujur asli menurut gue bagusan pas treasure di Indonesia Arena gatau itu pengaruh faktor venue atau bukan tapi konser treasure sama day6 sama sama pake live band jadi kenapa cim? @mecimapro,1.84946643882813E+018,2024-10-24 15:02:15+00:00,mydannychoii,1.26080762049702E+018,in,She/Her,0,0,0,0,https://x.com/mydannychoii/status/1849466438828138971,mecimapro,1,mydannychoii,mecimapro
@adoresvtws Myday tuh kmrn protes krn semua konser day6 di indonesia ada masalah sound smp2 member tuh merengut &amp; bolak balik minta dibenerin. Bahkan pas sc sempat kaya disconnect gitu sm speakernya. Nah fans jd minta ganti vendor kan utk next concert tp jwbn dr mecima gitu. Katanya krn--,1.84947314242057E+018,2024-10-24 15:28:53+00:00,babehbapakucing,1.30046227872726E+018,in,wherever svt d6 tws are,0,2,0,7,https://x.com/babehbapakucing/status/1849473142420574564,adoresvtws,1,babehbapakucing,adoresvtws
Melihat fancam day6 yg bersliweran di indonesia beneran nyesel ga nonton day6. Mana tes cepeenes kaga lanjut lagi. Zonk dah mending aku nonton konser kmrn hmm,1.84949405582426E+018,2024-10-24 16:51:59+00:00,inlove_jeonghan,1.10515442702597E+018,in,,0,1,0,0,https://x.com/inlove_jeonghan/status/1849494055824261499,,0,inlove_jeonghan,
@20detik @mecimapro Masih PCD #DAY6_Forever_Young_Indonesia https://t.co/jsvzyRd3CJ,1.84949514698082E+018,2024-10-24 16:56:19+00:00,sanitamima,1.6460807475756E+018,in,,0,0,0,6,https://x.com/sanitamima/status/1849495146980835748,"20detik,mecimapro",2,sanitamima,20detik
tebak berapa kali ku ulang gakkaiwabwa ini iya abis itu fancam kita kemana mana keburu salting ‍️ #DAY6 #데이식스 #DAY6_3RD_WORLDTOUR #DAY6_FOREVER_YOUNG_JAKARTA #FOREVER_YOUNG #Band_Aid #녹아내려 #WONPIL #원필 https://t.co/XBKOSm4ueP,1.84950138350407E+018,2024-10-24 17:21:06+00:00,mwohalka,3151596338,in,,0,0,1,3,https://x.com/mwohalka/status/1849501383504089298,,0,mwohalka,
demi Tuhan dari jakut ke jaksel ke jakbar GW KETEMU ORG YG GW KENAL KEK bs gak stop... di bagian indonesia mana yg gw bisa stop ktm orang... day6 konser kemaren gw bahkan meet up sm 5 orang wey.... gw pen blg gini di first tp takut nyinggung org yg gw temui,1.84951569394921E+018,2024-10-24 18:17:58+00:00,yeollieseo,1.18917238483565E+018,in,10024764,0,0,0,0,https://x.com/yeollieseo/status/1849515693949218984,,0,yeollieseo,
mau wonpil #DAY6inJakarta #DAY6_FOREVER_YOUNG_JAKARTA #DAY6 #데이식스 #WONPIL #원필 https://t.co/cJlP3YuV3u,1.84951848883628E+018,2024-10-24 18:29:04+00:00,woopilarchive,1.42506225440427E+018,ht,,0,1,2,8,https://x.com/woopilarchive/status/1849518488836288951,,0,woopilarchive,
Halo @mecimapro! Makasih banyak udah kasih tanggapan tentang evaluasi dari My Day terkait rangkaian konser DAY6 Forever Young di Indonesia. Sebagai salah satu penonton yang hadir di Forever Young Jakarta Day 2 izinkan aku untuk kasih feedback dengan tujuan yang baik biar kita https://t.co/lGesQeHZMu,1.84965639253956E+018,2024-10-25 03:37:03+00:00,lelyr13,1927366159,in,Sehun Planet,180,13,1083,2633,https://x.com/lelyr13/status/1849656392539570340,mecimapro,1,lelyr13,mecimapro
Say wow Agak refleks mau nyanyi pake 'sarang suroboyo' tapi alhamdulilah tapi ciyus hampir dikit keslipet lidah ini #Day6 #DAY6inJAKARTA #DAY6_FOREVER_YOUNG_Jakarta https://t.co/MSgYOQnNjk,1.84965921018491E+018,2024-10-25 03:48:15+00:00,DA6_BOBSUNGJIN,7.53235839409191E+017,in,,0,1,0,0,https://x.com/DA6_BOBSUNGJIN/status/1849659210184917152,,0,DA6_BOBSUNGJIN,
Mau upload ini lucu bgt yundoun pelawak kite semua bisa2nya ngide niruin kata2 dari translatornya ampe sungjin shock giliran ditanya apa next songnya dia malah nanya balik ke yongke wkwkwk asli bokem bgt #Day6 #DAY6inJAKARTA #DAY6_FOREVER_YOUNG_Jakarta https://t.co/ojZfS8Sew2,1.84966302135999E+018,2024-10-25 04:03:24+00:00,DA6_BOBSUNGJIN,7.53235839409191E+017,in,,0,1,0,0,https://x.com/DA6_BOBSUNGJIN/status/1849663021359992926,,0,DA6_BOBSUNGJIN,
Misiku disini jg sdh terlaksana nunjukin foto sungjin dihape sambil nyanyi yeppeoseo part dia yg terakhir yg paling menyayat hati itu tapi kamu bukan mantan tenang aja pingin ajaa kayak sobat ambyar kan aku gapunya mantan #Day6 #DAY6inJAKARTA #DAY6_FOREVER_YOUNG_Jakarta https://t.co/tas9j3QpgR,1.84966671732637E+018,2024-10-25 04:18:05+00:00,DA6_BOBSUNGJIN,7.53235839409191E+017,in,,0,1,0,0,https://x.com/DA6_BOBSUNGJIN/status/1849666717326377430,,0,DA6_BOBSUNGJIN,
Disini tu wish aku pingin banget denger siulannya sungjin tapi karna di indo dan standing kek mustahal syekali dan ternyata benar divideo ku ketimpa suaranya sama durudududu jd ga ku upload next time bismillah bisaa #Day6 #DAY6inJAKARTA #DAY6_FOREVER_YOUNG_Jakarta https://t.co/f10hG3ZMHr,1.84967009226478E+018,2024-10-25 04:31:29+00:00,DA6_BOBSUNGJIN,7.53235839409191E+017,in,,0,1,0,0,https://x.com/DA6_BOBSUNGJIN/status/1849670092264784004,,0,DA6_BOBSUNGJIN,
Wish denger adlibs yongke di kongchu part yg ini sukses bangeet huhuhuhu walau cuma sekali tapi makasih bgt loh #Day6 #DAY6inJAKARTA #DAY6_FOREVER_YOUNG_Jakarta https://t.co/nJTg4ZY7kV,1.84967524465264E+018,2024-10-25 04:51:58+00:00,DA6_BOBSUNGJIN,7.53235839409191E+017,in,,0,1,0,0,https://x.com/DA6_BOBSUNGJIN/status/1849675244652654955,,0,DA6_BOBSUNGJIN,
Only Sobat ambyar only segelegar ini suaranyaaa kite kan udah ambyar mleyot bgt yak eh diujung sisungjin ngelawak ketawak bgt gua wak #Day6 #DAY6inJAKARTA #DAY6_FOREVER_YOUNG_Jakarta https://t.co/g6a5306PRB,1.84968198587638E+018,2024-10-25 05:18:45+00:00,DA6_BOBSUNGJIN,7.53235839409191E+017,in,,0,1,0,0,https://x.com/DA6_BOBSUNGJIN/status/1849681985876394492,,0,DA6_BOBSUNGJIN,
Sbg fans garis keras si ojodaboni ojodaboni ini ku ucapkan matur suwun ya mbak ya bener2 ngereog banget dah asli :)))) #DAY6_3RD_WORLDTOUR_Indonesia #DAY6_FOREVER_YOUNG_Surabaya #DAY6insurabaya https://t.co/gVm2RBPqhi,1.84970500074804E+018,2024-10-25 06:50:12+00:00,scorpiopatronus,1.40246549983379E+018,in,under the same sky with you,0,1,0,1,https://x.com/scorpiopatronus/status/1849705000748056747,,0,scorpiopatronus,
Hari ini aku boleh yaa bikin A thread lagu Band Aid yang sudah hampir 2 bulan beredar di masyarakat hoho Bahkan sudah seminggu masih PCD terakhir konser #DAY6. Alasan lain sih biar kelihatan lagi ngetik aja hehehe Dalam bahasa Indonesia kupersembahkan https://t.co/0wtrHX5ClM,1.84970790052207E+018,2024-10-25 07:01:44+00:00,arimayha,66042326,in,"ÜT: -6.2460314,106.8865079",1,1,0,0,https://x.com/arimayha/status/1849707900522070092,,0,arimayha,
Ini dowoon pas dance dance ganteng banget sampe auto nyebut #DAY6_3RD_WORLDTOUR_Indonesia #DAY6_FOREVER_YOUNG_Surabaya #DAY6insurabaya https://t.co/qQfQSnR0jO,1.84971130231241E+018,2024-10-25 07:15:15+00:00,scorpiopatronus,1.40246549983379E+018,in,under the same sky with you,0,0,0,0,https://x.com/scorpiopatronus/status/1849711302312415243,,0,scorpiopatronus,
241019 - Kangen banget.... #YoungK #영케이 #DAY6 #데이식스 #DAY6_FOREVER_YOUNG_Jakarta #DAY6_FOREVER_YOUNG_Indonesia https://t.co/hVpRjwR7ti,1.84971932097012E+018,2024-10-25 07:47:06+00:00,itsjooyeon,1.02180089582088E+018,in,,0,0,0,3,https://x.com/itsjooyeon/status/1849719320970133994,,0,itsjooyeon,
Ini lucu banget sih kuping udah pengang pada teriak wonhanika eh ditodong eojjeodaboni sama youngke wkwkwk Bener sih lain kali ditulis juga chord gitarnya #Day6 #DAY6inJAKARTA #DAY6_FOREVER_YOUNG_Jakarta https://t.co/04tedXXUF5,1.84975447085246E+018,2024-10-25 10:06:47+00:00,DA6_BOBSUNGJIN,7.53235839409191E+017,in,,0,1,0,0,https://x.com/DA6_BOBSUNGJIN/status/1849754470852460871,,0,DA6_BOBSUNGJIN,
Berkat doun yg slowver eojjeodaboni gue bisa denger suara BABA ARGHHHH makasih banget dounnn ilopyupul suaranya gagah banget gasih sama kek yang megangnya meltdown guaaaa parrraah #Day6 #DAY6inJAKARTA #DAY6_FOREVER_YOUNG_Jakarta https://t.co/lkNlV5FcF3,1.84975668310034E+018,2024-10-25 10:15:34+00:00,DA6_BOBSUNGJIN,7.53235839409191E+017,in,,0,1,0,0,https://x.com/DA6_BOBSUNGJIN/status/1849756683100356926,,0,DA6_BOBSUNGJIN,
Ni momentnya sungjin kaget sama moshingan di pink a ujung sampe ditunjuk trus yongke ngehampirin ngasih tau ternyata sungjin udah liat duluan ini baru namanya sweet chaos yaang #Day6 #DAY6inJAKARTA #DAY6_FOREVER_YOUNG_Jakarta https://t.co/jVXhloUjy8,1.84975977526289E+018,2024-10-25 10:27:51+00:00,DA6_BOBSUNGJIN,7.53235839409191E+017,in,,0,1,0,0,https://x.com/DA6_BOBSUNGJIN/status/1849759775262900270,,0,DA6_BOBSUNGJIN,
Ini misi di how can i say sukses yaa melihat duo brengshek q ini adu mekanik plus suara babaa ihh sumvah yaaa pingin ku sun babaa #Day6 #DAY6inJAKARTA #DAY6_FOREVER_YOUNG_Jakarta https://t.co/3SGzGHutw2,1.84976260192578E+018,2024-10-25 10:39:05+00:00,DA6_BOBSUNGJIN,7.53235839409191E+017,in,,0,1,0,0,https://x.com/DA6_BOBSUNGJIN/status/1849762601925796288,,0,DA6_BOBSUNGJIN,
Di i wait aku nunggu tarikan sungjinnya diakhir ituu kek eugh banget #Day6 #DAY6inJAKARTA #DAY6_FOREVER_YOUNG_Jakarta https://t.co/0PFi3uKy67,1.84976440441561E+018,2024-10-25 10:46:15+00:00,DA6_BOBSUNGJIN,7.53235839409191E+017,in,,0,1,0,0,https://x.com/DA6_BOBSUNGJIN/status/1849764404415619499,,0,DA6_BOBSUNGJIN,
BIASA AJA BISA GAK? #성진 #SUNGJIN #DAY6 #데이식스 #DAY6_FOREVER_YOUNG_Jakarta #DAY6inJAKARTA https://t.co/IeHaZkRQ0M,1.849767975576E+018,2024-10-25 11:00:27+00:00,bibobbear,9.61604155763703E+017,in,,1,0,0,2,https://x.com/bibobbear/status/1849767975576011206,,0,bibobbear,
LMOLM ini yang ditunggu tarikan gitar sungjin yg bikin pengang tapi ga apa aku sukak bangeet #Day6 #DAY6inJAKARTA #DAY6_FOREVER_YOUNG_Jakarta https://t.co/x1JXIhPZ9w,1.84976821426548E+018,2024-10-25 11:01:23+00:00,DA6_BOBSUNGJIN,7.53235839409191E+017,in,,0,1,0,0,https://x.com/DA6_BOBSUNGJIN/status/1849768214265491556,,0,DA6_BOBSUNGJIN,
Saa aeee ngegodanya #성진 #SUNGJIN #DAY6 #데이식스 #DAY6_FOREVER_YOUNG_Jakarta #DAY6inJAKARTA https://t.co/MBmGw0UA0p,1.8497689438898E+018,2024-10-25 11:04:17+00:00,bibobbear,9.61604155763703E+017,in,,1,0,0,2,https://x.com/bibobbear/status/1849768943889813597,,0,bibobbear,
Shoot me GUE BISA MENGABADIKAN MA BIGGEST WANTED MOMENT INI YAALLAH MAKASIH BANGET KEPADA TUHAN SEMESTA ALAM TRIO KWEK KWEK INI EMANG NER BENER DI SHOOT ME APA HARUS GIMANAA WAK APA KITA SUN ATU-ATUIHHHASKFHGJL #Day6 #DAY6inJAKARTA #DAY6_FOREVER_YOUNG_Jakarta https://t.co/s1rOYj4Ma1,1.84977210534643E+018,2024-10-25 11:16:51+00:00,DA6_BOBSUNGJIN,7.53235839409191E+017,in,,0,1,0,0,https://x.com/DA6_BOBSUNGJIN/status/1849772105346449741,,0,DA6_BOBSUNGJIN,
Tida lupa sungjin IJEEN! KKEUTIYAA!! ANIGIL!! BIREO!! -nya gue auto salah dah ‍️ mana pake senyum syahdu dulu sebelum berbuat #Day6 #DAY6inJAKARTA #DAY6_FOREVER_YOUNG_Jakarta https://t.co/ySAZJTXIWJ,1.84977578901071E+018,2024-10-25 11:31:29+00:00,DA6_BOBSUNGJIN,7.53235839409191E+017,in,,0,1,0,0,https://x.com/DA6_BOBSUNGJIN/status/1849775789010714778,,0,DA6_BOBSUNGJIN,
Detik-detik sungjin diamuk massa akusi langsung melambaikan tangan ya menyerah bang #Day6 #DAY6inJAKARTA #DAY6_FOREVER_YOUNG_Jakarta https://t.co/Tc8mgex1ii,1.84977838190008E+018,2024-10-25 11:41:48+00:00,DA6_BOBSUNGJIN,7.53235839409191E+017,in,,0,1,0,0,https://x.com/DA6_BOBSUNGJIN/status/1849778381900087356,,0,DA6_BOBSUNGJIN,
Wibunya doun keluar #Day6 #DAY6inJAKARTA #DAY6_FOREVER_YOUNG_Jakarta https://t.co/Wl0JorlejO,1.8497794713957E+018,2024-10-25 11:46:07+00:00,DA6_BOBSUNGJIN,7.53235839409191E+017,in,,0,1,0,0,https://x.com/DA6_BOBSUNGJIN/status/1849779471395717445,,0,DA6_BOBSUNGJIN,
괴물 (Monster) Ena banget harmonisasinya yg rasa pantai ini #Day6 #DAY6inJAKARTA #DAY6_FOREVER_YOUNG_Jakarta https://t.co/83xSt5evEo,1.84978233418419E+018,2024-10-25 11:57:30+00:00,DA6_BOBSUNGJIN,7.53235839409191E+017,in,,0,1,0,0,https://x.com/DA6_BOBSUNGJIN/status/1849782334184202620,,0,DA6_BOBSUNGJIN,
Zombie tenang sayaang ada kami yang back up solidaritas tanpa bataass #Day6 #DAY6inJAKARTA #DAY6_FOREVER_YOUNG_Jakarta https://t.co/h2CHSO9dxu,1.84978456063426E+018,2024-10-25 12:06:21+00:00,DA6_BOBSUNGJIN,7.53235839409191E+017,in,,0,1,0,0,https://x.com/DA6_BOBSUNGJIN/status/1849784560634270009,,0,DA6_BOBSUNGJIN,
Bakat terpendamku yang memang harus benar² dipendam #DAY6_FOREVER_YOUNG_JAKARTA #DAY6inJAKARTA #DAY6 #데이식스 https://t.co/VP5RmSEZ3S,1.84979797615754E+018,2024-10-25 12:59:39+00:00,Milliaaaar,1602643597,in,,0,0,0,0,https://x.com/Milliaaaar/status/1849797976157540402,,0,Milliaaaar,
241019 - orang lagi mau fokus ngegalau ini malah sibuk dorong-dorong mic pake kepala #YoungK #영케이 #DAY6 #데이식스 #DAY6_FOREVER_YOUNG_Jakarta #DAY6_FOREVER_YOUNG_Indonesia https://t.co/mSdd9buCnC,1.84980216763449E+018,2024-10-25 13:16:19+00:00,itsjooyeon,1.02180089582088E+018,in,,0,0,2,16,https://x.com/itsjooyeon/status/1849802167634493650,,0,itsjooyeon,
Day 1 confetti. Ternyata ke capture semuanya langsung angkat tangan untuk nge reach confettinya .. soalnya emang se magical itu Seneng semuanya enjoy #DAY6_FOREVER_YOUNG_Indonesia #DAY6 #데이식스 #DAY6_3RD_WORLDTOUR #DAY6inJAKARTA https://t.co/oh57mqPMN3,1.84982605052156E+018,2024-10-25 14:51:13+00:00,devonnel_,225297709,in,,0,1,0,5,https://x.com/devonnel_/status/1849826050521563530,,0,devonnel_,
Congratulation vers. Ikhlas in the crowded Dah gamau ngedit.. ️ 19.10 #Day6ForeverYoung #YOUNGK #DOWOON #WONPIL #SUNGJIN #DAY6 #데이식스 #영게이 #도운 #원필 #성진 https://t.co/7dVMsYbUwh,1.84983604986397E+018,2024-10-25 15:30:57+00:00,dda0kgeon,458904132,in,,0,0,0,0,https://x.com/dda0kgeon/status/1849836049863979179,,0,dda0kgeon,
Sungjin iqomah day 1 #DAY6_FOREVER_YOUNG_Indonesia #DAY6 #데이식스 #DAY6_3RD_WORLDTOUR #DAY6inJAKARTA https://t.co/UgSYHzDTtB,1.84983836433959E+018,2024-10-25 15:40:09+00:00,devonnel_,225297709,in,,0,0,0,0,https://x.com/devonnel_/status/1849838364339601637,,0,devonnel_,
Liat ada yang fulllllll senyum #DAY6_FOREVER_YOUNG_Indonesia #DAY6 #데이식스 #DAY6_3RD_WORLDTOUR #DAY6inJAKARTA https://t.co/0isjW2IegQ,1.84983867975125E+018,2024-10-25 15:41:24+00:00,devonnel_,225297709,in,,0,0,0,1,https://x.com/devonnel_/status/1849838679751262222,,0,devonnel_,
Sungjin jempol #DAY6_FOREVER_YOUNG_Indonesia #DAY6 #데이식스 #DAY6_3RD_WORLDTOUR #DAY6inJAKARTA https://t.co/7nCRRq9tat,1.84983937425669E+018,2024-10-25 15:44:09+00:00,devonnel_,225297709,in,,0,0,0,0,https://x.com/devonnel_/status/1849839374256701821,,0,devonnel_,
Sungjin jempol (lagi) Coba gaya lain Pak #DAY6_FOREVER_YOUNG_Indonesia #DAY6 #데이식스 #DAY6_3RD_WORLDTOUR #DAY6inJAKARTA https://t.co/EBYd0D9kms,1.84983945557585E+018,2024-10-25 15:44:29+00:00,devonnel_,225297709,in,,0,0,0,0,https://x.com/devonnel_/status/1849839455575867645,,0,devonnel_,
Masih gak nyangka Day6 bisa tour 3 kota di Indonesia kurang lebih 2 minggu kita ada di udara yg sama kaya mereka Terharu dan jujur sedih banget waktu ditinggal pulang ke korea Tapi gapapa kita nabung lagi buat konser selanjutnya ya!! https://t.co/jqiwat8mif,1.84999910121733E+018,2024-10-26 02:18:51+00:00,splenjdid,1.06947107860125E+018,in,Mostly Day6,0,2,0,7,https://x.com/splenjdid/status/1849999101217341444,,0,splenjdid,
@urshirtspink @prettyprmrz @DrJunkay @coladapasta 241019 #DAY6_FOREVER_YOUNG_Jakarta - DAY 1 Mata sedikit merah ya karena meneteskan air mata selama konser. Kata gue kalau format band gini emang paling bener ambil standing sih. Gue yang awalnya mikir rada jompo ternyata ga secapek itu kok https://t.co/rjhaBmQH0G,1.85007562004824E+018,2024-10-26 07:22:55+00:00,D2gh_arief,196087320,in,Jakarta Capital Region,0,1,0,0,https://x.com/D2gh_arief/status/1850075620048240804,"urshirtspink,prettyprmrz,DrJunkay,coladapasta",4,D2gh_arief,urshirtspink
Drop my fan art for DAY6 Forever Young in Jakarta Buat kenang kenangan di timeline pernah gambar ini buat freebies konser deisikseu #DAY6_FOREVER_YOUNG_Jakarta #DAY6_FOREVER_YOUNG_Indonesia https://t.co/g5VQvi1gwq,1.85013591867146E+018,2024-10-26 11:22:31+00:00,novazakiyaa,70881038,in,,0,1,0,3,https://x.com/novazakiyaa/status/1850135918671462443,,0,novazakiyaa,
akhirnya ketemu lagi setelah 5 tahun @day6official ! #DAY6_3RD_WORLDTOUR #DAY6_FOREVER_YOUNG_Jakarta baru sempet ngepost karna seninnya lgsg ngantor https://t.co/wMD6bytunH,1.85014147909385E+018,2024-10-26 11:44:37+00:00,switchaids,1.49890354266015E+018,in,,0,3,0,3,https://x.com/switchaids/status/1850141479093850551,day6official,1,switchaids,day6official
Met seminggu #DAY6FOREVERYOUNG From: kita harus nonton DAY6 bareng! To: bisa duduk bareng di the best seat Sempet hampir berantem gara2 per COD an WKWK. But it was beautiful! Untung sempet ngelamar Young K tuh Next kita harus having more fun! @kybrianyk https://t.co/MLeuRHJkAH,1.85014436586558E+018,2024-10-26 11:56:05+00:00,dearkimwonpil,8.30786251372391E+017,in,INFJ '98,0,1,1,2,https://x.com/dearkimwonpil/status/1850144365865582719,kybrianyk,1,dearkimwonpil,kybrianyk
Maaf day6 klo masalah nyanyi mungkin kita lebih hapal dari kalian Jadi..tolong chord nya dihapal juga biar kita sama sama enak gitu. Ya masa nnti ke konser my day bawa instrument juga??? https://t.co/4QfbToSinm,1.85014662368868E+018,2024-10-26 12:05:03+00:00,lezgetitbribrii,1.5075796383775E+018,in,,102,28,680,3124,https://x.com/lezgetitbribrii/status/1850146623688692093,,0,lezgetitbribrii,
Secuil cerita dari nonton konser DAY6 pertamaku di Surabaya. Bangga banget pas dengerin suara myday tu sopan banget masuk ke telinga. Udah gitu aja si ceritanya #DAY6_3RD_WORLDTOUR_INDONESIA #DAY6_Forever_Young_Surabaya #DAY6inSurabaya #DAY6inSBY https://t.co/OshySRBO1i,1.85018623731296E+018,2024-10-26 14:42:28+00:00,arikacosurexia,2363711294,in,Indonesia ,0,0,1,1,https://x.com/arikacosurexia/status/1850186237312970856,,0,arikacosurexia,
mengenng semingguan #DAY6_FOREVER_YOUNG_Jakarta [sedih],1.85019610284867E+018,2024-10-26 15:21:40+00:00,dwonblue,1.32430911642096E+018,in,,0,0,0,0,https://x.com/dwonblue/status/1850196102848680264,,0,dwonblue,
241019 FOREVER YOUNG in Jakarta Day 1 Free하게 Dia pikir aku tidak meleyot senyum2 manis gitu terus #원필 #Wonpil #DAY6 #데이식스 #DAY6inJKT #DAY6_Forever_Young_Jakarta https://t.co/W5bBjslB7X,1.85023317810946E+018,2024-10-26 17:48:59+00:00,luckyshownu,8.92289722013305E+017,in,,0,1,0,1,https://x.com/luckyshownu/status/1850233178109473209,,0,luckyshownu,
241020 FOREVER YOUNG in Jakarta Day 2 Free하게 Wonpil focus + Youngk naik panggung nya dowoon #원필 #Wonpil #Youngk #영케이 #DAY6 #데이식스 #DAY6inJKT #DAY6_Forever_Young_Jakarta https://t.co/TioRqxdBjD,1.85023723573362E+018,2024-10-26 18:05:07+00:00,luckyshownu,8.92289722013305E+017,in,,0,0,0,3,https://x.com/luckyshownu/status/1850237235733635308,,0,luckyshownu,
Skill ngefancam sambil loncat-loncat (+ mata tetep fokus ke panggung)#DAY6 #데이식스 #DAY6_3RD_WORLDTOUR #DAY6inJAKARTA #DAY6inJKT #DAY6_FOREVER_YOUNG_Indonesia #DAY6_FOREVER_YOUNG_Jakarta #YoungK #영케이 https://t.co/mcaQv0SIW2,1.8503510344741E+018,2024-10-27 01:37:19+00:00,DeisikseuJombie,1.65126395358937E+018,in,,0,0,0,0,https://x.com/DeisikseuJombie/status/1850351034474115284,,0,DeisikseuJombie,
she smiled... momen ketika wonpil genit sama myday cabang selir jkt... 241019 #DAY6_FOREVER_YOUNG_JAKARTA #DAY6inJAKARTA #DAY6 #데이식스 https://t.co/ew4f0dLgCV,1.85041124226939E+018,2024-10-27 05:36:33+00:00,youngkjigae,1.26205041982969E+018,in,,1,0,0,0,https://x.com/youngkjigae/status/1850411242269393226,,0,youngkjigae,
live version-nya how to love tuh gabakal seasyik itu kalo kaga ada adlibs raungannya bapak wkwkwk 241019 #DAY6_FOREVER_YOUNG_JAKARTA #DAY6inJAKARTA #DAY6 #데이식스 https://t.co/xKmpvhKIdt,1.8504192482478E+018,2024-10-27 06:08:22+00:00,youngkjigae,1.26205041982969E+018,in,,1,0,0,0,https://x.com/youngkjigae/status/1850419248247800316,,0,youngkjigae,
Omongannya kepotong sama translator vs Ngetawain translatornya 241019 #YoungK #영케이 #DAY6 #데이식스 #DAY6_FOREVER_YOUNG_Jakarta #DAY6_FOREVER_YOUNG_Indonesia https://t.co/OIwZGyWOMg,1.85042463640589E+018,2024-10-27 06:29:47+00:00,itsjooyeon,1.02180089582088E+018,in,,0,0,0,2,https://x.com/itsjooyeon/status/1850424636405899563,,0,itsjooyeon,
Ga suka cowo gondrong tpi klo dia boleh dibicarakan #DAY6_FOREVER_YOUNG_Indonesia #DAY6 #DAY6_3RD_WORLDTOUR https://t.co/QBAfP8PKLz,1.85043182747719E+018,2024-10-27 06:58:21+00:00,Mell_Maysilia,608900184,in,,0,0,0,0,https://x.com/Mell_Maysilia/status/1850431827477209267,,0,Mell_Maysilia,
detik-detik Sungjin kaget trs salting soalnya warga pada auto teriak pas dia kabjagi gulung lengan baju nya di tengah2 perform #DAY6_FOREVER_YOUNG_Jakarta #DAY6_FOREVER_YOUNG_Indonesia https://t.co/MLrwj2y5RW,1.85043703133338E+018,2024-10-27 07:19:02+00:00,flowerybob,1515919327,in,she/her,6,3,30,156,https://x.com/flowerybob/status/1850437031333384638,,0,flowerybob,
Park sungjin's guitar riff yang sangat menyala (feat doun) 241019 #DAY6_FOREVER_YOUNG_JAKARTA #DAY6inJAKARTA #DAY6 #데이식스 https://t.co/BiQFPDj64n,1.85047611750707E+018,2024-10-27 09:54:21+00:00,youngkjigae,1.26205041982969E+018,in,,1,0,0,0,https://x.com/youngkjigae/status/1850476117507080623,,0,youngkjigae,
setelah pcd baru liat2 lagi semua fancam seseru itu konser desik huhu mau lagi #DAY6 #데이식스 #DAY6_3RD_WORLDTOUR #DAY6_FOREVER_YOUNG_JAKARTA pov dari purple A https://t.co/hINEAlymWi,1.85050245573529E+018,2024-10-27 11:39:00+00:00,lowbatteryn,1.01474432716617E+018,in,,1,0,0,0,https://x.com/lowbatteryn/status/1850502455735291951,,0,lowbatteryn,
Bismillah Day6 next Indonesia tour Semarang masuk list terus konser di Muladi Dome / Stadion Jatidiri https://t.co/XZgCn14FQA,1.85052877822277E+018,2024-10-27 13:23:36+00:00,forloveleeknow,1.3569902514162E+018,in,8키즈,0,0,0,1,https://x.com/forloveleeknow/status/1850528778222788684,,0,forloveleeknow,
guys jangan gini ya kalian gak akan tau tuhan kasih rejeki lewat jalur mana walopun belom pasti tapi semisal ada ujian atau tes yang bentrok sama hari konser plis utamain itu dulu. day6 kesini bisa kapan aja selama masih aktif,1.85053775325321E+018,2024-10-27 13:59:16+00:00,zimzalabimc,8.32271456545369E+017,in,,118,20,80,846,https://x.com/zimzalabimc/status/1850537753253212510,,0,zimzalabimc,
meleleh aka melt down 241019 #DAY6_FOREVER_YOUNG_JAKARTA #DAY6inJAKARTA #DAY6 #데이식스 https://t.co/3auO1MZ7Mk,1.8505595439752E+018,2024-10-27 15:25:51+00:00,youngkjigae,1.26205041982969E+018,in,,1,0,0,0,https://x.com/youngkjigae/status/1850559543975215495,,0,youngkjigae,
barae barae barae kamu tetep kesayanganku sampe kapanpun 241019 #DAY6_FOREVER_YOUNG_JAKARTA #DAY6inJAKARTA #DAY6 #데이식스 https://t.co/BGV4EYprlM,1.8505619506753E+018,2024-10-27 15:35:25+00:00,youngkjigae,1.26205041982969E+018,in,,1,0,0,1,https://x.com/youngkjigae/status/1850561950675304878,,0,youngkjigae,
May I be happy? Ni dia nih primadona kite semua HAPPY 241019 #DAY6_FOREVER_YOUNG_JAKARTA #DAY6inJAKARTA #DAY6 #데이식스 https://t.co/EfUMaokvqH,1.85056307365403E+018,2024-10-27 15:39:53+00:00,youngkjigae,1.26205041982969E+018,in,,1,0,1,1,https://x.com/youngkjigae/status/1850563073654034528,,0,youngkjigae,
 My Journey to Meet Day6 3 Cities 4 Shows Bali - Surabaya - Jakarta Kata @day6official kalian harus punya kebahagian masing-masing Dan ini dia kebahagiaanku #DAY6_FOREVER_YOUNG_Bali #DAY6_FOREVER_YOUNG_Surabaya #DAY6_FOREVER_YOUNG_Jakarta #DAY6_FOREVER_YOUNG_Indonesia https://t.co/ya4DtZyGIo,1.8505836445215E+018,2024-10-27 17:01:37+00:00,Caramelowfat,1.04408811794521E+018,in,,0,0,2,33,https://x.com/Caramelowfat/status/1850583644521517107,day6official,1,Caramelowfat,day6official
 : Bu kayaknya aku jadi suka Band Korea deh (Sambil nonton Vid konser nya day6). : Mana sini liat. Emang itu beneran band? : Lah ini liat mereka sambil mainin alat musik kan. : Oh siapa tau kayak di indonesia gitu ada dangdut. ,1.85067598052608E+018,2024-10-27 23:08:32+00:00,napilwxn04,1.34368176618425E+018,in,,0,0,0,0,https://x.com/napilwxn04/status/1850675980526080138,,0,napilwxn04,
Mau flashback ! Day6 mengungkapkan bahwa mereka mikirin nadaa part mana yg cocok di nyanyiin sama bagian cewek dan bagian cowok. Terus IU bilang : atas kerja keras day6 maka lahirlah paduan suara yang hebat itu Paduan suara = nyanyian myday di tiap performance/konser day6 https://t.co/j5iFo9nV59,1.85073806058737E+018,2024-10-28 03:15:13+00:00,niellsszz_,1.69715139258104E+018,in,,36,11,298,910,https://x.com/niellsszz_/status/1850738060587385267,,0,niellsszz_,
241016 Monster in Surabaya wonpil + youngk + sungjin harmonization terus endingnya drumnya dowoon bikin merinding #DAY6 #DAY6inSBY #DAY6inSurabaya #DAY6_FOREVER_YOUNG_Surabaya https://t.co/RiEH0cItoO,1.8508710236774E+018,2024-10-28 12:03:34+00:00,brisshful,1.57458329360098E+018,in,,1,1,3,12,https://x.com/brisshful/status/1850871023677403348,,0,brisshful,
Sudah H+15 tapi masih pcd sama #DAY6_FOREVER_YOUNG_Bali #ForeverYoungwithMDCI #DAY6_MAIN_KE_INDONESIA @MydayCrewINA @day6official @selfietimeid https://t.co/Snrl394JMr,1.8509225014357E+018,2024-10-28 15:28:07+00:00,Nururu_yui,9.83969330252529E+017,in,00z,0,0,1,2,https://x.com/Nururu_yui/status/1850922501435715826,"MydayCrewINA,day6official,selfietimeid",3,Nururu_yui,MydayCrewINA
Hiii yang mau cetak polaroid foto kalian pas di konser day6 bisa banget yaa. Kalian bisa CO via oren gratong loh Yuk yg berminat bisa langsung co di link https://t.co/aO6CjzQlO8 #DAY6_3RD_WORLDTOUR #DAY6inJakarta #DAY6_FOREVER_YOUNG_INDONESIA #DAY6Concert #CetakPolaroid https://t.co/n6PhzVKHuJ,1.85093490859803E+018,2024-10-28 16:17:25+00:00,auliaaffii,1.66061640381956E+018,in,,0,0,3,2,https://x.com/auliaaffii/status/1850934908598030512,,0,auliaaffii,
Aku mau share video konser #DAY6inBALI pake hp kentangku (samsungm22) dari sudut kiri yellow A mohon maaf kalau hasilnya rada burik #DAY6_FOREVER_YOUNG_BALI #DAY6_3RD_WORLDTOUR #SUNGJIN #YOUNGK #WONPIL #DOWOON https://t.co/F1AYDu414x,1.8511469174447E+018,2024-10-29 06:19:52+00:00,lidya_wintari,310679932,in,"Bali, Indonesia",0,4,0,0,https://x.com/lidya_wintari/status/1851146917444718767,,0,lidya_wintari,
Macam-macam Wonpil GGS coded (Gemeec Genit Sayaaang ) #DAY6inJakarta #DAY6inJKT #데이식스 #DAY6_FOREVER_YOUNG_Jakarta #DAY6_3RD_WORLDTOUR #DAY6 https://t.co/twV0UZMFTF,1.85116990684025E+018,2024-10-29 07:51:13+00:00,greywinterkwp,520236322,in,"Bandung, Indonesia",0,4,0,13,https://x.com/greywinterkwp/status/1851169906840256618,,0,greywinterkwp,
gakkai wa bwa (1) kameramen tidak selamat #DAY6inJakarta #DAY6inJKT #데이식스 #DAY6_FOREVER_YOUNG_Jakarta #DAY6_3RD_WORLDTOUR #DAY6 #WONPIL https://t.co/vVXTtLWH0k,1.85117488332319E+018,2024-10-29 08:11:00+00:00,greywinterkwp,520236322,in,"Bandung, Indonesia",0,1,0,3,https://x.com/greywinterkwp/status/1851174883323195634,,0,greywinterkwp,
Wonpil gamau babay #DAY6inJakarta #DAY6inJKT #데이식스 #DAY6_FOREVER_YOUNG_Jakarta #DAY6_3RD_WORLDTOUR #DAY6 #Wonpil https://t.co/4Qlu94036h,1.85120276023631E+018,2024-10-29 10:01:46+00:00,greywinterkwp,520236322,in,"Bandung, Indonesia",1,1,0,0,https://x.com/greywinterkwp/status/1851202760236318950,,0,greywinterkwp,
Bukan fancam apa apa cuma Ayangke lagi minum #day6injakarta #foreveryounginjkt #DAY6_Forever_Young_Indonesia #DAY6_Forever_Young_Jakarta #DAY6_3RD_WORLDTOUR #youngk https://t.co/nlPoaJK2qv,1.85123526744705E+018,2024-10-29 12:10:56+00:00,BBUUNNAA,130347714,in,김선호 & 영케이’s donut dimple,0,0,0,1,https://x.com/BBUUNNAA/status/1851235267447066658,,0,BBUUNNAA,
Permisi mau mengunggah video-video yang saya rekam saat (((menghadiri))) @day6official Forever Young Surabaya buat kenang-kenangan~~ -utas #DAY6_3RD_WORLDTOUR #DAY6_FOREVER_YOUNG_SURABAYA https://t.co/AWodWEwSee,1.85129058855519E+018,2024-10-29 15:50:46+00:00,cilulul_,996395960,in,,4,1,5,66,https://x.com/cilulul_/status/1851290588555198903,day6official,1,cilulul_,day6official
lu asik bang @/yongk #DAY6_3RD_WORLDTOUR #DAY6_FOREVER_YOUNG_SURABAYA https://t.co/WugJzjzCxq,1.85129643047408E+018,2024-10-29 16:13:59+00:00,cilulul_,996395960,in,,0,1,0,1,https://x.com/cilulul_/status/1851296430474084448,,0,cilulul_,
Time of Our Life mon maap senyumnya youngk setelah ngomong say what? #DAY6_3RD_WORLDTOUR #DAY6_FOREVER_YOUNG_SURABAYA https://t.co/7OKl4QpyUB,1.85129867362559E+018,2024-10-29 16:22:53+00:00,cilulul_,996395960,in,,0,1,0,2,https://x.com/cilulul_/status/1851298673625592015,,0,cilulul_,
@niellsszz_ ijin ikutan thank you GA nya ini photo ku kmrn pas ntn cmn bright jd putih bismillah semoga 2025 DAY6 encore di indonesia arena semoga day6 dan my day sehat2 dan bahagia ya dan my day yg belom rejeki ntn konser kmrn semoga next mereka ke sini lg bs ntn brg brg ya https://t.co/xkuhSmpxxF,1.85134497172892E+018,2024-10-29 19:26:52+00:00,hyunxxhyun,489985873,in,nowhere,1,0,0,0,https://x.com/hyunxxhyun/status/1851344971728928987,niellsszz_,1,hyunxxhyun,niellsszz_
Ngomongin day6 aku perhatiin pamor mereka naik drastis dimana mana di cariin konser-festival sold out tapi ga sejalan sama kenaikan followers akun sosmed mereka (kecuali engagement). Kayak semua orang murni nungguin masterpiece mereka ,1.8514074099418E+018,2024-10-29 23:34:58+00:00,chickdounfeel,1.29155522236442E+018,in,YOUNG ONE 💞,63,11,280,1590,https://x.com/chickdounfeel/status/1851407409941811409,,0,chickdounfeel,
jadi inget pas di BCIS semuanya sing along sambil nunggu konser dimulai pas Still There satu venue kenceng banget nyanyi part jamsiman jebal jebal gaji mara jwo jebal jebal nal saranghae jwo beneran nyanyinya buat DAY6 pake hati https://t.co/l42iM4kxoG,1.85151432542253E+018,2024-10-30 06:39:49+00:00,mrsjungchanwoo,7.7245510710756E+017,in,BrianKang YoungK KangYounghyun,54,1,231,1104,https://x.com/mrsjungchanwoo/status/1851514325422535049,,0,mrsjungchanwoo,
You Were Beautiful inilah lagu yang sampe temen-temen kantor pada hapal #DAY6_3RD_WORLDTOUR #DAY6_FOREVER_YOUNG_SURABAYA https://t.co/wWkb89lKRg,1.85161245506944E+018,2024-10-30 13:09:45+00:00,cilulul_,996395960,in,,0,1,0,0,https://x.com/cilulul_/status/1851612455069442192,,0,cilulul_,
241016 DAY6 FOREVER YOUNG SURABAYA - healer dowoon focused bonus bapak sungjin dikit² #DAY6_3RD_WORLDTOUR #DAY6_FOREVER_YOUNG_SURABAYA https://t.co/gqNio7r6hD,1.85161804768733E+018,2024-10-30 13:31:58+00:00,sugarkookiexx,1010782310,in,,0,0,0,2,https://x.com/sugarkookiexx/status/1851618047687331900,,0,sugarkookiexx,
Congratulations dulu w kepincut sungjin grgr siganeul gajija nya dia di video gravity concert (maafkan suara falesku) #DAY6_3RD_WORLDTOUR #DAY6_FOREVER_YOUNG_SURABAYA https://t.co/JkA0gZ9zrh,1.85162664261316E+018,2024-10-30 14:06:07+00:00,cilulul_,996395960,in,,0,1,0,0,https://x.com/cilulul_/status/1851626642613174455,,0,cilulul_,
pertama denger lagu ini kirain liriknya tuh i dont give a f*ck #DAY6_3RD_WORLDTOUR #DAY6_FOREVER_YOUNG_SURABAYA https://t.co/VUAxdHkymE,1.85162815461775E+018,2024-10-30 14:12:08+00:00,cilulul_,996395960,in,,0,1,0,0,https://x.com/cilulul_/status/1851628154617750015,,0,cilulul_,
Love Me or Leave Me lagu yang awalnya bukan selera aku tapi terus jadi suka grgr live performnya di The Present 2023 + dicover lee know strekit hehe #DAY6_3RD_WORLDTOUR #DAY6_FOREVER_YOUNG_SURABAYA https://t.co/RN0Sh2R7k5,1.85163042229344E+018,2024-10-30 14:21:08+00:00,cilulul_,996395960,in,,0,1,0,0,https://x.com/cilulul_/status/1851630422293446969,,0,cilulul_,
Shoot Me menurutku ini adala lagu (((PERLAWANAN))) wkwkw hoho akhirnya bisa menyaksikan LIVE drum dowoon dan guitar riff nya sungjin di outro shoot me #DAY6_3RD_WORLDTOUR #DAY6_FOREVER_YOUNG_SURABAYA https://t.co/YciVW8xl4r,1.85163799915264E+018,2024-10-30 14:51:15+00:00,cilulul_,996395960,in,,0,1,0,1,https://x.com/cilulul_/status/1851637999152640323,,0,cilulul_,
ME : SUNGJIN GANTENG BGT ANJIR : Emang dia ngapain? ME : Gulung lengan baju doang #day6injakarta #foreveryounginjkt #DAY6_Forever_Young_Indonesia #DAY6_Forever_Young_Jakarta #DAY6_3RD_WORLDTOUR #sungjin https://t.co/MJAGCNw81H,1.85163888460371E+018,2024-10-30 14:54:46+00:00,BBUUNNAA,130347714,in,김선호 & 영케이’s donut dimple,0,0,0,5,https://x.com/BBUUNNAA/status/1851638884603728181,,0,BBUUNNAA,
Suka banget SungBri disini anjrit tatapan nyamain nada langsung jadi tau lagu yang dimaksud cuma dari tatapan #day6injakarta #foreveryounginjkt #DAY6_Forever_Young_Indonesia #DAY6_Forever_Young_Jakarta #DAY6_3RD_WORLDTOUR #youngk #sungjin #wonpil #dowoon https://t.co/NjD1DVfPUi,1.85163955739108E+018,2024-10-30 14:57:26+00:00,BBUUNNAA,130347714,in,김선호 & 영케이’s donut dimple,0,0,0,2,https://x.com/BBUUNNAA/status/1851639557391090135,,0,BBUUNNAA,
Monster suka banget sama harmonisasi vokal nya #DAY6_3RD_WORLDTOUR #DAY6_FOREVER_YOUNG_SURABAYA https://t.co/8h8oLquLHY,1.85164045126848E+018,2024-10-30 15:01:00+00:00,cilulul_,996395960,in,,0,1,0,0,https://x.com/cilulul_/status/1851640451268481066,,0,cilulul_,
Zombie sesungguhnya di momen ini aer mataku mengalir wkwk #DAY6_3RD_WORLDTOUR #DAY6_FOREVER_YOUNG_SURABAYA https://t.co/eoEsgK73Di,1.85164153692633E+018,2024-10-30 15:05:18+00:00,cilulul_,996395960,in,,0,1,0,0,https://x.com/cilulul_/status/1851641536926339321,,0,cilulul_,
DAY6 - Ment lagi #day6injakarta #foreveryounginjkt #DAY6_Forever_Young_Indonesia #DAY6_Forever_Young_Jakarta #DAY6_3RD_WORLDTOUR #youngk #sungjin #wonpil #dowoon https://t.co/NhXYxdZHvv,1.85164294621676E+018,2024-10-30 15:10:54+00:00,BBUUNNAA,130347714,en,김선호 & 영케이’s donut dimple,0,0,0,1,https://x.com/BBUUNNAA/status/1851642946216767524,,0,BBUUNNAA,
DAY6 - DANCE DANCE FANCAM FAV AKUUUUUUUU #day6injakarta #foreveryounginjkt #DAY6_Forever_Young_Indonesia #DAY6_Forever_Young_Jakarta #DAY6_3RD_WORLDTOUR #youngk #sungjin #wonpil #dowoon https://t.co/FhSZAF3LlW,1.85164359794029E+018,2024-10-30 15:13:30+00:00,BBUUNNAA,130347714,in,김선호 & 영케이’s donut dimple,1,0,0,4,https://x.com/BBUUNNAA/status/1851643597940297981,,0,BBUUNNAA,
Melt Down aahhhh boleh gak sih balik ke dua minggu yang lalu #DAY6_3RD_WORLDTOUR #DAY6_FOREVER_YOUNG_SURABAYA https://t.co/pap5G1TMPw,1.85164362522005E+018,2024-10-30 15:13:36+00:00,cilulul_,996395960,in,,0,1,0,0,https://x.com/cilulul_/status/1851643625220063719,,0,cilulul_,
Happy (versi ada suaraku falesku ) #DAY6_3RD_WORLDTOUR #DAY6_FOREVER_YOUNG_SURABAYA https://t.co/8WYz4CzFcj,1.85164512740576E+018,2024-10-30 15:19:34+00:00,cilulul_,996395960,in,,0,1,0,0,https://x.com/cilulul_/status/1851645127405760868,,0,cilulul_,
Happy (lagi) udah nggak ada suara falesku tapi sebenernya ini sebenernya banjer air mata dan ingus #DAY6_3RD_WORLDTOUR #DAY6_FOREVER_YOUNG_SURABAYA https://t.co/OSGOQHxwHF,1.8516458729727E+018,2024-10-30 15:22:32+00:00,cilulul_,996395960,in,,0,1,0,0,https://x.com/cilulul_/status/1851645872972714395,,0,cilulul_,
Teriak bareng Day6 (Tp aku ga teriak sakit tenggorokan) #day6injakarta #foreveryounginjkt #DAY6_Forever_Young_Indonesia #DAY6_Forever_Young_Jakarta #DAY6_3RD_WORLDTOUR #youngk #sungjin #wonpil #dowoon https://t.co/96GL2T1WzA,1.85164778826386E+018,2024-10-30 15:30:09+00:00,BBUUNNAA,130347714,in,김선호 & 영케이’s donut dimple,0,0,0,2,https://x.com/BBUUNNAA/status/1851647788263874562,,0,BBUUNNAA,
Dance Dance emang ya sing yongke yongke itu tindak tanduknya sangat mencuri perhatian #DAY6_3RD_WORLDTOUR #DAY6_FOREVER_YOUNG_SURABAYA https://t.co/SLmSJuc1Dx,1.85164909079242E+018,2024-10-30 15:35:19+00:00,cilulul_,996395960,in,,0,1,0,0,https://x.com/cilulul_/status/1851649090792427644,,0,cilulul_,
My Day cita cita menyaksikan sungjin secara langsung akhirnya tercapai #DAY6_3RD_WORLDTOUR #DAY6_FOREVER_YOUNG_SURABAYA https://t.co/SDyo0BQChd,1.85165284927041E+018,2024-10-30 15:50:15+00:00,cilulul_,996395960,in,,0,1,0,0,https://x.com/cilulul_/status/1851652849270424062,,0,cilulul_,
My Day sungjin nyangga gitar nganggo sikil #DAY6_3RD_WORLDTOUR #DAY6_FOREVER_YOUNG_SURABAYA https://t.co/CbUmpkYqwX,1.85165354917396E+018,2024-10-30 15:53:02+00:00,cilulul_,996395960,tl,,0,1,0,0,https://x.com/cilulul_/status/1851653549173977523,,0,cilulul_,
Othersnya kan rame-rame tuh berarti Indonesia top 3 dong. Day6 aja tiga kota coy yakali Jakarta doang mana sekali? KONSER DI BALI LETS GOOOOOOOOO,1.85165795777755E+018,2024-10-30 16:10:33+00:00,chikinmeokgo,1.3656276139312E+018,in,,0,0,0,0,https://x.com/chikinmeokgo/status/1851657957777555562,,0,chikinmeokgo,
Welcome to the SHOW (besok belajar bikin transisi dari nonton lewat layar terus SHOW! video ini wkwk) #DAY6_3RD_WORLDTOUR #DAY6_FOREVER_YOUNG_SURABAYA https://t.co/77CyEjX7ru,1.85165898832637E+018,2024-10-30 16:14:39+00:00,cilulul_,996395960,in,,0,0,0,0,https://x.com/cilulul_/status/1851658988326375588,,0,cilulul_,
Kalo Day6 konser Encore ke Indonesia bakalan Gw cetak beneran keknya ini,1.85193392192949E+018,2024-10-31 10:27:08+00:00,Dear6__,3230473074,in,DJB-PEK-KOR,0,0,0,3,https://x.com/Dear6__/status/1851933921929506983,,0,Dear6__,
Day6 concert in Jakarta Fancam S23 Ultra Johayo Shop #DAY6_3RD_WORLDTOUR #DAY6_Forever_Young_Jakarta #DAY6inJAKARTA https://t.co/YvCYW0McjS,1.85196078117856E+018,2024-10-31 12:13:52+00:00,johayo_shop,1.80028303318837E+018,in,,0,1,0,0,https://x.com/johayo_shop/status/1851960781178572970,,0,johayo_shop,
Potrek bersama banner bulan ini First time nonton acara mng dan konser bisa bisanya langsung berjejer acara di Oktober ini (minus acara di TP karena gada tiket kereta dan udah keabisan dana) bolak balik dawar sby haha #sandyourheart #timsekop #DAY6_FOREVER_YOUNG_SURABAYA https://t.co/7kzww8DVPA,1.8520066127536E+018,2024-10-31 15:15:59+00:00,ocyeju,1.30044457230509E+018,in,,1,1,0,15,https://x.com/ocyeju/status/1852006612753617411,,0,ocyeju,
