Y True,KNN3,KNN5,KNN7,KNN8,KNN9,KNN10,SVM1,SVM2,SVM3,SVM4,SVM5,SVM6,Voting
Positive,Negative,Negative,Negative,Negative,Negative,Negative,Positive,Positive,Positive,Negative,Positive,Negative,Positive
Positive,Positive,Positive,Positive,Positive,Positive,Positive,Positive,Positive,Positive,Positive,Positive,Negative,Positive
Negative,Negative,Negative,Negative,Negative,Negative,Negative,Positive,Negative,Negative,Negative,Negative,Negative,Negative
Negative,Positive,Negative,Negative,Negative,Negative,Negative,Positive,Positive,Negative,Negative,Negative,Negative,Negative
Positive,Negative,Negative,Negative,Negative,Negative,Negative,Positive,Negative,Positive,Positive,Positive,Positive,Positive
Negative,Positive,Positive,Positive,Positive,Positive,Positive,Positive,Positive,Positive,Positive,Positive,Positive,Positive
Positive,Positive,Positive,Positive,Positive,Positive,Positive,Positive,Positive,Positive,Positive,Positive,Positive,Positive
Positive,Positive,Positive,Positive,Positive,Positive,Positive,Positive,Positive,Positive,Positive,Positive,Positive,Positive
Negative,Positive,Positive,Negative,Negative,Negative,Negative,Positive,Positive,Positive,Positive,Positive,Positive,Positive
Positive,Negative,Negative,Negative,Negative,Negative,Negative,Positive,Negative,Positive,Positive,Positive,Positive,Positive
Negative,Positive,Positive,Positive,Positive,Positive,Negative,Positive,Positive,Negative,Positive,Negative,Positive,Positive
Negative,Negative,Negative,Negative,Negative,Negative,Negative,Positive,Positive,Positive,Negative,Negative,Negative,Negative
Negative,Negative,Negative,Negative,Negative,Negative,Negative,Positive,Negative,Negative,Negative,Negative,Negative,Negative
Positive,Positive,Positive,Positive,Positive,Positive,Positive,Positive,Positive,Positive,Positive,Positive,Positive,Positive
Positive,Positive,Positive,Positive,Positive,Positive,Positive,Positive,Positive,Positive,Positive,Positive,Positive,Positive
Negative,Positive,Negative,Negative,Negative,Negative,Negative,Positive,Negative,Negative,Negative,Negative,Negative,Negative
Positive,Positive,Positive,Positive,Positive,Positive,Positive,Positive,Positive,Positive,Negative,Positive,Negative,Positive
Positive,Positive,Negative,Positive,Positive,Positive,Negative,Positive,Negative,Negative,Negative,Negative,Negative,Negative
Negative,Negative,Negative,Negative,Negative,Negative,Negative,Positive,Negative,Negative,Negative,Negative,Negative,Negative
Negative,Negative,Negative,Negative,Negative,Negative,Negative,Positive,Negative,Negative,Negative,Negative,Negative,Negative
Positive,Positive,Positive,Positive,Positive,Positive,Positive,Positive,Positive,Positive,Positive,Positive,Positive,Positive
Positive,Negative,Positive,Positive,Positive,Positive,Positive,Positive,Positive,Negative,Negative,Negative,Negative,Negative
Positive,Positive,Positive,Positive,Positive,Positive,Positive,Positive,Positive,Positive,Positive,Positive,Positive,Positive
Positive,Positive,Positive,Positive,Positive,Positive,Positive,Positive,Positive,Positive,Positive,Positive,Positive,Positive
Positive,Positive,Positive,Positive,Positive,Positive,Positive,Positive,Positive,Positive,Positive,Positive,Positive,Positive
Negative,Negative,Negative,Negative,Negative,Negative,Negative,Positive,Positive,Negative,Negative,Negative,Negative,Negative
Negative,Negative,Negative,Negative,Negative,Negative,Negative,Positive,Negative,Negative,Negative,Negative,Negative,Negative
Negative,Negative,Negative,Negative,Negative,Negative,Negative,Positive,Positive,Negative,Negative,Negative,Negative,Negative
Negative,Positive,Positive,Positive,Positive,Positive,Positive,Positive,Positive,Positive,Positive,Positive,Positive,Positive
Positive,Negative,Positive,Negative,Negative,Negative,Negative,Positive,Positive,Negative,Negative,Negative,Negative,Negative
Negative,Negative,Negative,Negative,Negative,Negative,Negative,Positive,Positive,Negative,Negative,Negative,Negative,Negative
Positive,Negative,Positive,Positive,Positive,Positive,Positive,Positive,Positive,Positive,Positive,Positive,Positive,Positive
Negative,Positive,Positive,Positive,Positive,Positive,Positive,Positive,Positive,Negative,Negative,Negative,Negative,Negative
Negative,Negative,Negative,Negative,Negative,Negative,Negative,Positive,Negative,Negative,Negative,Negative,Negative,Negative
Positive,Positive,Positive,Positive,Positive,Positive,Positive,Positive,Positive,Positive,Positive,Positive,Positive,Positive
Positive,Positive,Positive,Positive,Positive,Positive,Positive,Positive,Positive,Positive,Positive,Positive,Positive,Positive
Negative,Positive,Positive,Positive,Positive,Positive,Positive,Positive,Positive,Positive,Positive,Positive,Positive,Positive
Negative,Negative,Negative,Negative,Negative,Negative,Negative,Positive,Negative,Negative,Negative,Negative,Negative,Negative
Negative,Negative,Negative,Negative,Negative,Negative,Negative,Positive,Positive,Negative,Negative,Negative,Negative,Negative
Positive,Positive,Positive,Positive,Positive,Positive,Positive,Positive,Negative,Negative,Negative,Negative,Negative,Negative
Positive,Positive,Positive,Positive,Positive,Positive,Positive,Positive,Positive,Positive,Positive,Positive,Positive,Positive
Positive,Negative,Negative,Negative,Negative,Negative,Negative,Positive,Positive,Positive,Positive,Positive,Positive,Positive
Positive,Positive,Positive,Positive,Positive,Positive,Positive,Positive,Positive,Positive,Positive,Positive,Positive,Positive
Positive,Positive,Positive,Positive,Positive,Positive,Positive,Positive,Positive,Positive,Positive,Positive,Positive,Positive
Negative,Negative,Negative,Negative,Negative,Negative,Negative,Positive,Negative,Negative,Negative,Negative,Negative,Negative
Positive,Positive,Positive,Positive,Positive,Positive,Positive,Positive,Positive,Positive,Positive,Positive,Positive,Positive
Negative,Negative,Negative,Negative,Negative,Negative,Negative,Positive,Negative,Negative,Negative,Negative,Negative,Negative
Negative,Negative,Negative,Negative,Negative,Negative,Negative,Positive,Positive,Positive,Positive,Positive,Positive,Positive
Positive,Positive,Positive,Positive,Positive,Positive,Positive,Positive,Positive,Positive,Positive,Positive,Positive,Positive
Positive,Positive,Positive,Positive,Positive,Positive,Positive,Positive,Positive,Positive,Positive,Positive,Positive,Positive
Negative,Negative,Negative,Negative,Negative,Negative,Negative,Positive,Negative,Negative,Negative,Negative,Negative,Negative
Positive,Negative,Negative,Negative,Negative,Negative,Negative,Positive,Negative,Positive,Positive,Positive,Positive,Positive
Negative,Negative,Negative,Negative,Negative,Negative,Negative,Positive,Positive,Negative,Negative,Negative,Negative,Negative
Negative,Positive,Negative,Positive,Negative,Positive,Positive,Positive,Positive,Positive,Positive,Positive,Positive,Positive
Negative,Negative,Negative,Negative,Negative,Negative,Negative,Positive,Negative,Negative,Negative,Negative,Negative,Negative
Negative,Positive,Positive,Positive,Negative,Positive,Positive,Positive,Positive,Positive,Positive,Positive,Positive,Positive
Positive,Positive,Positive,Positive,Positive,Positive,Positive,Positive,Positive,Positive,Positive,Positive,Positive,Positive
Negative,Positive,Positive,Positive,Positive,Positive,Positive,Positive,Positive,Positive,Positive,Positive,Positive,Positive
Negative,Negative,Negative,Negative,Negative,Negative,Negative,Positive,Positive,Negative,Negative,Negative,Negative,Negative
Positive,Positive,Positive,Positive,Positive,Positive,Positive,Positive,Positive,Positive,Positive,Positive,Positive,Positive
Negative,Negative,Negative,Negative,Negative,Positive,Negative,Positive,Positive,Negative,Negative,Negative,Negative,Negative
Positive,Positive,Positive,Positive,Positive,Positive,Positive,Positive,Positive,Positive,Positive,Positive,Positive,Positive
Positive,Positive,Positive,Positive,Negative,Negative,Negative,Positive,Positive,Positive,Positive,Positive,Positive,Positive
Positive,Positive,Positive,Positive,Positive,Positive,Positive,Positive,Positive,Positive,Positive,Positive,Positive,Positive
Negative,Negative,Negative,Negative,Negative,Positive,Positive,Positive,Positive,Positive,Positive,Positive,Positive,Positive
Positive,Negative,Negative,Negative,Negative,Positive,Negative,Positive,Positive,Positive,Positive,Positive,Positive,Positive
Negative,Negative,Positive,Negative,Negative,Negative,Negative,Positive,Negative,Negative,Negative,Negative,Negative,Negative
Positive,Positive,Positive,Positive,Positive,Positive,Positive,Positive,Positive,Positive,Positive,Positive,Positive,Positive
Negative,Positive,Positive,Negative,Negative,Positive,Positive,Positive,Positive,Positive,Positive,Positive,Positive,Positive
Negative,Positive,Positive,Positive,Positive,Positive,Positive,Positive,Negative,Negative,Positive,Negative,Positive,Negative
Positive,Negative,Negative,Negative,Negative,Negative,Negative,Positive,Positive,Positive,Negative,Positive,Negative,Positive
Positive,Positive,Positive,Positive,Positive,Positive,Positive,Positive,Positive,Positive,Positive,Positive,Positive,Positive
Negative,Negative,Negative,Negative,Negative,Negative,Negative,Positive,Positive,Positive,Positive,Positive,Positive,Positive
Positive,Positive,Positive,Positive,Positive,Positive,Positive,Positive,Positive,Positive,Negative,Positive,Negative,Positive
Negative,Negative,Negative,Negative,Negative,Negative,Negative,Positive,Positive,Negative,Negative,Negative,Negative,Negative
Negative,Negative,Negative,Negative,Negative,Negative,Negative,Positive,Negative,Negative,Negative,Negative,Negative,Negative
Positive,Negative,Positive,Negative,Negative,Negative,Negative,Positive,Negative,Negative,Negative,Negative,Negative,Negative
Negative,Negative,Negative,Negative,Negative,Negative,Negative,Positive,Negative,Negative,Negative,Negative,Negative,Negative
Negative,Negative,Negative,Negative,Negative,Negative,Negative,Positive,Positive,Positive,Positive,Positive,Positive,Positive
Negative,Negative,Negative,Negative,Negative,Negative,Negative,Positive,Positive,Negative,Positive,Negative,Positive,Positive
Positive,Positive,Positive,Positive,Positive,Positive,Positive,Positive,Positive,Positive,Positive,Positive,Positive,Positive
Positive,Negative,Negative,Negative,Negative,Negative,Negative,Positive,Positive,Positive,Positive,Positive,Negative,Positive
Negative,Negative,Negative,Negative,Negative,Negative,Negative,Positive,Positive,Negative,Negative,Negative,Negative,Negative
Positive,Positive,Positive,Positive,Positive,Positive,Positive,Positive,Positive,Positive,Positive,Positive,Positive,Positive
Negative,Negative,Negative,Positive,Positive,Positive,Positive,Positive,Positive,Positive,Negative,Positive,Negative,Positive
Positive,Negative,Negative,Positive,Negative,Negative,Negative,Positive,Positive,Negative,Negative,Positive,Negative,Negative
Negative,Negative,Negative,Positive,Negative,Positive,Negative,Positive,Positive,Negative,Negative,Negative,Negative,Negative
Positive,Negative,Positive,Negative,Negative,Negative,Negative,Positive,Positive,Positive,Positive,Positive,Positive,Positive
Negative,Negative,Negative,Negative,Negative,Negative,Negative,Positive,Negative,Negative,Negative,Negative,Negative,Negative
Negative,Negative,Negative,Negative,Negative,Negative,Negative,Positive,Negative,Negative,Negative,Negative,Negative,Negative
Positive,Positive,Positive,Positive,Positive,Positive,Positive,Positive,Positive,Positive,Positive,Positive,Positive,Positive
Positive,Positive,Positive,Positive,Positive,Positive,Positive,Positive,Positive,Positive,Positive,Positive,Positive,Positive
Positive,Positive,Positive,Positive,Positive,Positive,Positive,Positive,Positive,Positive,Positive,Positive,Positive,Positive
Negative,Negative,Negative,Negative,Negative,Negative,Negative,Positive,Negative,Negative,Negative,Negative,Negative,Negative
Positive,Positive,Positive,Positive,Negative,Negative,Negative,Positive,Positive,Negative,Positive,Negative,Positive,Positive
Positive,Positive,Positive,Positive,Positive,Positive,Positive,Positive,Positive,Positive,Positive,Positive,Positive,Positive
Negative,Negative,Negative,Negative,Negative,Negative,Negative,Positive,Positive,Negative,Negative,Negative,Negative,Negative
Positive,Positive,Positive,Positive,Positive,Positive,Positive,Positive,Positive,Positive,Positive,Positive,Positive,Positive
Positive,Negative,Negative,Negative,Negative,Negative,Negative,Positive,Positive,Positive,Positive,Positive,Positive,Positive
Negative,Positive,Positive,Positive,Positive,Positive,Positive,Positive,Positive,Positive,Negative,Positive,Negative,Positive
Negative,Negative,Negative,Negative,Negative,Negative,Negative,Positive,Negative,Negative,Negative,Negative,Negative,Negative
Positive,Negative,Negative,Negative,Negative,Negative,Negative,Positive,Negative,Negative,Negative,Negative,Negative,Negative
Negative,Negative,Positive,Positive,Positive,Positive,Positive,Positive,Positive,Negative,Negative,Negative,Negative,Negative
Positive,Positive,Positive,Positive,Positive,Positive,Positive,Positive,Positive,Negative,Negative,Negative,Negative,Negative
Positive,Positive,Positive,Positive,Positive,Positive,Positive,Positive,Positive,Positive,Positive,Positive,Positive,Positive
Positive,Positive,Positive,Positive,Positive,Positive,Positive,Positive,Positive,Positive,Positive,Positive,Positive,Positive
Negative,Negative,Negative,Positive,Negative,Negative,Negative,Positive,Positive,Negative,Negative,Negative,Negative,Negative
Positive,Negative,Negative,Negative,Negative,Negative,Negative,Positive,Positive,Positive,Positive,Positive,Positive,Positive
Positive,Positive,Positive,Positive,Negative,Positive,Negative,Positive,Positive,Negative,Negative,Negative,Negative,Negative
Positive,Positive,Positive,Positive,Positive,Positive,Positive,Positive,Positive,Positive,Positive,Positive,Positive,Positive
Negative,Positive,Negative,Negative,Negative,Negative,Negative,Positive,Positive,Negative,Negative,Negative,Negative,Negative
Positive,Positive,Positive,Positive,Positive,Positive,Positive,Positive,Positive,Positive,Positive,Positive,Positive,Positive
Negative,Negative,Negative,Negative,Negative,Negative,Negative,Positive,Positive,Negative,Negative,Negative,Negative,Negative
Positive,Positive,Positive,Positive,Positive,Positive,Positive,Positive,Positive,Positive,Positive,Positive,Positive,Positive
Positive,Negative,Negative,Negative,Negative,Negative,Negative,Positive,Positive,Negative,Positive,Negative,Positive,Positive
Negative,Negative,Negative,Negative,Negative,Negative,Negative,Positive,Negative,Negative,Negative,Negative,Negative,Negative
Negative,Negative,Negative,Positive,Positive,Positive,Positive,Positive,Positive,Positive,Positive,Positive,Positive,Positive
Positive,Positive,Positive,Positive,Positive,Positive,Positive,Positive,Positive,Positive,Positive,Positive,Positive,Positive
Positive,Positive,Positive,Positive,Positive,Positive,Positive,Positive,Positive,Positive,Positive,Positive,Positive,Positive
Positive,Positive,Positive,Positive,Positive,Positive,Negative,Positive,Positive,Positive,Positive,Positive,Positive,Positive
Negative,Positive,Positive,Negative,Negative,Negative,Negative,Positive,Positive,Positive,Negative,Positive,Negative,Positive
Positive,Negative,Negative,Negative,Negative,Negative,Negative,Positive,Positive,Positive,Positive,Positive,Positive,Positive
Positive,Positive,Positive,Positive,Positive,Positive,Positive,Positive,Positive,Positive,Positive,Positive,Positive,Positive
Positive,Positive,Positive,Positive,Negative,Positive,Positive,Positive,Positive,Positive,Positive,Positive,Positive,Positive
Negative,Positive,Positive,Positive,Negative,Positive,Positive,Positive,Positive,Positive,Positive,Positive,Positive,Positive
Positive,Negative,Negative,Negative,Negative,Negative,Negative,Positive,Positive,Positive,Positive,Positive,Positive,Positive
Negative,Negative,Negative,Negative,Negative,Positive,Positive,Positive,Positive,Positive,Positive,Positive,Positive,Positive
Positive,Positive,Negative,Negative,Negative,Negative,Negative,Positive,Positive,Positive,Positive,Positive,Positive,Positive
Negative,Negative,Negative,Negative,Negative,Negative,Negative,Positive,Positive,Positive,Positive,Positive,Positive,Positive
Positive,Positive,Positive,Positive,Positive,Positive,Positive,Positive,Positive,Positive,Positive,Positive,Positive,Positive
Negative,Positive,Negative,Negative,Negative,Positive,Negative,Positive,Positive,Negative,Negative,Negative,Negative,Negative
Negative,Positive,Positive,Positive,Positive,Positive,Positive,Positive,Positive,Positive,Positive,Positive,Negative,Positive
Positive,Positive,Positive,Positive,Positive,Positive,Positive,Positive,Positive,Positive,Positive,Positive,Positive,Positive
Positive,Positive,Positive,Positive,Positive,Positive,Positive,Positive,Positive,Positive,Positive,Positive,Positive,Positive
Positive,Negative,Negative,Negative,Negative,Negative,Negative,Positive,Positive,Positive,Positive,Positive,Positive,Positive
Positive,Positive,Positive,Positive,Positive,Positive,Positive,Positive,Positive,Positive,Positive,Positive,Positive,Positive
Negative,Negative,Negative,Negative,Negative,Negative,Negative,Positive,Negative,Negative,Negative,Negative,Negative,Negative
Positive,Positive,Negative,Negative,Negative,Negative,Negative,Positive,Positive,Positive,Positive,Positive,Positive,Positive
Positive,Positive,Positive,Positive,Positive,Positive,Positive,Positive,Positive,Positive,Positive,Positive,Positive,Positive
Negative,Negative,Negative,Negative,Negative,Negative,Negative,Positive,Negative,Negative,Negative,Negative,Negative,Negative
Positive,Positive,Positive,Positive,Positive,Positive,Positive,Positive,Positive,Positive,Positive,Positive,Positive,Positive
Negative,Negative,Negative,Negative,Negative,Negative,Negative,Positive,Negative,Negative,Negative,Negative,Negative,Negative
Positive,Positive,Positive,Positive,Positive,Positive,Positive,Positive,Positive,Positive,Positive,Positive,Positive,Positive
Positive,Positive,Positive,Positive,Positive,Positive,Positive,Positive,Positive,Positive,Positive,Positive,Positive,Positive
Positive,Negative,Positive,Positive,Positive,Positive,Positive,Positive,Positive,Positive,Positive,Positive,Positive,Positive
Negative,Positive,Positive,Positive,Positive,Positive,Positive,Positive,Positive,Positive,Positive,Positive,Positive,Positive
Positive,Negative,Negative,Negative,Negative,Negative,Negative,Positive,Positive,Positive,Positive,Positive,Positive,Positive
Negative,Positive,Positive,Positive,Positive,Positive,Positive,Positive,Positive,Positive,Negative,Positive,Negative,Positive
Positive,Positive,Positive,Positive,Positive,Positive,Positive,Positive,Positive,Positive,Positive,Positive,Positive,Positive
Negative,Positive,Negative,Negative,Negative,Negative,Negative,Positive,Positive,Negative,Negative,Negative,Negative,Negative
Positive,Positive,Positive,Positive,Positive,Positive,Positive,Positive,Positive,Positive,Positive,Positive,Positive,Positive
Negative,Negative,Negative,Negative,Negative,Negative,Negative,Positive,Positive,Negative,Negative,Negative,Negative,Negative
Negative,Positive,Positive,Positive,Positive,Positive,Positive,Positive,Positive,Positive,Positive,Positive,Positive,Positive
Positive,Positive,Positive,Positive,Positive,Positive,Positive,Positive,Positive,Positive,Positive,Positive,Positive,Positive
Positive,Negative,Negative,Negative,Negative,Negative,Negative,Positive,Positive,Positive,Positive,Positive,Positive,Positive
Negative,Negative,Negative,Positive,Positive,Positive,Positive,Positive,Positive,Positive,Negative,Positive,Negative,Positive
Positive,Positive,Positive,Positive,Positive,Positive,Positive,Positive,Positive,Positive,Positive,Positive,Positive,Positive
Negative,Negative,Negative,Negative,Negative,Negative,Negative,Positive,Positive,Negative,Positive,Negative,Positive,Positive
Positive,Positive,Positive,Positive,Positive,Positive,Positive,Positive,Positive,Negative,Negative,Negative,Negative,Negative
Positive,Negative,Negative,Negative,Negative,Positive,Positive,Positive,Positive,Positive,Positive,Positive,Positive,Positive
Positive,Positive,Positive,Positive,Positive,Positive,Positive,Positive,Positive,Positive,Positive,Positive,Positive,Positive
Positive,Positive,Positive,Positive,Positive,Positive,Positive,Positive,Positive,Negative,Negative,Negative,Negative,Negative
Positive,Negative,Positive,Positive,Positive,Positive,Negative,Positive,Positive,Negative,Negative,Negative,Negative,Negative
Positive,Positive,Positive,Positive,Positive,Positive,Positive,Positive,Positive,Positive,Positive,Positive,Positive,Positive
Negative,Negative,Negative,Negative,Negative,Negative,Negative,Positive,Positive,Positive,Positive,Positive,Negative,Positive
Negative,Negative,Negative,Negative,Negative,Positive,Positive,Positive,Positive,Negative,Negative,Negative,Negative,Negative
Positive,Negative,Negative,Negative,Negative,Negative,Negative,Positive,Negative,Negative,Negative,Negative,Negative,Negative
Positive,Negative,Positive,Negative,Negative,Negative,Negative,Positive,Positive,Positive,Positive,Positive,Positive,Positive
Negative,Negative,Positive,Positive,Positive,Positive,Negative,Positive,Positive,Negative,Negative,Negative,Negative,Negative
Positive,Positive,Positive,Positive,Positive,Positive,Positive,Positive,Positive,Positive,Positive,Positive,Positive,Positive
Positive,Negative,Negative,Negative,Negative,Negative,Negative,Positive,Positive,Positive,Positive,Positive,Positive,Positive
Positive,Negative,Positive,Negative,Negative,Negative,Negative,Positive,Positive,Positive,Positive,Positive,Positive,Positive
Negative,Positive,Positive,Positive,Positive,Positive,Positive,Positive,Positive,Positive,Positive,Positive,Positive,Positive
Positive,Positive,Positive,Positive,Positive,Positive,Positive,Positive,Positive,Positive,Positive,Positive,Positive,Positive
Positive,Negative,Negative,Negative,Negative,Negative,Negative,Positive,Positive,Positive,Positive,Positive,Positive,Positive
Positive,Positive,Positive,Positive,Positive,Positive,Positive,Positive,Positive,Positive,Positive,Positive,Positive,Positive
Negative,Negative,Negative,Negative,Negative,Negative,Negative,Positive,Negative,Negative,Negative,Negative,Negative,Negative
Negative,Positive,Positive,Positive,Positive,Positive,Positive,Positive,Positive,Negative,Negative,Negative,Negative,Negative
Positive,Positive,Positive,Positive,Positive,Positive,Positive,Positive,Positive,Positive,Positive,Positive,Positive,Positive
Positive,Negative,Positive,Positive,Positive,Positive,Positive,Positive,Positive,Positive,Positive,Positive,Positive,Positive
Positive,Positive,Positive,Positive,Positive,Positive,Positive,Positive,Positive,Positive,Positive,Positive,Positive,Positive
Negative,Negative,Negative,Negative,Negative,Negative,Negative,Positive,Negative,Negative,Negative,Negative,Negative,Negative
Positive,Positive,Positive,Positive,Positive,Positive,Positive,Positive,Positive,Positive,Positive,Positive,Positive,Positive
Positive,Positive,Positive,Positive,Positive,Positive,Positive,Positive,Positive,Positive,Positive,Positive,Positive,Positive
Positive,Positive,Positive,Positive,Positive,Positive,Positive,Positive,Positive,Positive,Positive,Positive,Positive,Positive
Positive,Positive,Positive,Positive,Positive,Positive,Positive,Positive,Positive,Positive,Positive,Positive,Positive,Positive
Negative,Negative,Positive,Positive,Positive,Positive,Positive,Positive,Positive,Negative,Negative,Negative,Negative,Negative
Positive,Negative,Negative,Negative,Negative,Negative,Negative,Positive,Positive,Negative,Negative,Negative,Positive,Negative
Negative,Positive,Positive,Positive,Positive,Positive,Positive,Positive,Positive,Positive,Positive,Positive,Positive,Positive
Positive,Positive,Positive,Positive,Positive,Positive,Positive,Positive,Positive,Positive,Positive,Positive,Positive,Positive
Negative,Negative,Negative,Negative,Negative,Positive,Negative,Positive,Positive,Positive,Negative,Positive,Negative,Positive
Negative,Negative,Negative,Negative,Negative,Negative,Negative,Positive,Positive,Positive,Positive,Positive,Positive,Positive
Positive,Positive,Positive,Positive,Positive,Positive,Positive,Positive,Positive,Positive,Positive,Positive,Positive,Positive
Positive,Positive,Positive,Positive,Positive,Positive,Positive,Positive,Positive,Positive,Positive,Positive,Positive,Positive
Positive,Positive,Positive,Positive,Positive,Positive,Positive,Positive,Positive,Positive,Positive,Positive,Positive,Positive
Negative,Negative,Negative,Negative,Negative,Negative,Negative,Positive,Positive,Negative,Negative,Negative,Negative,Negative
Positive,Negative,Negative,Positive,Positive,Positive,Positive,Positive,Negative,Positive,Negative,Positive,Negative,Negative
Negative,Positive,Positive,Positive,Positive,Positive,Positive,Positive,Positive,Positive,Positive,Positive,Positive,Positive
Negative,Negative,Negative,Negative,Negative,Negative,Negative,Positive,Negative,Negative,Negative,Negative,Negative,Negative
Negative,Negative,Negative,Negative,Negative,Negative,Negative,Positive,Negative,Positive,Positive,Positive,Positive,Positive
Positive,Positive,Positive,Positive,Positive,Positive,Positive,Positive,Positive,Positive,Positive,Positive,Positive,Positive
Positive,Positive,Positive,Positive,Positive,Positive,Positive,Positive,Positive,Positive,Positive,Positive,Positive,Positive
Positive,Positive,Positive,Positive,Positive,Positive,Positive,Positive,Positive,Positive,Positive,Positive,Positive,Positive
Negative,Negative,Negative,Negative,Negative,Negative,Negative,Positive,Positive,Negative,Negative,Negative,Negative,Negative
Positive,Positive,Positive,Positive,Positive,Positive,Positive,Positive,Positive,Positive,Positive,Positive,Positive,Positive
Positive,Positive,Positive,Positive,Positive,Positive,Positive,Positive,Positive,Positive,Positive,Positive,Positive,Positive
Negative,Negative,Negative,Negative,Negative,Negative,Negative,Positive,Positive,Negative,Negative,Negative,Negative,Negative
Positive,Negative,Positive,Positive,Negative,Positive,Negative,Positive,Positive,Positive,Positive,Positive,Positive,Positive
Positive,Negative,Negative,Negative,Negative,Negative,Negative,Positive,Positive,Positive,Positive,Positive,Positive,Positive
Positive,Positive,Positive,Positive,Positive,Positive,Positive,Positive,Positive,Positive,Positive,Positive,Positive,Positive
Negative,Negative,Negative,Negative,Negative,Negative,Negative,Positive,Negative,Negative,Positive,Negative,Positive,Negative
Negative,Positive,Positive,Positive,Negative,Negative,Negative,Positive,Positive,Negative,Positive,Negative,Positive,Positive
Negative,Negative,Negative,Negative,Negative,Negative,Negative,Positive,Positive,Negative,Positive,Negative,Negative,Negative
Positive,Positive,Positive,Positive,Positive,Positive,Positive,Positive,Positive,Positive,Positive,Positive,Positive,Positive
Negative,Negative,Positive,Positive,Positive,Positive,Positive,Positive,Positive,Negative,Negative,Negative,Negative,Negative
Positive,Negative,Negative,Negative,Negative,Negative,Negative,Positive,Negative,Negative,Negative,Negative,Negative,Negative
Positive,Negative,Positive,Negative,Negative,Negative,Negative,Positive,Negative,Positive,Positive,Positive,Positive,Positive
Negative,Negative,Negative,Negative,Negative,Positive,Positive,Positive,Positive,Negative,Negative,Negative,Negative,Negative
Positive,Positive,Positive,Positive,Positive,Positive,Positive,Positive,Positive,Positive,Positive,Positive,Positive,Positive
Negative,Negative,Negative,Positive,Negative,Positive,Negative,Positive,Positive,Negative,Negative,Negative,Negative,Negative
Negative,Negative,Negative,Negative,Negative,Negative,Negative,Positive,Positive,Negative,Negative,Negative,Negative,Negative
Positive,Positive,Positive,Positive,Positive,Positive,Positive,Positive,Positive,Positive,Positive,Positive,Positive,Positive
Negative,Negative,Negative,Negative,Negative,Negative,Negative,Positive,Negative,Negative,Negative,Negative,Negative,Negative
Positive,Positive,Positive,Positive,Positive,Positive,Positive,Positive,Positive,Positive,Positive,Positive,Positive,Positive
Negative,Negative,Negative,Negative,Negative,Negative,Negative,Positive,Negative,Negative,Negative,Negative,Negative,Negative
Positive,Negative,Negative,Negative,Negative,Negative,Negative,Positive,Positive,Positive,Positive,Positive,Positive,Positive
Positive,Positive,Positive,Positive,Positive,Positive,Positive,Positive,Positive,Positive,Positive,Positive,Positive,Positive
Negative,Positive,Positive,Positive,Positive,Positive,Positive,Positive,Positive,Positive,Positive,Positive,Positive,Positive
Positive,Negative,Negative,Negative,Negative,Negative,Negative,Positive,Negative,Negative,Negative,Negative,Negative,Negative
Negative,Negative,Negative,Negative,Negative,Positive,Negative,Positive,Negative,Negative,Negative,Negative,Negative,Negative
Negative,Negative,Negative,Negative,Negative,Negative,Negative,Positive,Positive,Positive,Negative,Positive,Negative,Positive
Positive,Negative,Positive,Positive,Positive,Positive,Positive,Positive,Positive,Positive,Positive,Positive,Positive,Positive
Positive,Positive,Positive,Positive,Positive,Positive,Negative,Positive,Positive,Positive,Positive,Positive,Positive,Positive
Positive,Positive,Positive,Positive,Positive,Positive,Positive,Positive,Positive,Positive,Positive,Positive,Positive,Positive
Positive,Positive,Positive,Positive,Positive,Positive,Positive,Positive,Positive,Positive,Positive,Positive,Positive,Positive
Positive,Positive,Positive,Positive,Positive,Positive,Positive,Positive,Positive,Positive,Positive,Positive,Positive,Positive
Negative,Negative,Negative,Negative,Negative,Negative,Negative,Positive,Positive,Positive,Negative,Positive,Negative,Positive
Positive,Negative,Negative,Negative,Negative,Negative,Negative,Positive,Negative,Positive,Positive,Positive,Positive,Positive
Positive,Negative,Negative,Negative,Negative,Positive,Positive,Positive,Positive,Positive,Positive,Positive,Positive,Positive
Positive,Positive,Positive,Positive,Positive,Positive,Positive,Positive,Positive,Positive,Negative,Positive,Negative,Positive
Positive,Positive,Positive,Positive,Positive,Positive,Positive,Positive,Positive,Positive,Positive,Positive,Positive,Positive
Negative,Positive,Positive,Positive,Positive,Positive,Positive,Positive,Positive,Positive,Positive,Positive,Negative,Positive
Positive,Positive,Positive,Negative,Negative,Negative,Negative,Positive,Positive,Negative,Negative,Negative,Negative,Negative
Positive,Positive,Positive,Positive,Positive,Positive,Positive,Positive,Positive,Negative,Positive,Negative,Positive,Positive
Positive,Negative,Negative,Negative,Negative,Negative,Negative,Positive,Positive,Positive,Positive,Positive,Positive,Positive
Positive,Negative,Negative,Negative,Negative,Negative,Negative,Positive,Positive,Positive,Positive,Positive,Positive,Positive
Positive,Positive,Negative,Negative,Negative,Negative,Negative,Positive,Positive,Positive,Positive,Positive,Positive,Positive
Positive,Positive,Positive,Positive,Positive,Positive,Positive,Positive,Negative,Positive,Positive,Positive,Positive,Positive
Negative,Negative,Negative,Negative,Negative,Negative,Negative,Positive,Negative,Negative,Negative,Negative,Negative,Negative
Negative,Negative,Negative,Positive,Positive,Positive,Negative,Positive,Positive,Negative,Negative,Negative,Negative,Negative
Positive,Negative,Negative,Positive,Positive,Positive,Positive,Positive,Positive,Negative,Negative,Negative,Negative,Negative
Negative,Positive,Positive,Positive,Positive,Positive,Positive,Positive,Positive,Positive,Positive,Positive,Positive,Positive
Negative,Negative,Negative,Negative,Negative,Negative,Negative,Positive,Negative,Negative,Negative,Negative,Negative,Negative
Negative,Positive,Positive,Positive,Positive,Positive,Positive,Positive,Positive,Positive,Positive,Positive,Positive,Positive
Positive,Negative,Positive,Negative,Negative,Negative,Negative,Positive,Positive,Positive,Negative,Positive,Negative,Positive
Positive,Negative,Negative,Negative,Negative,Negative,Negative,Positive,Negative,Negative,Negative,Negative,Negative,Negative
Negative,Negative,Negative,Negative,Negative,Negative,Negative,Positive,Negative,Negative,Negative,Negative,Negative,Negative
Negative,Positive,Positive,Positive,Positive,Positive,Positive,Positive,Positive,Positive,Positive,Positive,Positive,Positive
Positive,Positive,Positive,Positive,Positive,Positive,Positive,Positive,Positive,Positive,Positive,Positive,Positive,Positive
Positive,Positive,Positive,Positive,Positive,Positive,Positive,Positive,Positive,Positive,Positive,Positive,Positive,Positive
Positive,Negative,Positive,Positive,Positive,Positive,Positive,Positive,Positive,Positive,Positive,Positive,Positive,Positive
Positive,Positive,Positive,Positive,Positive,Positive,Positive,Positive,Positive,Positive,Positive,Positive,Positive,Positive
Positive,Negative,Negative,Negative,Negative,Negative,Negative,Positive,Positive,Positive,Positive,Positive,Positive,Positive
Positive,Negative,Negative,Positive,Negative,Negative,Negative,Positive,Positive,Positive,Negative,Positive,Negative,Positive
Negative,Positive,Positive,Positive,Positive,Positive,Positive,Positive,Negative,Negative,Negative,Negative,Negative,Negative
Positive,Positive,Positive,Positive,Positive,Positive,Positive,Positive,Positive,Positive,Positive,Positive,Positive,Positive
Negative,Positive,Positive,Positive,Positive,Positive,Positive,Positive,Positive,Positive,Positive,Positive,Positive,Positive
Negative,Negative,Negative,Negative,Negative,Negative,Negative,Positive,Negative,Negative,Negative,Negative,Negative,Negative
Negative,Positive,Negative,Positive,Positive,Positive,Positive,Positive,Positive,Negative,Negative,Negative,Negative,Negative
Positive,Positive,Positive,Positive,Positive,Positive,Positive,Positive,Positive,Positive,Positive,Positive,Positive,Positive
Positive,Positive,Positive,Positive,Positive,Positive,Positive,Positive,Positive,Positive,Positive,Positive,Positive,Positive
Positive,Positive,Positive,Positive,Positive,Positive,Positive,Positive,Positive,Positive,Positive,Positive,Positive,Positive
Negative,Positive,Positive,Positive,Positive,Positive,Positive,Positive,Negative,Negative,Negative,Negative,Positive,Negative
Positive,Negative,Negative,Negative,Negative,Negative,Negative,Positive,Negative,Negative,Negative,Negative,Negative,Negative
Negative,Positive,Positive,Positive,Positive,Positive,Positive,Positive,Positive,Positive,Positive,Positive,Positive,Positive
Positive,Positive,Positive,Positive,Positive,Positive,Positive,Positive,Positive,Negative,Negative,Negative,Negative,Negative
Positive,Positive,Positive,Positive,Positive,Positive,Positive,Positive,Positive,Positive,Positive,Positive,Positive,Positive
Positive,Negative,Positive,Positive,Negative,Negative,Negative,Positive,Positive,Negative,Negative,Negative,Negative,Negative
Positive,Positive,Positive,Positive,Positive,Positive,Positive,Positive,Positive,Positive,Positive,Positive,Positive,Positive
Negative,Negative,Negative,Negative,Negative,Negative,Negative,Positive,Positive,Negative,Negative,Negative,Negative,Negative
Positive,Negative,Negative,Negative,Negative,Negative,Negative,Positive,Negative,Negative,Negative,Negative,Negative,Negative
Positive,Negative,Negative,Positive,Positive,Positive,Positive,Positive,Positive,Negative,Negative,Negative,Negative,Negative
Negative,Negative,Positive,Negative,Negative,Negative,Negative,Positive,Positive,Positive,Negative,Positive,Negative,Positive
Positive,Negative,Negative,Negative,Negative,Negative,Negative,Positive,Negative,Negative,Negative,Negative,Negative,Negative
Positive,Negative,Negative,Negative,Negative,Negative,Negative,Positive,Positive,Negative,Negative,Negative,Negative,Negative
Positive,Positive,Positive,Positive,Positive,Positive,Positive,Positive,Positive,Positive,Positive,Positive,Positive,Positive
Negative,Negative,Negative,Negative,Negative,Positive,Positive,Positive,Positive,Positive,Negative,Positive,Negative,Positive
Negative,Negative,Negative,Positive,Positive,Positive,Positive,Positive,Negative,Negative,Positive,Negative,Positive,Negative
Positive,Positive,Positive,Positive,Positive,Positive,Positive,Positive,Positive,Positive,Positive,Positive,Positive,Positive
Positive,Negative,Negative,Negative,Negative,Negative,Negative,Positive,Negative,Negative,Negative,Negative,Negative,Negative
Positive,Positive,Negative,Negative,Negative,Negative,Negative,Positive,Positive,Positive,Negative,Positive,Negative,Positive
Positive,Positive,Positive,Negative,Negative,Negative,Negative,Positive,Positive,Positive,Positive,Positive,Positive,Positive
Negative,Positive,Positive,Positive,Positive,Positive,Positive,Positive,Positive,Positive,Positive,Positive,Positive,Positive
Negative,Positive,Positive,Positive,Positive,Positive,Positive,Positive,Positive,Positive,Positive,Positive,Positive,Positive
Negative,Negative,Negative,Negative,Negative,Negative,Negative,Positive,Positive,Negative,Negative,Negative,Negative,Negative
Negative,Positive,Positive,Positive,Positive,Positive,Positive,Positive,Positive,Negative,Negative,Negative,Negative,Negative
Negative,Negative,Positive,Negative,Negative,Negative,Negative,Positive,Negative,Negative,Negative,Negative,Negative,Negative
Negative,Negative,Negative,Negative,Negative,Negative,Negative,Positive,Negative,Negative,Negative,Negative,Negative,Negative
Positive,Positive,Positive,Positive,Positive,Positive,Positive,Positive,Positive,Positive,Positive,Positive,Positive,Positive
Negative,Positive,Positive,Positive,Negative,Negative,Negative,Positive,Positive,Negative,Negative,Negative,Negative,Negative
Positive,Negative,Negative,Negative,Negative,Positive,Negative,Positive,Positive,Negative,Negative,Negative,Negative,Negative
Positive,Positive,Positive,Positive,Negative,Negative,Negative,Positive,Positive,Positive,Positive,Positive,Positive,Positive
Negative,Negative,Negative,Negative,Negative,Negative,Negative,Positive,Positive,Negative,Negative,Negative,Negative,Negative
Negative,Negative,Positive,Positive,Negative,Positive,Negative,Positive,Positive,Positive,Positive,Positive,Positive,Positive
Negative,Negative,Negative,Negative,Negative,Negative,Negative,Positive,Negative,Negative,Negative,Negative,Negative,Negative
Positive,Positive,Positive,Positive,Positive,Positive,Negative,Positive,Positive,Positive,Positive,Positive,Positive,Positive
Positive,Positive,Positive,Positive,Positive,Positive,Positive,Positive,Positive,Positive,Positive,Positive,Positive,Positive
Negative,Negative,Negative,Negative,Negative,Negative,Negative,Positive,Negative,Negative,Negative,Negative,Negative,Negative
Positive,Positive,Positive,Positive,Positive,Positive,Positive,Positive,Positive,Positive,Positive,Positive,Positive,Positive
Positive,Positive,Positive,Positive,Positive,Positive,Positive,Positive,Positive,Positive,Positive,Positive,Positive,Positive
Positive,Negative,Negative,Negative,Negative,Negative,Negative,Positive,Positive,Positive,Positive,Positive,Positive,Positive
Negative,Positive,Positive,Positive,Negative,Negative,Negative,Positive,Negative,Negative,Negative,Negative,Negative,Negative
Positive,Positive,Positive,Positive,Positive,Positive,Positive,Positive,Positive,Positive,Negative,Positive,Positive,Positive
Positive,Positive,Positive,Negative,Negative,Positive,Positive,Positive,Positive,Positive,Positive,Positive,Positive,Positive
Positive,Positive,Positive,Positive,Positive,Positive,Positive,Positive,Positive,Positive,Positive,Positive,Positive,Positive
Positive,Positive,Positive,Positive,Positive,Positive,Positive,Positive,Positive,Positive,Positive,Positive,Positive,Positive
Negative,Positive,Negative,Negative,Negative,Positive,Positive,Positive,Positive,Negative,Negative,Negative,Negative,Negative
Positive,Negative,Negative,Positive,Negative,Negative,Negative,Positive,Positive,Positive,Positive,Positive,Positive,Positive
Positive,Positive,Positive,Positive,Positive,Positive,Positive,Positive,Positive,Positive,Positive,Positive,Positive,Positive
Positive,Negative,Positive,Positive,Positive,Positive,Positive,Positive,Positive,Positive,Positive,Positive,Positive,Positive
Negative,Negative,Negative,Negative,Negative,Negative,Negative,Positive,Negative,Negative,Negative,Negative,Negative,Negative
Negative,Negative,Negative,Negative,Negative,Negative,Negative,Positive,Negative,Negative,Positive,Negative,Positive,Negative
Negative,Negative,Negative,Negative,Negative,Negative,Negative,Positive,Positive,Negative,Negative,Negative,Negative,Negative
Positive,Positive,Positive,Positive,Positive,Positive,Positive,Positive,Positive,Positive,Positive,Positive,Positive,Positive
Positive,Positive,Positive,Positive,Positive,Positive,Positive,Positive,Positive,Positive,Positive,Positive,Positive,Positive
Negative,Negative,Positive,Positive,Positive,Positive,Positive,Positive,Positive,Positive,Positive,Positive,Positive,Positive
Positive,Positive,Positive,Positive,Positive,Positive,Positive,Positive,Positive,Positive,Positive,Positive,Positive,Positive
Negative,Negative,Negative,Positive,Negative,Positive,Negative,Positive,Positive,Negative,Negative,Negative,Negative,Negative
Negative,Positive,Positive,Positive,Positive,Positive,Positive,Positive,Positive,Negative,Negative,Negative,Negative,Negative
Positive,Positive,Positive,Positive,Positive,Positive,Positive,Positive,Positive,Positive,Positive,Positive,Positive,Positive
Positive,Negative,Negative,Negative,Negative,Negative,Negative,Positive,Positive,Positive,Positive,Positive,Positive,Positive
Negative,Negative,Negative,Positive,Positive,Positive,Positive,Positive,Positive,Positive,Positive,Positive,Positive,Positive
Positive,Positive,Positive,Positive,Positive,Positive,Positive,Positive,Positive,Positive,Positive,Positive,Positive,Positive
Negative,Positive,Positive,Positive,Positive,Positive,Positive,Positive,Positive,Positive,Positive,Positive,Positive,Positive
Negative,Negative,Negative,Negative,Negative,Negative,Negative,Positive,Negative,Negative,Negative,Negative,Negative,Negative
Positive,Negative,Positive,Positive,Positive,Positive,Positive,Positive,Positive,Positive,Positive,Positive,Positive,Positive
Positive,Positive,Positive,Negative,Negative,Positive,Negative,Positive,Positive,Positive,Positive,Positive,Positive,Positive
Positive,Positive,Negative,Negative,Negative,Positive,Positive,Positive,Positive,Positive,Positive,Positive,Positive,Positive
Negative,Negative,Negative,Negative,Negative,Negative,Negative,Positive,Negative,Negative,Negative,Negative,Negative,Negative
Positive,Positive,Positive,Positive,Positive,Positive,Positive,Positive,Positive,Positive,Positive,Positive,Positive,Positive
Positive,Positive,Positive,Positive,Positive,Positive,Positive,Positive,Positive,Positive,Positive,Positive,Positive,Positive
Positive,Positive,Positive,Positive,Positive,Positive,Positive,Positive,Positive,Positive,Positive,Positive,Positive,Positive
Negative,Positive,Negative,Negative,Negative,Positive,Positive,Positive,Negative,Negative,Negative,Negative,Negative,Negative
Negative,Negative,Negative,Negative,Negative,Negative,Negative,Positive,Negative,Negative,Positive,Negative,Positive,Negative
Negative,Positive,Negative,Negative,Negative,Negative,Negative,Positive,Negative,Negative,Negative,Negative,Negative,Negative
Positive,Positive,Positive,Positive,Positive,Positive,Positive,Positive,Positive,Positive,Positive,Positive,Positive,Positive
Positive,Positive,Positive,Positive,Positive,Positive,Positive,Positive,Positive,Positive,Positive,Positive,Positive,Positive
Negative,Positive,Positive,Positive,Positive,Positive,Positive,Positive,Positive,Negative,Positive,Negative,Positive,Positive
Positive,Positive,Positive,Positive,Positive,Positive,Positive,Positive,Positive,Positive,Positive,Positive,Positive,Positive
Positive,Negative,Negative,Negative,Negative,Negative,Negative,Positive,Positive,Positive,Positive,Positive,Positive,Positive
Positive,Positive,Negative,Negative,Negative,Negative,Negative,Positive,Positive,Negative,Negative,Negative,Negative,Negative
Negative,Negative,Negative,Negative,Negative,Negative,Negative,Positive,Positive,Negative,Negative,Negative,Negative,Negative
Negative,Negative,Negative,Negative,Negative,Negative,Negative,Positive,Negative,Negative,Negative,Negative,Negative,Negative
Positive,Positive,Negative,Negative,Negative,Negative,Negative,Positive,Positive,Positive,Positive,Positive,Positive,Positive
Positive,Negative,Positive,Negative,Negative,Negative,Negative,Positive,Positive,Positive,Negative,Positive,Negative,Positive
Negative,Negative,Negative,Negative,Negative,Negative,Negative,Positive,Negative,Negative,Negative,Negative,Negative,Negative
Negative,Negative,Negative,Negative,Negative,Negative,Negative,Positive,Negative,Negative,Negative,Negative,Negative,Negative
Positive,Positive,Positive,Positive,Positive,Positive,Positive,Positive,Positive,Positive,Positive,Positive,Positive,Positive
Positive,Positive,Positive,Positive,Positive,Positive,Positive,Positive,Positive,Positive,Positive,Positive,Positive,Positive
Positive,Positive,Positive,Positive,Positive,Positive,Positive,Positive,Positive,Positive,Positive,Positive,Positive,Positive
Positive,Positive,Positive,Positive,Positive,Positive,Positive,Positive,Positive,Positive,Positive,Positive,Positive,Positive
Positive,Negative,Negative,Negative,Negative,Negative,Negative,Positive,Positive,Positive,Positive,Positive,Negative,Positive
Negative,Negative,Negative,Negative,Negative,Negative,Negative,Positive,Positive,Negative,Negative,Negative,Negative,Negative
Negative,Negative,Negative,Negative,Negative,Negative,Negative,Positive,Positive,Negative,Negative,Negative,Negative,Negative
Positive,Positive,Positive,Positive,Positive,Positive,Positive,Positive,Positive,Positive,Positive,Positive,Positive,Positive
Positive,Positive,Positive,Positive,Positive,Positive,Positive,Positive,Positive,Positive,Positive,Positive,Positive,Positive
Positive,Positive,Positive,Positive,Positive,Positive,Positive,Positive,Positive,Positive,Positive,Positive,Positive,Positive
Negative,Positive,Positive,Positive,Positive,Positive,Positive,Positive,Positive,Positive,Positive,Positive,Positive,Positive
Negative,Negative,Negative,Negative,Negative,Negative,Negative,Positive,Positive,Negative,Positive,Negative,Positive,Positive
Positive,Positive,Positive,Positive,Positive,Positive,Positive,Positive,Positive,Positive,Positive,Positive,Positive,Positive
Positive,Positive,Positive,Positive,Positive,Positive,Positive,Positive,Positive,Positive,Positive,Positive,Positive,Positive
Positive,Positive,Positive,Positive,Positive,Positive,Positive,Positive,Positive,Positive,Positive,Positive,Positive,Positive
Negative,Negative,Negative,Negative,Negative,Negative,Negative,Positive,Positive,Positive,Positive,Positive,Positive,Positive
Positive,Positive,Positive,Positive,Positive,Positive,Positive,Positive,Positive,Positive,Positive,Positive,Positive,Positive
Negative,Negative,Negative,Negative,Negative,Negative,Negative,Positive,Positive,Negative,Negative,Negative,Negative,Negative
Negative,Negative,Negative,Negative,Negative,Negative,Negative,Positive,Positive,Negative,Negative,Negative,Negative,Negative
Positive,Positive,Positive,Positive,Positive,Positive,Positive,Positive,Positive,Positive,Positive,Positive,Positive,Positive
Positive,Positive,Positive,Positive,Positive,Positive,Positive,Positive,Positive,Positive,Positive,Positive,Positive,Positive
Positive,Negative,Negative,Negative,Negative,Negative,Negative,Positive,Negative,Positive,Positive,Positive,Positive,Positive
Negative,Positive,Negative,Negative,Negative,Negative,Negative,Positive,Positive,Positive,Negative,Positive,Negative,Positive
Positive,Positive,Positive,Positive,Positive,Positive,Positive,Positive,Positive,Positive,Positive,Positive,Positive,Positive
Positive,Positive,Positive,Positive,Positive,Positive,Positive,Positive,Positive,Positive,Positive,Positive,Positive,Positive
Positive,Negative,Positive,Negative,Negative,Negative,Negative,Positive,Positive,Positive,Positive,Positive,Positive,Positive
Negative,Negative,Negative,Negative,Negative,Negative,Negative,Positive,Negative,Negative,Negative,Negative,Negative,Negative
Negative,Positive,Positive,Positive,Positive,Positive,Positive,Positive,Positive,Negative,Negative,Negative,Negative,Negative
Positive,Positive,Positive,Positive,Positive,Positive,Positive,Positive,Positive,Positive,Positive,Positive,Positive,Positive
Negative,Negative,Negative,Negative,Negative,Negative,Negative,Positive,Positive,Positive,Positive,Positive,Positive,Positive
Positive,Positive,Positive,Positive,Positive,Positive,Positive,Positive,Positive,Positive,Positive,Positive,Positive,Positive
Positive,Positive,Positive,Positive,Positive,Positive,Positive,Positive,Positive,Positive,Positive,Positive,Positive,Positive
Positive,Positive,Positive,Positive,Positive,Positive,Positive,Positive,Positive,Positive,Positive,Positive,Positive,Positive
Negative,Negative,Negative,Negative,Negative,Negative,Negative,Positive,Negative,Negative,Negative,Negative,Negative,Negative
Positive,Positive,Positive,Positive,Positive,Positive,Positive,Positive,Positive,Positive,Positive,Positive,Positive,Positive
Positive,Negative,Positive,Positive,Positive,Positive,Positive,Positive,Positive,Positive,Positive,Positive,Positive,Positive
Positive,Positive,Positive,Positive,Positive,Positive,Positive,Positive,Positive,Positive,Positive,Positive,Positive,Positive
Positive,Negative,Negative,Negative,Negative,Negative,Negative,Positive,Negative,Negative,Negative,Negative,Negative,Negative
Positive,Negative,Negative,Negative,Negative,Negative,Negative,Positive,Positive,Positive,Positive,Positive,Positive,Positive
Positive,Positive,Positive,Positive,Positive,Positive,Positive,Positive,Positive,Positive,Positive,Positive,Positive,Positive
Negative,Positive,Positive,Positive,Negative,Positive,Negative,Positive,Negative,Negative,Negative,Negative,Negative,Negative
Negative,Negative,Negative,Negative,Negative,Negative,Negative,Positive,Negative,Negative,Negative,Negative,Negative,Negative
Positive,Positive,Positive,Positive,Positive,Positive,Positive,Positive,Positive,Positive,Positive,Positive,Positive,Positive
Negative,Negative,Negative,Negative,Negative,Negative,Negative,Positive,Positive,Negative,Negative,Negative,Negative,Negative
Positive,Positive,Positive,Positive,Positive,Positive,Positive,Positive,Positive,Positive,Positive,Positive,Positive,Positive
Positive,Positive,Positive,Positive,Positive,Positive,Positive,Positive,Positive,Positive,Positive,Positive,Positive,Positive
Positive,Positive,Positive,Positive,Positive,Positive,Positive,Positive,Positive,Positive,Positive,Positive,Positive,Positive
Positive,Positive,Positive,Positive,Negative,Positive,Positive,Positive,Positive,Positive,Positive,Positive,Positive,Positive
Positive,Negative,Negative,Negative,Negative,Positive,Positive,Positive,Positive,Positive,Positive,Positive,Positive,Positive
Positive,Positive,Positive,Positive,Positive,Positive,Positive,Positive,Positive,Positive,Positive,Positive,Positive,Positive
Positive,Negative,Negative,Negative,Negative,Positive,Positive,Positive,Positive,Positive,Positive,Positive,Positive,Positive
Negative,Positive,Positive,Positive,Positive,Positive,Positive,Positive,Positive,Positive,Positive,Positive,Positive,Positive
Positive,Negative,Positive,Positive,Negative,Positive,Positive,Positive,Positive,Negative,Negative,Negative,Negative,Negative
Positive,Positive,Positive,Positive,Positive,Positive,Positive,Positive,Positive,Positive,Positive,Positive,Positive,Positive
Negative,Negative,Negative,Positive,Negative,Positive,Positive,Positive,Positive,Positive,Positive,Positive,Positive,Positive
Negative,Negative,Positive,Positive,Positive,Positive,Positive,Positive,Positive,Positive,Positive,Positive,Positive,Positive
Negative,Positive,Positive,Positive,Positive,Positive,Positive,Positive,Positive,Positive,Negative,Positive,Negative,Positive
Positive,Positive,Positive,Positive,Positive,Positive,Positive,Positive,Positive,Positive,Positive,Positive,Positive,Positive
Negative,Negative,Negative,Positive,Negative,Negative,Negative,Positive,Negative,Negative,Negative,Negative,Negative,Negative
Positive,Positive,Negative,Negative,Negative,Negative,Negative,Positive,Negative,Positive,Positive,Negative,Negative,Negative
Positive,Negative,Positive,Positive,Positive,Positive,Positive,Positive,Positive,Positive,Positive,Positive,Positive,Positive
Positive,Positive,Positive,Positive,Positive,Positive,Positive,Positive,Positive,Positive,Positive,Positive,Positive,Positive
Positive,Negative,Negative,Negative,Negative,Negative,Negative,Positive,Positive,Negative,Negative,Negative,Negative,Negative
Negative,Negative,Negative,Negative,Negative,Negative,Negative,Positive,Negative,Negative,Negative,Negative,Negative,Negative
Positive,Negative,Negative,Negative,Negative,Negative,Negative,Positive,Positive,Positive,Positive,Positive,Positive,Positive
Negative,Negative,Negative,Negative,Negative,Negative,Negative,Positive,Negative,Negative,Negative,Negative,Negative,Negative
Positive,Positive,Positive,Positive,Positive,Positive,Positive,Positive,Positive,Positive,Positive,Positive,Positive,Positive
Positive,Positive,Positive,Positive,Positive,Positive,Positive,Positive,Positive,Positive,Positive,Positive,Positive,Positive
Negative,Negative,Negative,Negative,Negative,Negative,Negative,Positive,Negative,Negative,Negative,Negative,Negative,Negative
Negative,Negative,Negative,Negative,Negative,Negative,Negative,Positive,Negative,Negative,Negative,Negative,Negative,Negative
Positive,Positive,Positive,Positive,Positive,Positive,Positive,Positive,Positive,Positive,Positive,Positive,Positive,Positive
Negative,Positive,Positive,Positive,Positive,Positive,Positive,Positive,Positive,Positive,Positive,Positive,Positive,Positive
Positive,Positive,Negative,Negative,Negative,Negative,Negative,Positive,Positive,Positive,Positive,Positive,Positive,Positive
Positive,Positive,Positive,Positive,Positive,Positive,Positive,Positive,Positive,Positive,Positive,Positive,Positive,Positive
Positive,Positive,Positive,Positive,Positive,Positive,Positive,Positive,Positive,Positive,Positive,Positive,Positive,Positive
Positive,Positive,Positive,Positive,Positive,Positive,Positive,Positive,Positive,Positive,Positive,Positive,Positive,Positive
Negative,Negative,Negative,Negative,Negative,Negative,Negative,Positive,Positive,Negative,Negative,Negative,Negative,Negative
Positive,Positive,Positive,Positive,Positive,Positive,Positive,Positive,Positive,Positive,Positive,Positive,Positive,Positive
Negative,Negative,Positive,Positive,Positive,Positive,Negative,Positive,Positive,Negative,Negative,Negative,Negative,Negative
Positive,Negative,Negative,Negative,Negative,Positive,Positive,Positive,Positive,Negative,Negative,Negative,Negative,Negative
Negative,Negative,Negative,Negative,Negative,Negative,Negative,Positive,Negative,Negative,Negative,Negative,Negative,Negative
Positive,Positive,Positive,Positive,Positive,Positive,Positive,Positive,Positive,Positive,Positive,Positive,Positive,Positive
Positive,Negative,Positive,Positive,Positive,Positive,Positive,Positive,Positive,Positive,Positive,Positive,Positive,Positive
Positive,Positive,Positive,Positive,Positive,Positive,Positive,Positive,Positive,Positive,Positive,Positive,Positive,Positive
Negative,Negative,Negative,Negative,Negative,Negative,Negative,Positive,Negative,Negative,Negative,Negative,Positive,Negative
Positive,Positive,Positive,Positive,Positive,Positive,Positive,Positive,Positive,Positive,Positive,Positive,Positive,Positive
Negative,Negative,Negative,Negative,Negative,Negative,Negative,Positive,Negative,Negative,Negative,Negative,Negative,Negative
Positive,Positive,Positive,Positive,Positive,Positive,Positive,Positive,Positive,Positive,Positive,Positive,Positive,Positive
Positive,Positive,Positive,Positive,Positive,Positive,Positive,Positive,Positive,Positive,Positive,Positive,Positive,Positive
Negative,Positive,Positive,Positive,Positive,Positive,Positive,Positive,Positive,Positive,Positive,Positive,Positive,Positive
Negative,Negative,Negative,Negative,Negative,Negative,Negative,Positive,Negative,Negative,Negative,Negative,Negative,Negative
Positive,Positive,Positive,Positive,Positive,Positive,Positive,Positive,Positive,Positive,Positive,Positive,Positive,Positive
Positive,Positive,Positive,Positive,Positive,Positive,Positive,Positive,Positive,Positive,Positive,Positive,Positive,Positive
Positive,Negative,Negative,Negative,Negative,Negative,Negative,Positive,Negative,Negative,Negative,Negative,Negative,Negative
Positive,Negative,Positive,Negative,Negative,Negative,Negative,Positive,Negative,Negative,Negative,Negative,Negative,Negative
Negative,Negative,Negative,Negative,Negative,Negative,Negative,Positive,Negative,Negative,Negative,Negative,Negative,Negative
Positive,Negative,Positive,Negative,Negative,Negative,Negative,Positive,Positive,Positive,Positive,Positive,Positive,Positive
Positive,Positive,Positive,Positive,Positive,Positive,Positive,Positive,Positive,Positive,Positive,Positive,Negative,Positive
Positive,Positive,Positive,Positive,Positive,Positive,Positive,Positive,Positive,Positive,Positive,Positive,Positive,Positive
Positive,Positive,Positive,Positive,Positive,Positive,Positive,Positive,Positive,Negative,Negative,Negative,Negative,Negative
Positive,Positive,Positive,Negative,Negative,Positive,Positive,Positive,Positive,Positive,Negative,Positive,Negative,Positive
Negative,Negative,Negative,Negative,Negative,Negative,Negative,Positive,Positive,Negative,Positive,Negative,Positive,Positive
Positive,Positive,Positive,Positive,Positive,Positive,Positive,Positive,Positive,Positive,Positive,Positive,Positive,Positive
Negative,Positive,Positive,Positive,Positive,Positive,Positive,Positive,Positive,Negative,Negative,Negative,Negative,Negative
Positive,Positive,Positive,Negative,Negative,Negative,Negative,Positive,Negative,Negative,Negative,Negative,Negative,Negative
Positive,Positive,Positive,Positive,Positive,Positive,Positive,Positive,Positive,Positive,Negative,Negative,Negative,Negative
Positive,Positive,Negative,Negative,Negative,Negative,Negative,Positive,Positive,Negative,Positive,Negative,Negative,Negative
Negative,Negative,Negative,Negative,Negative,Negative,Negative,Positive,Negative,Negative,Negative,Negative,Negative,Negative
Positive,Negative,Positive,Negative,Negative,Negative,Negative,Positive,Positive,Negative,Negative,Negative,Negative,Negative
Positive,Positive,Positive,Positive,Positive,Positive,Positive,Positive,Positive,Positive,Positive,Positive,Positive,Positive
Positive,Positive,Positive,Positive,Positive,Positive,Positive,Positive,Positive,Positive,Positive,Positive,Positive,Positive
Positive,Negative,Negative,Negative,Negative,Negative,Negative,Positive,Negative,Negative,Negative,Negative,Negative,Negative
Positive,Positive,Positive,Positive,Positive,Positive,Positive,Positive,Positive,Positive,Positive,Positive,Positive,Positive
Positive,Negative,Negative,Negative,Negative,Negative,Negative,Positive,Positive,Positive,Positive,Positive,Positive,Positive
Negative,Positive,Positive,Positive,Negative,Positive,Positive,Positive,Positive,Negative,Positive,Negative,Positive,Positive
Positive,Positive,Positive,Positive,Positive,Positive,Positive,Positive,Positive,Positive,Positive,Positive,Positive,Positive
Positive,Positive,Positive,Positive,Positive,Positive,Positive,Positive,Positive,Positive,Positive,Positive,Positive,Positive
Negative,Negative,Negative,Negative,Negative,Negative,Negative,Positive,Positive,Negative,Positive,Negative,Positive,Positive
Positive,Positive,Positive,Positive,Positive,Positive,Positive,Positive,Positive,Positive,Positive,Positive,Positive,Positive
Positive,Positive,Positive,Positive,Positive,Positive,Positive,Positive,Positive,Positive,Positive,Positive,Positive,Positive
Positive,Positive,Positive,Positive,Negative,Negative,Negative,Positive,Positive,Negative,Negative,Negative,Negative,Negative
Negative,Negative,Negative,Negative,Negative,Negative,Negative,Positive,Positive,Positive,Positive,Positive,Negative,Positive
Positive,Positive,Positive,Positive,Positive,Positive,Positive,Positive,Positive,Positive,Positive,Positive,Positive,Positive
Positive,Positive,Negative,Positive,Negative,Positive,Negative,Positive,Positive,Positive,Positive,Positive,Positive,Positive
Negative,Negative,Negative,Negative,Negative,Negative,Negative,Positive,Negative,Negative,Negative,Negative,Negative,Negative
Positive,Positive,Positive,Positive,Positive,Positive,Positive,Positive,Positive,Positive,Positive,Positive,Positive,Positive
Positive,Positive,Positive,Positive,Positive,Positive,Positive,Positive,Positive,Positive,Positive,Positive,Positive,Positive
Negative,Positive,Positive,Positive,Negative,Positive,Positive,Positive,Positive,Negative,Negative,Negative,Negative,Negative
Negative,Negative,Negative,Negative,Negative,Negative,Negative,Positive,Negative,Negative,Negative,Negative,Negative,Negative
Negative,Positive,Positive,Positive,Negative,Negative,Negative,Positive,Positive,Negative,Negative,Negative,Negative,Negative
Positive,Positive,Positive,Positive,Positive,Positive,Positive,Positive,Positive,Positive,Positive,Positive,Positive,Positive
Negative,Positive,Negative,Negative,Negative,Positive,Positive,Positive,Negative,Negative,Negative,Negative,Negative,Negative
Positive,Positive,Positive,Positive,Positive,Positive,Positive,Positive,Positive,Positive,Positive,Positive,Positive,Positive
Positive,Positive,Positive,Positive,Positive,Positive,Positive,Positive,Positive,Positive,Positive,Positive,Positive,Positive
Positive,Positive,Positive,Positive,Positive,Positive,Positive,Positive,Positive,Positive,Positive,Positive,Positive,Positive
Positive,Negative,Positive,Positive,Positive,Positive,Positive,Positive,Positive,Positive,Positive,Positive,Positive,Positive
Positive,Positive,Positive,Positive,Positive,Positive,Positive,Positive,Positive,Positive,Positive,Positive,Positive,Positive
Positive,Positive,Positive,Positive,Positive,Positive,Positive,Positive,Positive,Positive,Positive,Positive,Positive,Positive
Negative,Positive,Negative,Negative,Negative,Negative,Negative,Positive,Positive,Negative,Negative,Negative,Negative,Negative
Positive,Positive,Positive,Positive,Positive,Positive,Positive,Positive,Positive,Positive,Positive,Positive,Positive,Positive
Positive,Positive,Positive,Positive,Positive,Positive,Positive,Positive,Positive,Negative,Negative,Negative,Negative,Negative
Positive,Positive,Positive,Positive,Positive,Positive,Positive,Positive,Positive,Positive,Positive,Positive,Positive,Positive
Positive,Positive,Positive,Positive,Positive,Positive,Positive,Positive,Positive,Positive,Positive,Positive,Positive,Positive
Negative,Negative,Positive,Negative,Negative,Negative,Negative,Positive,Positive,Negative,Negative,Negative,Negative,Negative
Negative,Negative,Negative,Negative,Negative,Negative,Negative,Positive,Positive,Negative,Negative,Negative,Negative,Negative
Positive,Positive,Positive,Positive,Positive,Positive,Positive,Positive,Positive,Positive,Positive,Positive,Positive,Positive
Negative,Negative,Negative,Negative,Negative,Negative,Negative,Positive,Negative,Negative,Negative,Negative,Negative,Negative
Positive,Positive,Positive,Positive,Positive,Positive,Positive,Positive,Positive,Positive,Positive,Positive,Positive,Positive
Negative,Negative,Negative,Negative,Negative,Positive,Positive,Positive,Positive,Positive,Negative,Positive,Positive,Positive
Negative,Positive,Positive,Positive,Positive,Positive,Positive,Positive,Positive,Positive,Positive,Positive,Positive,Positive
Negative,Negative,Negative,Negative,Negative,Negative,Negative,Positive,Negative,Negative,Negative,Negative,Negative,Negative
Positive,Positive,Negative,Negative,Negative,Negative,Negative,Positive,Positive,Positive,Positive,Positive,Positive,Positive
Negative,Positive,Positive,Positive,Positive,Positive,Positive,Positive,Positive,Positive,Positive,Positive,Positive,Positive
Positive,Positive,Positive,Positive,Positive,Positive,Positive,Positive,Positive,Positive,Positive,Positive,Positive,Positive
Positive,Negative,Negative,Negative,Negative,Negative,Negative,Positive,Positive,Positive,Negative,Positive,Positive,Positive
Positive,Positive,Positive,Positive,Positive,Positive,Positive,Positive,Positive,Positive,Positive,Positive,Positive,Positive
Positive,Negative,Negative,Negative,Negative,Negative,Negative,Positive,Negative,Positive,Positive,Positive,Positive,Positive
Positive,Positive,Positive,Positive,Positive,Positive,Negative,Positive,Positive,Negative,Negative,Negative,Negative,Negative
Negative,Positive,Positive,Positive,Positive,Positive,Positive,Positive,Positive,Negative,Negative,Negative,Negative,Negative
Positive,Positive,Positive,Positive,Positive,Positive,Positive,Positive,Positive,Positive,Positive,Positive,Positive,Positive
Positive,Positive,Positive,Positive,Positive,Positive,Positive,Positive,Positive,Positive,Positive,Positive,Positive,Positive
Positive,Positive,Positive,Positive,Positive,Positive,Positive,Positive,Positive,Positive,Positive,Positive,Positive,Positive
Positive,Positive,Positive,Positive,Positive,Positive,Positive,Positive,Positive,Positive,Positive,Positive,Positive,Positive
Positive,Positive,Positive,Positive,Positive,Positive,Positive,Positive,Positive,Positive,Positive,Positive,Positive,Positive
Negative,Negative,Negative,Negative,Negative,Negative,Negative,Positive,Negative,Negative,Negative,Negative,Negative,Negative
Positive,Positive,Positive,Positive,Positive,Positive,Positive,Positive,Positive,Positive,Positive,Positive,Positive,Positive
Negative,Negative,Negative,Negative,Negative,Negative,Negative,Positive,Negative,Negative,Negative,Negative,Negative,Negative
Positive,Positive,Positive,Positive,Positive,Positive,Positive,Positive,Positive,Positive,Positive,Positive,Positive,Positive
Negative,Negative,Negative,Negative,Negative,Negative,Negative,Positive,Negative,Negative,Negative,Negative,Negative,Negative
Negative,Positive,Positive,Negative,Negative,Negative,Negative,Positive,Negative,Negative,Positive,Negative,Positive,Negative
Positive,Negative,Positive,Negative,Negative,Negative,Negative,Positive,Negative,Negative,Negative,Negative,Negative,Negative
Negative,Negative,Negative,Negative,Negative,Negative,Negative,Positive,Negative,Negative,Negative,Negative,Negative,Negative
Positive,Positive,Positive,Positive,Positive,Positive,Positive,Positive,Positive,Positive,Positive,Positive,Positive,Positive
Positive,Positive,Positive,Positive,Positive,Positive,Positive,Positive,Positive,Positive,Positive,Positive,Positive,Positive
Positive,Positive,Positive,Positive,Positive,Positive,Positive,Positive,Positive,Positive,Positive,Positive,Positive,Positive
Positive,Positive,Positive,Positive,Positive,Positive,Positive,Positive,Positive,Positive,Positive,Positive,Positive,Positive
Positive,Positive,Positive,Positive,Positive,Positive,Positive,Positive,Positive,Positive,Positive,Positive,Positive,Positive
Positive,Positive,Positive,Positive,Positive,Positive,Positive,Positive,Positive,Positive,Positive,Positive,Positive,Positive
Positive,Positive,Positive,Positive,Positive,Positive,Positive,Positive,Positive,Positive,Positive,Positive,Positive,Positive
Positive,Negative,Negative,Negative,Negative,Positive,Positive,Positive,Positive,Positive,Positive,Positive,Positive,Positive
Negative,Positive,Positive,Positive,Positive,Positive,Positive,Positive,Positive,Positive,Positive,Positive,Positive,Positive
Negative,Negative,Negative,Negative,Negative,Negative,Negative,Positive,Positive,Positive,Negative,Positive,Negative,Positive
Positive,Positive,Positive,Positive,Positive,Positive,Negative,Positive,Positive,Positive,Positive,Positive,Positive,Positive
Negative,Positive,Positive,Positive,Positive,Positive,Positive,Positive,Positive,Positive,Positive,Positive,Positive,Positive
Positive,Positive,Positive,Positive,Positive,Positive,Positive,Positive,Positive,Positive,Positive,Positive,Positive,Positive
Positive,Positive,Positive,Positive,Positive,Positive,Positive,Positive,Positive,Positive,Positive,Positive,Positive,Positive
Positive,Positive,Positive,Positive,Positive,Positive,Positive,Positive,Positive,Positive,Positive,Positive,Positive,Positive
Positive,Positive,Positive,Positive,Positive,Positive,Positive,Positive,Positive,Positive,Positive,Positive,Positive,Positive
Positive,Positive,Positive,Positive,Positive,Positive,Positive,Positive,Positive,Positive,Positive,Positive,Positive,Positive
Negative,Negative,Negative,Negative,Negative,Negative,Negative,Positive,Negative,Negative,Negative,Negative,Negative,Negative
Negative,Negative,Negative,Negative,Negative,Negative,Negative,Positive,Negative,Negative,Negative,Negative,Negative,Negative
Positive,Positive,Positive,Negative,Negative,Positive,Negative,Positive,Positive,Positive,Positive,Positive,Positive,Positive
Positive,Positive,Positive,Positive,Positive,Positive,Positive,Positive,Positive,Positive,Positive,Positive,Positive,Positive
Positive,Positive,Positive,Positive,Positive,Positive,Positive,Positive,Positive,Positive,Positive,Positive,Positive,Positive
Positive,Positive,Positive,Positive,Positive,Positive,Positive,Positive,Positive,Positive,Positive,Positive,Positive,Positive
Positive,Positive,Positive,Positive,Positive,Positive,Positive,Positive,Positive,Positive,Positive,Positive,Positive,Positive
Positive,Negative,Positive,Positive,Positive,Positive,Positive,Positive,Positive,Positive,Positive,Positive,Positive,Positive
Positive,Positive,Positive,Positive,Positive,Positive,Positive,Positive,Positive,Positive,Positive,Positive,Positive,Positive
Negative,Positive,Positive,Positive,Positive,Positive,Positive,Positive,Positive,Positive,Positive,Positive,Positive,Positive
Positive,Positive,Positive,Positive,Positive,Positive,Positive,Positive,Positive,Positive,Positive,Positive,Positive,Positive
Negative,Positive,Positive,Positive,Negative,Negative,Negative,Positive,Negative,Negative,Negative,Negative,Negative,Negative
Negative,Positive,Negative,Negative,Negative,Negative,Negative,Positive,Negative,Negative,Negative,Negative,Negative,Negative
Negative,Positive,Positive,Positive,Positive,Positive,Positive,Positive,Positive,Positive,Positive,Positive,Positive,Positive
Positive,Positive,Positive,Positive,Positive,Positive,Positive,Positive,Positive,Positive,Positive,Positive,Positive,Positive
Positive,Positive,Positive,Positive,Positive,Positive,Positive,Positive,Positive,Positive,Positive,Positive,Positive,Positive
Negative,Positive,Positive,Positive,Positive,Positive,Positive,Positive,Positive,Negative,Negative,Negative,Negative,Negative
Negative,Negative,Negative,Negative,Negative,Negative,Negative,Positive,Positive,Negative,Negative,Negative,Negative,Negative
Positive,Positive,Positive,Positive,Positive,Positive,Positive,Positive,Positive,Positive,Positive,Positive,Positive,Positive
Negative,Negative,Negative,Negative,Negative,Negative,Negative,Positive,Positive,Negative,Negative,Negative,Negative,Negative
Positive,Positive,Positive,Positive,Positive,Positive,Positive,Positive,Positive,Positive,Positive,Positive,Positive,Positive
Positive,Positive,Negative,Negative,Negative,Positive,Positive,Positive,Positive,Positive,Negative,Positive,Negative,Positive
Positive,Positive,Positive,Positive,Positive,Positive,Positive,Positive,Positive,Positive,Positive,Positive,Positive,Positive
Positive,Positive,Negative,Negative,Negative,Negative,Negative,Positive,Positive,Positive,Positive,Positive,Positive,Positive
Negative,Negative,Negative,Negative,Negative,Negative,Negative,Positive,Positive,Negative,Negative,Negative,Positive,Negative
Positive,Positive,Positive,Positive,Negative,Negative,Negative,Positive,Positive,Positive,Positive,Positive,Positive,Positive
Positive,Negative,Negative,Negative,Negative,Negative,Negative,Positive,Positive,Positive,Negative,Positive,Negative,Positive
Positive,Positive,Positive,Positive,Positive,Positive,Positive,Positive,Positive,Positive,Positive,Positive,Positive,Positive
Positive,Negative,Negative,Negative,Negative,Negative,Negative,Positive,Positive,Negative,Negative,Negative,Negative,Negative
Negative,Negative,Negative,Negative,Negative,Negative,Negative,Positive,Negative,Negative,Negative,Negative,Negative,Negative
Positive,Positive,Positive,Positive,Positive,Positive,Positive,Positive,Positive,Positive,Positive,Positive,Positive,Positive
Negative,Positive,Positive,Negative,Negative,Negative,Negative,Positive,Positive,Positive,Positive,Positive,Positive,Positive
Positive,Positive,Positive,Positive,Positive,Positive,Positive,Positive,Positive,Positive,Positive,Positive,Positive,Positive
Positive,Positive,Positive,Positive,Positive,Positive,Positive,Positive,Positive,Positive,Positive,Positive,Positive,Positive
Positive,Positive,Positive,Positive,Positive,Positive,Positive,Positive,Positive,Positive,Positive,Positive,Positive,Positive
Positive,Negative,Negative,Negative,Negative,Negative,Negative,Positive,Negative,Negative,Positive,Positive,Positive,Positive
Negative,Positive,Positive,Positive,Positive,Positive,Positive,Positive,Positive,Positive,Positive,Positive,Positive,Positive
Positive,Positive,Positive,Positive,Negative,Positive,Positive,Positive,Positive,Positive,Positive,Positive,Positive,Positive
Positive,Positive,Positive,Positive,Positive,Positive,Positive,Positive,Positive,Positive,Positive,Positive,Positive,Positive
Negative,Positive,Negative,Positive,Negative,Positive,Negative,Positive,Positive,Positive,Positive,Positive,Positive,Positive
Positive,Positive,Positive,Positive,Positive,Positive,Positive,Positive,Positive,Positive,Positive,Positive,Positive,Positive
Negative,Negative,Negative,Negative,Negative,Negative,Negative,Positive,Negative,Negative,Negative,Negative,Negative,Negative
Positive,Positive,Negative,Positive,Positive,Positive,Positive,Positive,Negative,Positive,Positive,Positive,Positive,Positive
Positive,Positive,Positive,Positive,Positive,Positive,Positive,Positive,Positive,Positive,Positive,Positive,Positive,Positive
Positive,Positive,Positive,Positive,Positive,Positive,Positive,Positive,Positive,Positive,Positive,Positive,Positive,Positive
Positive,Positive,Positive,Positive,Positive,Positive,Positive,Positive,Positive,Positive,Positive,Positive,Positive,Positive
Negative,Negative,Negative,Negative,Negative,Negative,Negative,Positive,Negative,Negative,Negative,Negative,Negative,Negative
Negative,Negative,Negative,Negative,Negative,Negative,Negative,Positive,Negative,Negative,Negative,Negative,Negative,Negative
Positive,Negative,Negative,Negative,Negative,Positive,Negative,Positive,Positive,Negative,Negative,Negative,Negative,Negative
Positive,Negative,Negative,Negative,Negative,Positive,Negative,Positive,Positive,Positive,Positive,Positive,Positive,Positive
Positive,Positive,Positive,Positive,Positive,Positive,Positive,Positive,Positive,Positive,Positive,Positive,Positive,Positive
Positive,Positive,Positive,Positive,Positive,Positive,Negative,Positive,Negative,Negative,Positive,Negative,Positive,Negative
Positive,Positive,Positive,Positive,Positive,Positive,Positive,Positive,Positive,Positive,Positive,Positive,Positive,Positive
Positive,Positive,Positive,Positive,Negative,Negative,Negative,Positive,Positive,Positive,Positive,Positive,Positive,Positive
Positive,Positive,Positive,Positive,Positive,Positive,Negative,Positive,Positive,Positive,Positive,Positive,Positive,Positive
Negative,Positive,Positive,Positive,Positive,Positive,Positive,Positive,Positive,Positive,Positive,Positive,Positive,Positive
Positive,Positive,Negative,Negative,Negative,Negative,Negative,Positive,Negative,Negative,Positive,Negative,Positive,Negative
Positive,Positive,Positive,Positive,Positive,Positive,Positive,Positive,Positive,Positive,Positive,Positive,Positive,Positive
Positive,Positive,Positive,Positive,Positive,Positive,Positive,Positive,Positive,Positive,Positive,Positive,Positive,Positive
Positive,Positive,Positive,Positive,Positive,Positive,Positive,Positive,Positive,Positive,Positive,Positive,Positive,Positive
Negative,Negative,Negative,Negative,Negative,Negative,Negative,Positive,Negative,Negative,Negative,Negative,Negative,Negative
Positive,Negative,Negative,Negative,Negative,Negative,Negative,Positive,Negative,Negative,Negative,Negative,Negative,Negative
Positive,Positive,Positive,Positive,Positive,Positive,Positive,Positive,Positive,Positive,Positive,Positive,Positive,Positive
Negative,Negative,Negative,Negative,Negative,Negative,Negative,Positive,Negative,Negative,Negative,Negative,Negative,Negative
Negative,Positive,Positive,Positive,Positive,Positive,Positive,Positive,Positive,Negative,Negative,Negative,Negative,Negative
Positive,Positive,Positive,Positive,Positive,Positive,Positive,Positive,Positive,Positive,Positive,Positive,Positive,Positive
Positive,Positive,Positive,Positive,Negative,Positive,Positive,Positive,Positive,Positive,Positive,Positive,Positive,Positive
Negative,Negative,Negative,Negative,Negative,Negative,Negative,Positive,Positive,Positive,Positive,Positive,Positive,Positive
Positive,Positive,Positive,Positive,Positive,Positive,Positive,Positive,Positive,Positive,Positive,Positive,Positive,Positive
Positive,Positive,Positive,Positive,Positive,Positive,Positive,Positive,Positive,Positive,Positive,Positive,Positive,Positive
Positive,Negative,Negative,Negative,Negative,Negative,Negative,Positive,Negative,Negative,Negative,Negative,Negative,Negative
Negative,Positive,Positive,Positive,Positive,Positive,Positive,Positive,Positive,Positive,Positive,Positive,Positive,Positive
Positive,Positive,Positive,Positive,Positive,Positive,Positive,Positive,Positive,Positive,Positive,Positive,Positive,Positive
Positive,Positive,Positive,Positive,Positive,Positive,Negative,Positive,Positive,Positive,Positive,Positive,Positive,Positive
Positive,Negative,Negative,Negative,Negative,Negative,Negative,Positive,Positive,Negative,Negative,Negative,Negative,Negative
Negative,Negative,Negative,Negative,Negative,Negative,Negative,Positive,Positive,Positive,Positive,Positive,Positive,Positive
Positive,Positive,Negative,Negative,Negative,Positive,Positive,Positive,Positive,Positive,Negative,Positive,Negative,Positive
Positive,Negative,Positive,Positive,Positive,Positive,Positive,Positive,Positive,Positive,Positive,Positive,Positive,Positive
Negative,Negative,Negative,Negative,Negative,Negative,Negative,Positive,Negative,Negative,Negative,Negative,Negative,Negative
Negative,Negative,Negative,Negative,Negative,Negative,Negative,Positive,Negative,Negative,Negative,Negative,Negative,Negative
Negative,Positive,Positive,Positive,Positive,Positive,Positive,Positive,Positive,Positive,Positive,Positive,Positive,Positive
Negative,Negative,Negative,Negative,Negative,Negative,Negative,Positive,Negative,Negative,Positive,Negative,Positive,Negative
Negative,Positive,Negative,Negative,Negative,Negative,Negative,Positive,Positive,Positive,Positive,Positive,Positive,Positive
Positive,Positive,Positive,Positive,Positive,Positive,Positive,Positive,Positive,Negative,Positive,Negative,Positive,Positive
Negative,Negative,Negative,Positive,Negative,Positive,Negative,Positive,Positive,Negative,Negative,Negative,Negative,Negative
Negative,Negative,Negative,Negative,Negative,Negative,Negative,Positive,Positive,Negative,Negative,Negative,Positive,Negative
Positive,Positive,Positive,Positive,Positive,Positive,Positive,Positive,Positive,Positive,Positive,Positive,Positive,Positive
Positive,Positive,Positive,Positive,Positive,Positive,Positive,Positive,Positive,Negative,Positive,Negative,Positive,Positive
Positive,Negative,Negative,Negative,Negative,Negative,Negative,Positive,Positive,Positive,Positive,Positive,Positive,Positive
Positive,Positive,Positive,Positive,Positive,Positive,Positive,Positive,Positive,Positive,Positive,Positive,Positive,Positive
Positive,Negative,Positive,Positive,Positive,Positive,Positive,Positive,Positive,Positive,Positive,Positive,Positive,Positive
Positive,Positive,Positive,Positive,Positive,Positive,Positive,Positive,Positive,Positive,Positive,Positive,Positive,Positive
Positive,Positive,Positive,Positive,Positive,Positive,Positive,Positive,Positive,Positive,Positive,Positive,Positive,Positive
Negative,Positive,Positive,Positive,Negative,Negative,Negative,Positive,Positive,Negative,Negative,Negative,Negative,Negative
Positive,Positive,Positive,Positive,Positive,Positive,Positive,Positive,Positive,Positive,Positive,Positive,Positive,Positive
Positive,Positive,Positive,Positive,Positive,Positive,Positive,Positive,Positive,Positive,Positive,Positive,Positive,Positive
Positive,Negative,Negative,Negative,Negative,Negative,Negative,Positive,Positive,Negative,Negative,Negative,Negative,Negative
Negative,Negative,Negative,Negative,Negative,Negative,Negative,Positive,Negative,Negative,Negative,Negative,Negative,Negative
Positive,Positive,Positive,Positive,Positive,Positive,Positive,Positive,Positive,Positive,Positive,Positive,Positive,Positive
Positive,Positive,Positive,Negative,Negative,Negative,Negative,Positive,Positive,Negative,Negative,Negative,Negative,Negative
Positive,Negative,Positive,Positive,Positive,Positive,Positive,Positive,Positive,Positive,Positive,Positive,Positive,Positive
Positive,Negative,Negative,Negative,Negative,Negative,Negative,Positive,Negative,Negative,Negative,Negative,Negative,Negative
Positive,Negative,Negative,Negative,Negative,Negative,Negative,Positive,Positive,Negative,Negative,Positive,Negative,Negative
Negative,Positive,Positive,Positive,Positive,Positive,Positive,Positive,Positive,Positive,Positive,Positive,Positive,Positive
Positive,Positive,Positive,Positive,Positive,Positive,Positive,Positive,Positive,Positive,Positive,Positive,Positive,Positive
Positive,Positive,Positive,Positive,Positive,Positive,Positive,Positive,Positive,Positive,Positive,Positive,Positive,Positive
Negative,Negative,Negative,Negative,Negative,Negative,Negative,Positive,Positive,Positive,Negative,Positive,Negative,Positive
Positive,Positive,Positive,Negative,Negative,Negative,Negative,Positive,Positive,Positive,Positive,Positive,Positive,Positive
Positive,Positive,Positive,Negative,Negative,Negative,Negative,Positive,Positive,Positive,Positive,Positive,Positive,Positive
Negative,Negative,Negative,Negative,Negative,Negative,Negative,Positive,Negative,Negative,Negative,Negative,Negative,Negative
Positive,Positive,Positive,Positive,Positive,Positive,Positive,Positive,Positive,Positive,Positive,Positive,Positive,Positive
Positive,Positive,Positive,Positive,Positive,Positive,Positive,Positive,Positive,Positive,Positive,Positive,Positive,Positive
Positive,Positive,Positive,Positive,Positive,Positive,Positive,Positive,Positive,Positive,Positive,Positive,Positive,Positive
Negative,Negative,Negative,Negative,Negative,Negative,Negative,Positive,Positive,Negative,Negative,Negative,Negative,Negative
Positive,Positive,Positive,Positive,Positive,Positive,Positive,Positive,Positive,Positive,Positive,Positive,Positive,Positive
Positive,Positive,Positive,Positive,Positive,Positive,Positive,Positive,Positive,Positive,Positive,Positive,Positive,Positive
Positive,Positive,Positive,Positive,Positive,Positive,Positive,Positive,Positive,Positive,Positive,Positive,Positive,Positive
Negative,Positive,Positive,Positive,Positive,Positive,Positive,Positive,Positive,Positive,Negative,Positive,Negative,Positive
Negative,Positive,Positive,Positive,Positive,Positive,Positive,Positive,Negative,Negative,Negative,Negative,Negative,Negative
Negative,Positive,Positive,Positive,Positive,Positive,Positive,Positive,Positive,Negative,Negative,Negative,Positive,Negative
Positive,Positive,Positive,Positive,Positive,Positive,Positive,Positive,Positive,Positive,Positive,Positive,Positive,Positive
Positive,Positive,Positive,Positive,Positive,Positive,Positive,Positive,Positive,Positive,Positive,Positive,Positive,Positive
Positive,Positive,Positive,Positive,Positive,Positive,Positive,Positive,Positive,Negative,Negative,Negative,Negative,Negative
Negative,Positive,Positive,Positive,Positive,Positive,Positive,Positive,Positive,Negative,Negative,Negative,Negative,Negative
Negative,Positive,Positive,Positive,Positive,Positive,Positive,Positive,Positive,Negative,Negative,Negative,Negative,Negative
Negative,Negative,Negative,Negative,Negative,Negative,Negative,Positive,Positive,Positive,Positive,Positive,Positive,Positive
Positive,Positive,Positive,Positive,Positive,Positive,Positive,Positive,Positive,Positive,Positive,Positive,Positive,Positive
Positive,Negative,Positive,Positive,Negative,Positive,Positive,Positive,Positive,Negative,Negative,Negative,Negative,Negative
Negative,Positive,Positive,Positive,Positive,Positive,Negative,Positive,Positive,Negative,Negative,Negative,Negative,Negative
Positive,Positive,Negative,Positive,Positive,Positive,Positive,Positive,Positive,Positive,Positive,Positive,Positive,Positive
Positive,Positive,Positive,Positive,Positive,Positive,Positive,Positive,Positive,Positive,Positive,Positive,Positive,Positive
Positive,Positive,Positive,Positive,Positive,Positive,Positive,Positive,Positive,Positive,Positive,Positive,Positive,Positive
Positive,Positive,Positive,Negative,Negative,Negative,Negative,Positive,Positive,Positive,Positive,Positive,Positive,Positive
Positive,Positive,Positive,Positive,Positive,Positive,Positive,Positive,Positive,Positive,Positive,Positive,Positive,Positive
Negative,Negative,Negative,Negative,Negative,Negative,Negative,Positive,Negative,Negative,Negative,Negative,Negative,Negative
Negative,Positive,Positive,Positive,Positive,Positive,Positive,Positive,Positive,Negative,Negative,Negative,Negative,Negative
Positive,Positive,Positive,Positive,Positive,Positive,Positive,Positive,Positive,Positive,Positive,Positive,Positive,Positive
Positive,Negative,Negative,Negative,Negative,Negative,Negative,Positive,Positive,Positive,Positive,Positive,Positive,Positive
Positive,Positive,Positive,Positive,Positive,Positive,Positive,Positive,Positive,Positive,Positive,Positive,Positive,Positive
Positive,Positive,Positive,Positive,Positive,Positive,Positive,Positive,Positive,Positive,Positive,Positive,Positive,Positive
Positive,Positive,Positive,Positive,Negative,Positive,Positive,Positive,Positive,Positive,Positive,Positive,Positive,Positive
Positive,Negative,Positive,Positive,Positive,Positive,Positive,Positive,Positive,Negative,Negative,Negative,Negative,Negative
Negative,Negative,Negative,Negative,Negative,Negative,Negative,Positive,Negative,Negative,Negative,Negative,Negative,Negative
Negative,Negative,Negative,Negative,Negative,Negative,Negative,Positive,Negative,Negative,Negative,Negative,Negative,Negative
Negative,Positive,Positive,Positive,Positive,Positive,Positive,Positive,Positive,Positive,Positive,Positive,Positive,Positive
Positive,Positive,Positive,Positive,Positive,Positive,Positive,Positive,Positive,Positive,Positive,Positive,Positive,Positive
Positive,Negative,Negative,Negative,Negative,Negative,Negative,Positive,Positive,Positive,Negative,Positive,Negative,Positive
Positive,Negative,Positive,Positive,Positive,Positive,Positive,Positive,Positive,Negative,Negative,Negative,Negative,Negative
Positive,Negative,Negative,Negative,Negative,Negative,Negative,Positive,Positive,Positive,Positive,Positive,Positive,Positive
Positive,Negative,Positive,Positive,Positive,Positive,Positive,Positive,Positive,Positive,Positive,Positive,Positive,Positive
Positive,Positive,Positive,Positive,Positive,Positive,Positive,Positive,Positive,Positive,Positive,Positive,Positive,Positive
Positive,Positive,Positive,Positive,Positive,Positive,Positive,Positive,Positive,Positive,Positive,Positive,Positive,Positive
Positive,Negative,Negative,Positive,Positive,Positive,Positive,Positive,Positive,Positive,Positive,Positive,Positive,Positive
Negative,Negative,Negative,Negative,Negative,Negative,Negative,Positive,Negative,Negative,Negative,Negative,Negative,Negative
Negative,Negative,Negative,Negative,Negative,Negative,Negative,Positive,Negative,Negative,Negative,Negative,Negative,Negative
Negative,Negative,Positive,Positive,Positive,Positive,Positive,Positive,Positive,Negative,Negative,Negative,Negative,Negative
Negative,Positive,Positive,Positive,Positive,Positive,Positive,Positive,Positive,Negative,Negative,Negative,Negative,Negative
Positive,Negative,Positive,Positive,Positive,Positive,Positive,Positive,Positive,Positive,Positive,Positive,Positive,Positive
Positive,Positive,Positive,Negative,Negative,Negative,Negative,Positive,Positive,Positive,Negative,Positive,Negative,Positive
Positive,Negative,Negative,Negative,Negative,Negative,Negative,Positive,Positive,Negative,Negative,Negative,Negative,Negative
Positive,Positive,Positive,Positive,Positive,Positive,Positive,Positive,Positive,Positive,Positive,Positive,Positive,Positive
Negative,Negative,Negative,Negative,Negative,Negative,Negative,Positive,Negative,Negative,Positive,Negative,Positive,Negative
Negative,Negative,Negative,Negative,Negative,Negative,Negative,Positive,Positive,Negative,Positive,Negative,Negative,Negative
Positive,Positive,Positive,Positive,Positive,Positive,Positive,Positive,Positive,Positive,Positive,Positive,Positive,Positive
Negative,Negative,Negative,Positive,Positive,Positive,Positive,Positive,Positive,Negative,Negative,Negative,Negative,Negative
Negative,Negative,Negative,Negative,Negative,Negative,Negative,Positive,Positive,Positive,Positive,Positive,Positive,Positive
Negative,Positive,Positive,Negative,Negative,Negative,Negative,Positive,Negative,Negative,Negative,Negative,Negative,Negative
Positive,Negative,Negative,Negative,Negative,Negative,Negative,Positive,Positive,Positive,Positive,Positive,Positive,Positive
Positive,Positive,Positive,Positive,Positive,Positive,Positive,Positive,Positive,Positive,Positive,Positive,Positive,Positive
Positive,Negative,Positive,Positive,Negative,Negative,Negative,Positive,Negative,Negative,Positive,Negative,Positive,Negative
Negative,Negative,Negative,Positive,Negative,Negative,Negative,Positive,Negative,Negative,Negative,Negative,Negative,Negative
Positive,Negative,Negative,Negative,Negative,Positive,Negative,Positive,Positive,Negative,Negative,Negative,Negative,Negative
Positive,Positive,Negative,Negative,Negative,Negative,Negative,Positive,Positive,Positive,Positive,Positive,Positive,Positive
Negative,Negative,Negative,Negative,Negative,Negative,Negative,Positive,Negative,Negative,Negative,Negative,Negative,Negative
Positive,Negative,Negative,Negative,Negative,Negative,Negative,Positive,Positive,Negative,Negative,Negative,Negative,Negative
Positive,Positive,Positive,Positive,Positive,Positive,Positive,Positive,Positive,Positive,Positive,Positive,Positive,Positive
Positive,Positive,Positive,Positive,Positive,Positive,Positive,Positive,Positive,Positive,Positive,Positive,Positive,Positive
Positive,Positive,Positive,Positive,Positive,Positive,Positive,Positive,Positive,Positive,Positive,Positive,Positive,Positive
Negative,Positive,Negative,Positive,Negative,Positive,Positive,Positive,Negative,Negative,Negative,Negative,Negative,Negative
Positive,Positive,Negative,Positive,Negative,Negative,Negative,Positive,Positive,Positive,Positive,Positive,Positive,Positive
Negative,Negative,Negative,Negative,Negative,Negative,Negative,Positive,Positive,Negative,Negative,Negative,Negative,Negative
Positive,Positive,Positive,Positive,Positive,Positive,Positive,Positive,Positive,Positive,Positive,Positive,Positive,Positive
Negative,Negative,Negative,Negative,Negative,Negative,Negative,Positive,Negative,Negative,Negative,Negative,Negative,Negative
Positive,Negative,Negative,Negative,Negative,Negative,Negative,Positive,Positive,Positive,Positive,Positive,Positive,Positive
Positive,Negative,Negative,Negative,Negative,Negative,Negative,Positive,Positive,Negative,Negative,Negative,Negative,Negative
Positive,Positive,Positive,Positive,Positive,Positive,Positive,Positive,Positive,Positive,Positive,Positive,Positive,Positive
Negative,Negative,Negative,Negative,Negative,Negative,Negative,Positive,Negative,Negative,Negative,Negative,Negative,Negative
Negative,Positive,Positive,Negative,Negative,Negative,Negative,Positive,Negative,Positive,Positive,Positive,Positive,Positive
Positive,Positive,Positive,Positive,Positive,Positive,Positive,Positive,Positive,Positive,Positive,Positive,Positive,Positive
Positive,Positive,Negative,Negative,Negative,Negative,Negative,Positive,Positive,Positive,Positive,Positive,Positive,Positive
Negative,Positive,Positive,Positive,Positive,Positive,Positive,Positive,Positive,Negative,Positive,Negative,Positive,Positive
Negative,Negative,Negative,Negative,Negative,Negative,Negative,Positive,Negative,Negative,Negative,Negative,Negative,Negative
Positive,Positive,Positive,Positive,Positive,Positive,Positive,Positive,Positive,Positive,Positive,Positive,Positive,Positive
Positive,Positive,Positive,Positive,Positive,Positive,Positive,Positive,Positive,Positive,Negative,Positive,Negative,Positive
Positive,Positive,Positive,Positive,Positive,Positive,Positive,Positive,Positive,Positive,Positive,Positive,Positive,Positive
Positive,Positive,Positive,Positive,Positive,Positive,Positive,Positive,Positive,Positive,Positive,Positive,Positive,Positive
Negative,Positive,Positive,Positive,Positive,Positive,Negative,Positive,Positive,Negative,Negative,Negative,Negative,Negative
Negative,Negative,Negative,Negative,Negative,Negative,Negative,Positive,Negative,Negative,Negative,Negative,Negative,Negative
Positive,Negative,Negative,Positive,Positive,Positive,Positive,Positive,Positive,Negative,Negative,Negative,Negative,Negative
Negative,Positive,Positive,Positive,Positive,Positive,Positive,Positive,Positive,Positive,Positive,Positive,Positive,Positive
Negative,Negative,Positive,Positive,Negative,Positive,Positive,Positive,Positive,Negative,Negative,Negative,Negative,Negative
Positive,Positive,Positive,Positive,Positive,Positive,Positive,Positive,Positive,Positive,Positive,Positive,Positive,Positive
Positive,Positive,Positive,Positive,Positive,Positive,Positive,Positive,Positive,Positive,Positive,Positive,Positive,Positive
Positive,Positive,Positive,Positive,Positive,Positive,Positive,Positive,Positive,Positive,Positive,Positive,Positive,Positive
Negative,Negative,Negative,Positive,Negative,Negative,Negative,Positive,Negative,Negative,Negative,Negative,Negative,Negative
Positive,Positive,Positive,Positive,Positive,Positive,Positive,Positive,Positive,Positive,Positive,Positive,Negative,Positive
Positive,Positive,Positive,Positive,Positive,Positive,Positive,Positive,Positive,Positive,Positive,Positive,Positive,Positive
Negative,Positive,Positive,Positive,Positive,Positive,Positive,Positive,Positive,Negative,Negative,Negative,Negative,Negative
Positive,Positive,Positive,Positive,Positive,Positive,Positive,Positive,Positive,Positive,Positive,Positive,Positive,Positive
Negative,Positive,Negative,Negative,Negative,Negative,Negative,Positive,Negative,Negative,Positive,Negative,Positive,Negative
Positive,Positive,Positive,Positive,Positive,Positive,Positive,Positive,Positive,Negative,Positive,Negative,Positive,Positive
Negative,Negative,Negative,Negative,Negative,Positive,Positive,Positive,Positive,Negative,Negative,Negative,Negative,Negative
Positive,Positive,Positive,Positive,Positive,Positive,Positive,Positive,Positive,Positive,Positive,Positive,Positive,Positive
Positive,Positive,Positive,Positive,Positive,Positive,Positive,Positive,Positive,Positive,Positive,Positive,Positive,Positive
Positive,Positive,Positive,Positive,Positive,Positive,Positive,Positive,Positive,Positive,Positive,Positive,Positive,Positive
Positive,Positive,Positive,Positive,Positive,Positive,Positive,Positive,Positive,Positive,Positive,Positive,Positive,Positive
Negative,Negative,Negative,Negative,Negative,Negative,Negative,Positive,Negative,Negative,Negative,Negative,Negative,Negative
Negative,Negative,Negative,Negative,Negative,Positive,Negative,Positive,Positive,Positive,Negative,Positive,Negative,Positive
Negative,Negative,Negative,Negative,Negative,Negative,Negative,Positive,Negative,Positive,Positive,Positive,Positive,Positive
Positive,Positive,Positive,Positive,Positive,Positive,Positive,Positive,Positive,Negative,Negative,Negative,Negative,Negative
Negative,Positive,Positive,Positive,Positive,Positive,Positive,Positive,Positive,Positive,Positive,Positive,Positive,Positive
Negative,Negative,Negative,Negative,Negative,Negative,Negative,Positive,Negative,Negative,Negative,Negative,Negative,Negative
Positive,Positive,Positive,Positive,Positive,Positive,Positive,Positive,Positive,Positive,Positive,Positive,Positive,Positive
Positive,Negative,Negative,Positive,Positive,Positive,Positive,Positive,Positive,Positive,Negative,Positive,Negative,Positive
Negative,Positive,Positive,Positive,Positive,Positive,Positive,Positive,Positive,Positive,Positive,Positive,Positive,Positive
Positive,Positive,Positive,Positive,Positive,Positive,Positive,Positive,Positive,Positive,Positive,Positive,Positive,Positive
Negative,Positive,Positive,Positive,Positive,Positive,Positive,Positive,Positive,Positive,Positive,Positive,Positive,Positive
Positive,Positive,Positive,Positive,Positive,Positive,Positive,Positive,Positive,Positive,Positive,Positive,Positive,Positive
Positive,Positive,Positive,Positive,Positive,Positive,Positive,Positive,Positive,Positive,Positive,Positive,Positive,Positive
Positive,Positive,Positive,Positive,Positive,Positive,Positive,Positive,Positive,Positive,Positive,Positive,Positive,Positive
Positive,Negative,Negative,Negative,Negative,Negative,Negative,Positive,Positive,Positive,Positive,Positive,Negative,Positive
Positive,Positive,Positive,Positive,Positive,Positive,Positive,Positive,Positive,Positive,Negative,Positive,Negative,Positive
Positive,Positive,Positive,Positive,Positive,Positive,Positive,Positive,Positive,Positive,Positive,Positive,Positive,Positive
Negative,Positive,Positive,Positive,Positive,Positive,Positive,Positive,Positive,Negative,Negative,Negative,Negative,Negative
Positive,Positive,Positive,Positive,Positive,Positive,Positive,Positive,Positive,Negative,Negative,Negative,Negative,Negative
Negative,Negative,Negative,Negative,Negative,Positive,Negative,Positive,Positive,Negative,Negative,Negative,Negative,Negative
Negative,Negative,Negative,Negative,Negative,Negative,Negative,Positive,Negative,Negative,Negative,Negative,Negative,Negative
Negative,Negative,Negative,Negative,Negative,Negative,Negative,Positive,Negative,Negative,Negative,Negative,Negative,Negative
Negative,Positive,Negative,Negative,Negative,Negative,Negative,Positive,Negative,Negative,Negative,Negative,Negative,Negative
Negative,Positive,Positive,Positive,Positive,Positive,Positive,Positive,Positive,Positive,Positive,Positive,Positive,Positive
Positive,Positive,Positive,Positive,Positive,Positive,Positive,Positive,Positive,Positive,Positive,Positive,Positive,Positive
Negative,Positive,Positive,Positive,Negative,Positive,Positive,Positive,Positive,Positive,Positive,Positive,Positive,Positive
Negative,Negative,Negative,Negative,Negative,Negative,Negative,Positive,Negative,Negative,Negative,Negative,Negative,Negative
Negative,Negative,Negative,Negative,Negative,Negative,Negative,Positive,Negative,Negative,Negative,Negative,Negative,Negative
Negative,Negative,Negative,Negative,Negative,Negative,Negative,Positive,Negative,Negative,Negative,Negative,Negative,Negative
Negative,Negative,Negative,Negative,Negative,Negative,Negative,Positive,Negative,Negative,Negative,Negative,Negative,Negative
Negative,Negative,Negative,Negative,Negative,Negative,Negative,Positive,Negative,Negative,Negative,Negative,Negative,Negative
Positive,Positive,Positive,Positive,Positive,Positive,Positive,Positive,Positive,Positive,Positive,Positive,Positive,Positive
Positive,Positive,Positive,Positive,Positive,Positive,Positive,Positive,Positive,Positive,Positive,Positive,Positive,Positive
Positive,Positive,Positive,Positive,Positive,Positive,Positive,Positive,Positive,Positive,Positive,Positive,Positive,Positive
Negative,Positive,Positive,Positive,Negative,Negative,Negative,Positive,Positive,Positive,Positive,Positive,Positive,Positive
Positive,Positive,Positive,Positive,Positive,Positive,Positive,Positive,Positive,Positive,Positive,Positive,Positive,Positive
Negative,Positive,Negative,Negative,Negative,Positive,Positive,Positive,Positive,Positive,Positive,Positive,Positive,Positive
Negative,Positive,Positive,Positive,Negative,Negative,Negative,Positive,Positive,Negative,Negative,Negative,Negative,Negative
Positive,Positive,Positive,Positive,Positive,Positive,Positive,Positive,Positive,Negative,Negative,Negative,Negative,Negative
Negative,Positive,Positive,Positive,Positive,Positive,Positive,Positive,Positive,Positive,Positive,Positive,Positive,Positive
Negative,Negative,Negative,Negative,Negative,Negative,Negative,Positive,Negative,Negative,Negative,Negative,Negative,Negative
Positive,Positive,Positive,Positive,Positive,Positive,Positive,Positive,Positive,Positive,Positive,Positive,Positive,Positive
Negative,Negative,Negative,Negative,Negative,Positive,Positive,Positive,Positive,Negative,Negative,Negative,Negative,Negative
Negative,Positive,Negative,Negative,Negative,Negative,Negative,Positive,Positive,Positive,Negative,Positive,Negative,Positive
Negative,Negative,Negative,Negative,Negative,Negative,Negative,Positive,Negative,Negative,Negative,Negative,Negative,Negative
Positive,Positive,Positive,Positive,Positive,Positive,Positive,Positive,Positive,Positive,Positive,Positive,Positive,Positive
Positive,Negative,Negative,Negative,Negative,Positive,Negative,Positive,Positive,Positive,Positive,Negative,Positive,Positive
Negative,Positive,Positive,Positive,Negative,Positive,Negative,Positive,Negative,Negative,Negative,Negative,Negative,Negative
Negative,Negative,Positive,Positive,Positive,Positive,Positive,Positive,Positive,Negative,Negative,Negative,Negative,Negative
Positive,Negative,Negative,Negative,Negative,Negative,Negative,Positive,Negative,Negative,Negative,Negative,Negative,Negative
Positive,Positive,Positive,Positive,Positive,Positive,Negative,Positive,Positive,Negative,Negative,Negative,Negative,Negative
Negative,Positive,Positive,Positive,Positive,Positive,Negative,Positive,Positive,Negative,Negative,Negative,Negative,Negative
Positive,Positive,Positive,Positive,Positive,Positive,Positive,Positive,Positive,Positive,Positive,Positive,Positive,Positive
Positive,Negative,Negative,Negative,Negative,Negative,Negative,Positive,Positive,Negative,Negative,Negative,Negative,Negative
Positive,Positive,Positive,Positive,Positive,Positive,Positive,Positive,Positive,Positive,Positive,Positive,Positive,Positive
Negative,Negative,Negative,Positive,Positive,Positive,Positive,Positive,Positive,Negative,Negative,Negative,Negative,Negative
Negative,Negative,Negative,Negative,Negative,Negative,Negative,Positive,Positive,Negative,Negative,Negative,Negative,Negative
Negative,Positive,Positive,Positive,Positive,Positive,Positive,Positive,Positive,Positive,Positive,Positive,Positive,Positive
Negative,Negative,Negative,Negative,Negative,Negative,Negative,Positive,Negative,Negative,Negative,Negative,Negative,Negative
Positive,Positive,Positive,Positive,Positive,Positive,Positive,Positive,Positive,Positive,Positive,Positive,Positive,Positive
Negative,Positive,Negative,Negative,Negative,Negative,Negative,Positive,Positive,Positive,Positive,Positive,Positive,Positive
Negative,Negative,Negative,Negative,Negative,Negative,Negative,Positive,Negative,Negative,Negative,Negative,Negative,Negative
Positive,Negative,Positive,Positive,Positive,Positive,Negative,Positive,Positive,Positive,Positive,Positive,Positive,Positive
Negative,Positive,Positive,Positive,Positive,Positive,Positive,Positive,Positive,Positive,Positive,Positive,Positive,Positive
Negative,Negative,Negative,Negative,Negative,Negative,Negative,Positive,Negative,Negative,Negative,Negative,Negative,Negative
Positive,Positive,Positive,Positive,Positive,Positive,Positive,Positive,Positive,Positive,Positive,Positive,Positive,Positive
Positive,Negative,Negative,Negative,Negative,Negative,Negative,Positive,Positive,Positive,Positive,Positive,Positive,Positive
Positive,Positive,Positive,Positive,Positive,Positive,Positive,Positive,Positive,Positive,Positive,Positive,Positive,Positive
Positive,Positive,Positive,Positive,Positive,Positive,Positive,Positive,Positive,Positive,Positive,Positive,Positive,Positive
Negative,Negative,Negative,Negative,Negative,Negative,Negative,Positive,Negative,Negative,Negative,Negative,Negative,Negative
Positive,Negative,Negative,Negative,Negative,Negative,Negative,Positive,Positive,Negative,Negative,Negative,Negative,Negative
Negative,Negative,Positive,Positive,Positive,Positive,Positive,Positive,Negative,Negative,Positive,Negative,Positive,Negative
Negative,Negative,Negative,Negative,Negative,Negative,Negative,Positive,Negative,Negative,Negative,Negative,Negative,Negative
Positive,Negative,Negative,Negative,Negative,Negative,Negative,Positive,Negative,Negative,Negative,Negative,Negative,Negative
Positive,Positive,Positive,Positive,Positive,Positive,Positive,Positive,Positive,Positive,Positive,Positive,Positive,Positive
Negative,Negative,Negative,Negative,Negative,Negative,Negative,Positive,Negative,Negative,Negative,Negative,Negative,Negative
Positive,Positive,Positive,Positive,Positive,Positive,Positive,Positive,Positive,Negative,Negative,Negative,Negative,Negative
Positive,Positive,Positive,Positive,Positive,Positive,Positive,Positive,Positive,Negative,Negative,Negative,Negative,Negative
Negative,Positive,Positive,Positive,Positive,Positive,Positive,Positive,Positive,Negative,Negative,Negative,Negative,Negative
Negative,Positive,Positive,Positive,Positive,Positive,Positive,Positive,Positive,Positive,Positive,Positive,Positive,Positive
Positive,Negative,Negative,Negative,Negative,Negative,Negative,Positive,Positive,Positive,Positive,Positive,Positive,Positive
Negative,Negative,Negative,Negative,Negative,Negative,Negative,Positive,Positive,Negative,Positive,Negative,Positive,Positive
Negative,Negative,Negative,Negative,Negative,Negative,Negative,Positive,Negative,Negative,Negative,Negative,Negative,Negative
Negative,Negative,Negative,Negative,Negative,Positive,Positive,Positive,Positive,Positive,Positive,Positive,Positive,Positive
Positive,Negative,Positive,Negative,Negative,Positive,Negative,Positive,Positive,Positive,Positive,Positive,Positive,Positive
Negative,Negative,Negative,Negative,Negative,Negative,Negative,Positive,Negative,Negative,Negative,Negative,Negative,Negative
Positive,Positive,Positive,Positive,Positive,Positive,Positive,Positive,Negative,Positive,Positive,Positive,Positive,Positive
Negative,Negative,Positive,Positive,Positive,Positive,Positive,Positive,Positive,Negative,Negative,Negative,Negative,Negative
Positive,Negative,Negative,Negative,Negative,Negative,Negative,Positive,Positive,Positive,Positive,Positive,Positive,Positive
Positive,Positive,Positive,Positive,Negative,Negative,Negative,Positive,Negative,Negative,Negative,Negative,Negative,Negative
Negative,Positive,Negative,Negative,Negative,Negative,Negative,Positive,Negative,Negative,Negative,Negative,Negative,Negative
Positive,Positive,Positive,Positive,Negative,Positive,Positive,Positive,Positive,Positive,Positive,Positive,Positive,Positive
Positive,Positive,Positive,Positive,Positive,Positive,Negative,Positive,Positive,Positive,Positive,Positive,Positive,Positive
Negative,Positive,Negative,Negative,Negative,Negative,Negative,Positive,Positive,Negative,Negative,Negative,Negative,Negative
Positive,Positive,Positive,Positive,Positive,Positive,Positive,Positive,Positive,Positive,Positive,Positive,Positive,Positive
Positive,Positive,Positive,Positive,Positive,Positive,Positive,Positive,Positive,Positive,Positive,Positive,Positive,Positive
Negative,Negative,Negative,Negative,Negative,Negative,Negative,Positive,Negative,Negative,Positive,Negative,Positive,Negative
Positive,Positive,Positive,Positive,Positive,Positive,Positive,Positive,Positive,Positive,Positive,Positive,Positive,Positive
Negative,Positive,Positive,Positive,Positive,Positive,Positive,Positive,Positive,Negative,Negative,Negative,Positive,Negative
Positive,Positive,Positive,Positive,Positive,Positive,Positive,Positive,Positive,Positive,Positive,Positive,Positive,Positive
Positive,Negative,Negative,Negative,Negative,Negative,Negative,Positive,Negative,Negative,Positive,Negative,Positive,Negative
Positive,Positive,Positive,Positive,Positive,Positive,Negative,Positive,Positive,Positive,Positive,Positive,Positive,Positive
Positive,Positive,Positive,Positive,Positive,Positive,Positive,Positive,Positive,Positive,Positive,Positive,Positive,Positive
Positive,Positive,Positive,Positive,Positive,Positive,Positive,Positive,Positive,Negative,Negative,Negative,Negative,Negative
Positive,Positive,Positive,Positive,Positive,Positive,Positive,Positive,Positive,Positive,Positive,Positive,Positive,Positive
Positive,Negative,Negative,Negative,Negative,Negative,Negative,Positive,Positive,Positive,Negative,Positive,Negative,Positive
Positive,Negative,Negative,Positive,Negative,Negative,Negative,Positive,Positive,Positive,Positive,Positive,Positive,Positive
Positive,Positive,Positive,Positive,Positive,Positive,Positive,Positive,Positive,Positive,Positive,Positive,Positive,Positive
Positive,Positive,Positive,Positive,Positive,Positive,Positive,Positive,Positive,Positive,Positive,Positive,Positive,Positive
Positive,Positive,Positive,Positive,Positive,Positive,Positive,Positive,Positive,Positive,Positive,Positive,Positive,Positive
Positive,Positive,Positive,Positive,Positive,Positive,Positive,Positive,Positive,Positive,Positive,Positive,Positive,Positive
Negative,Negative,Positive,Positive,Positive,Positive,Positive,Positive,Positive,Positive,Positive,Positive,Positive,Positive
Positive,Positive,Positive,Positive,Positive,Positive,Positive,Positive,Positive,Positive,Positive,Positive,Positive,Positive
Positive,Positive,Positive,Positive,Positive,Positive,Positive,Positive,Positive,Positive,Positive,Positive,Positive,Positive
Positive,Negative,Negative,Negative,Negative,Negative,Negative,Positive,Positive,Positive,Positive,Positive,Positive,Positive
Negative,Negative,Negative,Negative,Negative,Negative,Negative,Positive,Negative,Negative,Negative,Negative,Negative,Negative
Negative,Negative,Negative,Negative,Negative,Negative,Negative,Positive,Positive,Negative,Negative,Negative,Negative,Negative
Negative,Negative,Negative,Negative,Negative,Negative,Negative,Positive,Negative,Negative,Negative,Negative,Negative,Negative
Positive,Positive,Positive,Positive,Positive,Positive,Positive,Positive,Positive,Positive,Positive,Positive,Positive,Positive
Negative,Negative,Negative,Negative,Negative,Negative,Negative,Positive,Negative,Negative,Negative,Negative,Negative,Negative
Positive,Positive,Positive,Positive,Positive,Positive,Positive,Positive,Positive,Positive,Positive,Positive,Positive,Positive
Negative,Negative,Negative,Negative,Negative,Negative,Negative,Positive,Negative,Negative,Negative,Positive,Negative,Negative
Positive,Positive,Positive,Positive,Negative,Negative,Negative,Positive,Positive,Positive,Positive,Positive,Positive,Positive
Positive,Positive,Positive,Positive,Positive,Positive,Positive,Positive,Positive,Positive,Positive,Positive,Positive,Positive
Negative,Positive,Positive,Positive,Positive,Positive,Negative,Positive,Positive,Negative,Positive,Negative,Positive,Positive
Positive,Positive,Positive,Positive,Positive,Positive,Positive,Positive,Positive,Positive,Positive,Positive,Positive,Positive
Positive,Positive,Positive,Positive,Positive,Positive,Positive,Positive,Positive,Positive,Positive,Positive,Positive,Positive
Negative,Negative,Negative,Negative,Negative,Negative,Negative,Positive,Positive,Positive,Positive,Positive,Positive,Positive
Positive,Positive,Positive,Positive,Positive,Positive,Positive,Positive,Positive,Positive,Positive,Positive,Positive,Positive
Positive,Positive,Positive,Positive,Positive,Positive,Positive,Positive,Positive,Positive,Positive,Positive,Positive,Positive
Negative,Positive,Positive,Positive,Positive,Positive,Positive,Positive,Positive,Positive,Positive,Positive,Positive,Positive
Positive,Positive,Positive,Positive,Positive,Positive,Positive,Positive,Positive,Positive,Positive,Positive,Positive,Positive
Positive,Positive,Positive,Positive,Positive,Positive,Positive,Positive,Positive,Positive,Positive,Positive,Positive,Positive
Positive,Positive,Positive,Positive,Negative,Positive,Negative,Positive,Positive,Positive,Positive,Positive,Positive,Positive
Negative,Negative,Negative,Negative,Negative,Negative,Negative,Positive,Negative,Negative,Negative,Negative,Negative,Negative
Negative,Negative,Positive,Negative,Negative,Negative,Negative,Positive,Positive,Negative,Negative,Negative,Negative,Negative
Negative,Negative,Negative,Negative,Negative,Negative,Negative,Positive,Negative,Negative,Negative,Negative,Negative,Negative
Negative,Negative,Negative,Negative,Negative,Negative,Negative,Positive,Negative,Negative,Negative,Negative,Negative,Negative
Positive,Positive,Positive,Positive,Positive,Positive,Positive,Positive,Positive,Positive,Positive,Positive,Positive,Positive
Negative,Positive,Positive,Positive,Positive,Positive,Positive,Positive,Positive,Negative,Negative,Negative,Positive,Negative
Positive,Negative,Positive,Positive,Negative,Negative,Negative,Positive,Positive,Positive,Positive,Positive,Positive,Positive
Positive,Negative,Positive,Positive,Positive,Positive,Positive,Positive,Positive,Positive,Positive,Positive,Positive,Positive
Positive,Positive,Positive,Positive,Positive,Positive,Positive,Positive,Positive,Negative,Negative,Negative,Positive,Negative
Positive,Positive,Positive,Positive,Positive,Positive,Positive,Positive,Positive,Positive,Positive,Positive,Positive,Positive
Positive,Negative,Positive,Positive,Positive,Positive,Negative,Positive,Positive,Positive,Negative,Positive,Negative,Positive
Positive,Positive,Negative,Negative,Negative,Positive,Positive,Positive,Positive,Negative,Positive,Negative,Positive,Positive
Negative,Negative,Negative,Negative,Negative,Negative,Negative,Positive,Positive,Positive,Negative,Positive,Negative,Positive
Positive,Positive,Positive,Positive,Positive,Positive,Positive,Positive,Positive,Positive,Positive,Positive,Positive,Positive
Negative,Positive,Positive,Positive,Positive,Positive,Positive,Positive,Positive,Negative,Negative,Negative,Negative,Negative
Positive,Positive,Positive,Positive,Positive,Positive,Positive,Positive,Positive,Positive,Positive,Positive,Positive,Positive
Negative,Positive,Negative,Positive,Negative,Negative,Negative,Positive,Positive,Negative,Negative,Negative,Negative,Negative
Negative,Positive,Positive,Positive,Positive,Positive,Positive,Positive,Positive,Positive,Positive,Positive,Positive,Positive
Positive,Positive,Positive,Positive,Positive,Positive,Negative,Positive,Positive,Negative,Negative,Negative,Negative,Negative
Negative,Positive,Positive,Positive,Negative,Positive,Positive,Positive,Positive,Negative,Negative,Negative,Negative,Negative
Negative,Positive,Positive,Positive,Positive,Positive,Negative,Positive,Negative,Negative,Negative,Negative,Negative,Negative
Positive,Negative,Negative,Negative,Negative,Negative,Negative,Positive,Negative,Negative,Positive,Negative,Negative,Negative
Positive,Positive,Positive,Positive,Positive,Positive,Positive,Positive,Positive,Positive,Positive,Positive,Positive,Positive
Positive,Positive,Positive,Positive,Positive,Positive,Positive,Positive,Positive,Positive,Positive,Positive,Positive,Positive
Positive,Positive,Positive,Positive,Positive,Positive,Positive,Positive,Positive,Positive,Positive,Positive,Positive,Positive
Negative,Negative,Negative,Negative,Negative,Negative,Negative,Positive,Negative,Positive,Positive,Positive,Positive,Positive
Negative,Negative,Negative,Negative,Negative,Negative,Negative,Positive,Negative,Negative,Negative,Negative,Negative,Negative
Positive,Positive,Positive,Positive,Positive,Positive,Positive,Positive,Positive,Positive,Positive,Positive,Positive,Positive
Positive,Positive,Positive,Positive,Negative,Negative,Negative,Positive,Positive,Positive,Positive,Positive,Positive,Positive
Positive,Positive,Positive,Positive,Positive,Positive,Positive,Positive,Positive,Positive,Positive,Positive,Positive,Positive
Negative,Positive,Negative,Negative,Negative,Negative,Negative,Positive,Positive,Positive,Positive,Positive,Positive,Positive
Positive,Positive,Positive,Positive,Positive,Positive,Positive,Positive,Positive,Positive,Positive,Positive,Positive,Positive
Positive,Negative,Negative,Negative,Negative,Negative,Negative,Positive,Positive,Positive,Positive,Positive,Positive,Positive
Negative,Negative,Negative,Negative,Negative,Negative,Negative,Positive,Positive,Negative,Negative,Negative,Negative,Negative
Positive,Negative,Positive,Positive,Positive,Positive,Positive,Positive,Positive,Positive,Positive,Positive,Positive,Positive
Negative,Positive,Positive,Positive,Negative,Positive,Positive,Positive,Positive,Negative,Positive,Negative,Positive,Positive
Negative,Negative,Negative,Negative,Negative,Negative,Negative,Positive,Negative,Negative,Positive,Negative,Negative,Negative
Positive,Positive,Positive,Positive,Positive,Positive,Positive,Positive,Positive,Positive,Positive,Positive,Positive,Positive
Positive,Positive,Positive,Positive,Positive,Positive,Positive,Positive,Positive,Positive,Positive,Positive,Positive,Positive
Positive,Positive,Positive,Positive,Positive,Positive,Positive,Positive,Positive,Positive,Positive,Positive,Positive,Positive
Positive,Positive,Positive,Positive,Positive,Positive,Positive,Positive,Positive,Positive,Positive,Positive,Positive,Positive
Negative,Positive,Positive,Positive,Positive,Positive,Positive,Positive,Positive,Positive,Positive,Positive,Positive,Positive
Negative,Negative,Negative,Negative,Negative,Negative,Negative,Positive,Positive,Negative,Negative,Negative,Negative,Negative
Positive,Positive,Positive,Positive,Positive,Positive,Positive,Positive,Positive,Positive,Positive,Positive,Positive,Positive
Negative,Positive,Positive,Positive,Negative,Negative,Negative,Positive,Positive,Positive,Positive,Positive,Positive,Positive
Positive,Positive,Positive,Positive,Positive,Positive,Positive,Positive,Positive,Positive,Positive,Positive,Positive,Positive
Positive,Negative,Negative,Negative,Negative,Negative,Negative,Positive,Positive,Negative,Positive,Negative,Positive,Positive
Positive,Positive,Positive,Positive,Positive,Positive,Positive,Positive,Positive,Positive,Positive,Positive,Positive,Positive
Positive,Positive,Positive,Positive,Positive,Positive,Positive,Positive,Positive,Positive,Positive,Positive,Positive,Positive
Positive,Positive,Positive,Positive,Positive,Positive,Positive,Positive,Positive,Positive,Positive,Positive,Negative,Positive
Negative,Positive,Positive,Positive,Positive,Positive,Positive,Positive,Positive,Negative,Negative,Negative,Negative,Negative
Negative,Positive,Positive,Positive,Positive,Positive,Positive,Positive,Positive,Positive,Positive,Positive,Positive,Positive
Positive,Negative,Positive,Positive,Positive,Positive,Negative,Positive,Positive,Positive,Positive,Positive,Positive,Positive
Negative,Positive,Positive,Positive,Positive,Positive,Positive,Positive,Positive,Positive,Negative,Positive,Negative,Positive
Negative,Positive,Positive,Positive,Positive,Positive,Positive,Positive,Positive,Negative,Negative,Negative,Negative,Negative
Positive,Positive,Positive,Positive,Positive,Positive,Positive,Positive,Positive,Positive,Positive,Positive,Positive,Positive
Negative,Negative,Negative,Negative,Negative,Negative,Negative,Positive,Positive,Positive,Positive,Positive,Positive,Positive
Negative,Negative,Negative,Negative,Negative,Negative,Negative,Positive,Negative,Negative,Negative,Negative,Negative,Negative
Positive,Negative,Negative,Negative,Negative,Negative,Negative,Positive,Negative,Positive,Positive,Positive,Positive,Positive
Positive,Positive,Positive,Positive,Positive,Positive,Positive,Positive,Positive,Positive,Positive,Positive,Positive,Positive
Negative,Negative,Negative,Negative,Negative,Negative,Negative,Positive,Positive,Negative,Negative,Negative,Negative,Negative
Positive,Positive,Positive,Positive,Negative,Positive,Negative,Positive,Positive,Negative,Positive,Negative,Positive,Positive
Negative,Positive,Positive,Negative,Negative,Negative,Negative,Positive,Positive,Negative,Negative,Negative,Negative,Negative
